device_id,paper_id,device_label,device_class,tags,eo_material,waveguide_platform,integration,electrode_type,drive,vpi_convention,temperature_class,band,wavelength_nm,length_mm,vpi_dc_v,vpi_rf_v,vpi_rf_freq_ghz,vpil_dc_vcm,vpil_rf_vcm,vpi_mzm_pushpull_dc_v,bias_for_vpi_v,drive_vpp_v,vpi_basis,bw3db_ghz,bw3db_reference,bw3db_reference_freq_ghz,bw6db_ghz,bw_measured_to_ghz,eo_rolloff_db,eo_rolloff_freq_ghz,bw_basis,il_onchip_db,il_onchip_includes,il_onchip_excludes,il_fiber_to_fiber_db,prop_loss_db_per_cm,extinction_ratio_db,er_type,optical_input_power_dbm,il_basis,rf_loss_db_per_cm,rf_loss_freq_ghz,z0_ohm,n_rf,ng_opt,optical_power_handling_dbm,eo_film_thickness_nm,etch_depth_nm,rib_width_nm,slab_thickness_nm,sidewall_angle_deg,electrode_gap_um,signal_width_um,electrode_thickness_um,electrode_metal,buffer_oxide_um,substrate,cladding,crystal_cut,waveguide_orientation,epitaxy_or_stack,max_baud_gbd,modulation_format,max_line_rate_gbps,max_net_rate_gbps,energy_per_bit_fj,capacitance_ff,q_loaded,fsr_nm,tuning_nm_per_v,driver,qualifiers,evidence_ref,notes
valdez2022-a,valdez2022,"5 mm hybrid Si/LN MZM, inductively loaded slow-wave electrode, 1550 nm",mzm,hybrid_si_ln;slow_wave;inductive_slot;unetched_ln;high_optical_power;direct_bond,lithium_niobate,lnoi_loaded_si,bonded_heterogeneous,slow_wave,push_pull,mzm_push_pull,,c_band,1550,5,,,,3.1,,,,,measured,110,unspecified,,,110,,,measured,1.8,"two 3 dB MMI couplers, wide-Si transition sections, narrow-Si hybrid section, LN-edge transitions (0.1 dB each assumed), electrode interaction loss (0.4 dB over 5 mm)","fiber-to-chip edge coupling (5.2 dB/facet, lensed fiber 2.5 um nominal MFD)",12.2,,28,static,,derived,,,,2.34,2.32,20.4,600,,,,,9,55,0.75,Au (20 nm Ti adhesion layer),,"SOI: 150 nm Si on 3 um SiO2 on 725 um high-resistivity Si; LN film bonded on top, LNOI handle removed","air above LN and electrodes (Fig. 1(c,d)); CMP SiO2 about 40 nm between Si waveguide and LN",x-cut,,"Si handle / 3 um SiO2 / 150 nm Si strip (275 nm wide in hybrid section, 650 nm in transition) / CMP SiO2 about 40 nm / 600 nm x-cut LN (unetched) / Au electrodes directly on LN",,none (small-signal EO S21 and Vpi characterization only),,,,,,,,,bw3db_ghz:gt;optical_power_handling_dbm:gt,data/evidence/valdez2022.yaml,"Hybrid mode: 2% of power in Si, 84% in LN (Fig. 1(d)); TE, x-cut, unetched LN. VpiL 3.1 V*cm is the average over 0.1-10 MHz of a trapezoid-overdrive measurement (Fig. 4(b), about 3.0-3.15 V*cm); wavelength of that measurement not stated; implied Vpi 6.2 V (3.1/0.5 cm), not entered. Bandwidth: abstract says greater than 110 GHz, body/Fig. 5 caption/Table 1 say measured 3 dB bandwidth of 110 GHz; the 3 dB level is reached at the 110 GHz limit of the stitched OSA/LCA data; response normalized near the lowest plotted frequency (about 1 GHz, reference not stated by the authors); same 110 GHz at 4 mW CW and 110 mW quasi-CW (1 us pulses, 100 us period). Theory (linear model) predicts about 156 GHz. Optical power: 110 mW (20.4 dBm) is the maximum on-chip peak power tested in the feeder waveguide, no EO degradation; edge couplers (not the MZM) were damaged above 150 mW. IL measured at 1 mW low power. ER is the mean of the unmodulated asymmetric-MZI fringes over 50 nm (max 31 dB at 1560 nm), FSR 2.3 nm. Drive and Vpi convention are inferred from the GSG geometry with one arm per 9 um gap (Fig. 1(a), 3(c)); authors do not state them. Z0 42 ohm (9 um gap) is stated without saying whether simulated or measured: not entered. RF index 2.34 at 110 GHz and ng 2.32 are simulated. Propagation loss 0.6 dB/cm (hybrid, cited from earlier work) and 0.8 dB/cm (transition) are in the text but not entered. Total chip 1.7 cm; hybrid region 1.4 cm; electrode 5 mm. Not reported: RF loss, ground electrode width, waveguide lateral position, bias, temperature."
meng2023-a,meng2023,"5 mm O-band MZM, ITO/Au composite electrode, 3 um ITO gap",mzm,tco;ito_composite_electrode;buffer_oxide;rib_ln,lithium_niobate,lnoi_rib,monolithic,tw_gsg,push_pull,mzm_push_pull,,o_band,1310,5,2.04,,,1.02,,,,,measured,108,unspecified,,,110,,,measured,,,,,,1.98,dynamic,,,,,,,2.29,,500,260,2000,240,,3,,1.4,Au (1.4 um); inner ITO electrodes 180 nm,0.1,Si (Fig. 2(a)); BOX thickness not stated,SiO2 (Fig. 2(a)); thickness not stated,x-cut,,,112,OOK 56/80/112 Gb/s; PAM4 112 Gb/s (56 GBd) and 224 Gb/s (112 GBd),224,,,,,,,"SHF S804B driver (22 dB gain), Keysight M8199A 70 GHz AWG",ng_opt:approx,data/evidence/meng2023.yaml,"Vpi 2.04 V from a 100 kHz sawtooth sweep (Fig. 5(a)); VpiL 1.02 V*cm in abstract/Sec. 3.1, 1.024 in Sec. 1/Table 1 (2.04 V x 0.5 cm = 1.02). Measured at 1310 nm (O-band laser; wavelength explicitly given for IL). EO S21 reaches -3 dB at 108 GHz (Sec. 3.2, Fig. 6); the plotted trace ends near 110 GHz; reference frequency not stated and the trace has a +2 dB peak near 5 GHz; the paper also shows a CST-simulated S21. Insertion loss 2.9 dB at 1310 nm is stated as ""measured insertion loss ... with 3-mm [sic, 3-um] TCO gap"" with grating couplers; whether it is on-chip or fiber-to-fiber is not defined, so neither IL field is filled. ER entered is the dynamic eye ER at the highest rate (224 Gb/s PAM4, 1.98 dB); the other eyes give 5.34 (56 Gb/s OOK), 4.15 (80 Gb/s OOK), 2.81 (112 Gb/s OOK), 2.32 (112 Gb/s PAM4) dB, mapped in text order to Fig. 7(a)-(e). Authors attribute the low ER to asymmetric electrode absorption. 224 Gb/s PAM4 BER is below the HD-FEC threshold 3.8e-3 for received power above -13 dBm (Fig. 7(f)). Termination 23 ohm via gold wire. Film thickness 500 nm is ridge 260 nm + slab 240 nm (not stated directly). Au electrode gap 5 um, ITO gap 3 um; ITO n about 1.5 and k 0.0011 at 1310 nm, conductivity 477 S/m measured (400 S/m assumed in simulation). Not reported: signal/ground widths, BOX and cladding thickness, RF loss, Z0, n_rf, optical input power, temperature."
meng2023-b,meng2023,8 mm MZM with ITO/Au composite electrode (eye-diagram comparison device),mzm,tco;ito_composite_electrode;buffer_oxide;rib_ln,lithium_niobate,lnoi_rib,monolithic,tw_gsg,,,,,,8,,,,,,,,,,,,,,,,,,,,,,,6.0,dynamic,,,,,,,,,,,,,,,,,,,,,,,,,OOK 56 Gb/s,56,,,,,,,,,data/evidence/meng2023.yaml,"Only reported metric is the dynamic eye ER at 56 Gb/s OOK under the same drive voltage as the device without TCO (Fig. 8(b)); wavelength, gap and drive amplitude not stated; Sec. 4 rounds the improvement to about 4.7 dB. Geometry assumed to match meng2023-a but the text does not say so."
meng2023-c,meng2023,8 mm reference MZM without TCO (eye-diagram comparison device),mzm,rib_ln;gold_only_electrode,lithium_niobate,lnoi_rib,monolithic,tw_gsg,,,,,,8,,,,,,,,,,,,,,,,,,,,,,,1.3,dynamic,,,,,,,,,,,,,,,,,,,,,,,,,OOK 56 Gb/s,56,,,,,,,,,data/evidence/meng2023.yaml,"Only reported metric is the dynamic eye ER at 56 Gb/s OOK (Fig. 8(a)); electrode gap, wavelength and drive not stated."
renaud2023-3um-532,renaud2023,"1 cm MZM, 3 um gap, 532 nm",mzm,visible_nir;rib_ln;x_cut,lithium_niobate,lnoi_rib,monolithic,tw_gsg,push_pull,mzm_push_pull,,visible_nir,532,10,0.42,,,,,,,,measured,,,,,,,,,,,,,,,,,,,,,,,,300,180,600,120,,3,,0.8,Au (10 nm Ti adhesion layer),,Si with 2 um thermal SiO2 (NanoLN),PECVD SiO2 about 1 um (Fig. 1(c)),x-cut,,,,,,,,,,,,,,data/evidence/renaud2023.yaml,"Vpi measured at 1 MHz with a triangle waveform (Methods p.5). Push-pull GSG CPW electrodes stated (p.2). Electrode signal and ground widths and whether the Au contacts the LN slab or sits on cladding are not stated. Wavelength series on one 1 cm, 3 um gap device (Fig. 2(a)); text value. "
renaud2023-3um-638,renaud2023,"1 cm MZM, 3 um gap, 638 nm",mzm,visible_nir;rib_ln;x_cut,lithium_niobate,lnoi_rib,monolithic,tw_gsg,push_pull,mzm_push_pull,,visible_nir,638,10,0.45,,,,,,,,measured,,,,,,,,,,,,,,,,,,,,,,,,300,180,600,120,,3,,0.8,Au (10 nm Ti adhesion layer),,Si with 2 um thermal SiO2 (NanoLN),PECVD SiO2 about 1 um (Fig. 1(c)),x-cut,,,,,,,,,,,,,,data/evidence/renaud2023.yaml,"Vpi measured at 1 MHz with a triangle waveform (Methods p.5). Push-pull GSG CPW electrodes stated (p.2). Electrode signal and ground widths and whether the Au contacts the LN slab or sits on cladding are not stated. Wavelength series on one 1 cm, 3 um gap device (Fig. 2(a)); text value. "
renaud2023-3um-738,renaud2023,"1 cm MZM, 3 um gap, 738 nm",mzm,visible_nir;rib_ln;x_cut,lithium_niobate,lnoi_rib,monolithic,tw_gsg,push_pull,mzm_push_pull,,visible_nir,738,10,0.55,,,0.55,,,,,measured,35,other,3,,40,,,extracted_from_figure,,,,15,0.7,21,static,,measured,7.99,35,50,2.22,2.38,,300,180,600,120,,3,,0.8,Au (10 nm Ti adhesion layer),,Si with 2 um thermal SiO2 (NanoLN),PECVD SiO2 about 1 um (Fig. 1(c)),x-cut,,,,,,,,,,,,,bw3db_ghz:approx;il_fiber_to_fiber_db:approx;prop_loss_db_per_cm:approx;extinction_ratio_db:approx;rf_loss_db_per_cm:approx;ng_opt:approx;z0_ohm:approx,data/evidence/renaud2023.yaml,"Vpi measured at 1 MHz with a triangle waveform (Methods p.5). Push-pull GSG CPW electrodes stated (p.2). Electrode signal and ground widths and whether the Au contacts the LN slab or sits on cladding are not stated. Wavelength series on one 1 cm, 3 um gap device (Fig. 2(a)); text value. Headline device. 3 dB EO bandwidth about 35 GHz with respect to 3 GHz (Bessel-fit of sideband power, Fig. 2(c)); abstract says in excess of 35 GHz; theory 36 GHz from measured CPW S-parameters; limited by RF loss. Plotted data run to about 40 GHz. Insertion loss: on-chip loss about 0.7 +- 0.2 dB/cm from varied-length 3 um gap devices (supplementary, wavelength not stated in main text); total about 15 dB fiber-to-fiber includes about 7 dB/facet lensed-fiber coupling (wavelength and exact definition not stated). ER about 21 dB (Fig. 2(b) inset, 1 cm, 3 um gap, static transmission sweep). RF loss entered is the derived 1.35 dB/cm/GHz^0.5 x sqrt(35 GHz); RF index 2.22 at 50 GHz and optical group index about 2.38 (VNIR) are simulated; Z0 is a design target (close to 50 ohm). Index mismatch about 0.17. MZM is an unbalanced amplitude modulator with Y-splitters (0.2 dB excess loss each)."
renaud2023-3um-838,renaud2023,"1 cm MZM, 3 um gap, 838 nm",mzm,visible_nir;rib_ln;x_cut,lithium_niobate,lnoi_rib,monolithic,tw_gsg,push_pull,mzm_push_pull,,visible_nir,838,10,0.85,,,,,,,,measured,,,,,,,,,,,,,,,,,,,,,,,,300,180,600,120,,3,,0.8,Au (10 nm Ti adhesion layer),,Si with 2 um thermal SiO2 (NanoLN),PECVD SiO2 about 1 um (Fig. 1(c)),x-cut,,,,,,,,,,,,,,data/evidence/renaud2023.yaml,"Vpi measured at 1 MHz with a triangle waveform (Methods p.5). Push-pull GSG CPW electrodes stated (p.2). Electrode signal and ground widths and whether the Au contacts the LN slab or sits on cladding are not stated. Wavelength series on one 1 cm, 3 um gap device (Fig. 2(a)); text value. "
renaud2023-3um-938,renaud2023,"1 cm MZM, 3 um gap, 938 nm",mzm,visible_nir;rib_ln;x_cut,lithium_niobate,lnoi_rib,monolithic,tw_gsg,push_pull,mzm_push_pull,,visible_nir,938,10,0.8,,,,,,,,extracted_from_figure,,,,,,,,,,,,,,,,,,,,,,,,300,180,600,120,,3,,0.8,Au (10 nm Ti adhesion layer),,Si with 2 um thermal SiO2 (NanoLN),PECVD SiO2 about 1 um (Fig. 1(c)),x-cut,,,,,,,,,,,,,vpi_dc_v:approx,data/evidence/renaud2023.yaml,"Vpi measured at 1 MHz with a triangle waveform (Methods p.5). Push-pull GSG CPW electrodes stated (p.2). Electrode signal and ground widths and whether the Au contacts the LN slab or sits on cladding are not stated. Wavelength series on one 1 cm, 3 um gap device (Fig. 2(a)); no text value; read from plot (y-axis 0.4-0.8 V). "
renaud2023-2p5um-738,renaud2023,"1 cm MZM, 2.5 um gap, 738 nm",mzm,visible_nir;rib_ln;x_cut,lithium_niobate,lnoi_rib,monolithic,tw_gsg,push_pull,mzm_push_pull,,visible_nir,738,10,0.47,,,,,,,,extracted_from_figure,,,,,,,,,,,,,,,,,,,,,,,,300,180,600,120,,2.5,,0.8,Au (10 nm Ti adhesion layer),,Si with 2 um thermal SiO2 (NanoLN),PECVD SiO2 about 1 um (Fig. 1(c)),x-cut,,,,,,,,,,,,,vpi_dc_v:approx,data/evidence/renaud2023.yaml,"Vpi measured at 1 MHz with a triangle waveform (Methods p.5). Push-pull GSG CPW electrodes stated (p.2). Electrode signal and ground widths and whether the Au contacts the LN slab or sits on cladding are not stated. Gap series at 738 nm (Fig. 2(b)); Vpi read from the measured points of the plot (about +-0.02 V), 1 cm so VpiL is numerically equal in V*cm; text states VpiL below 1 V*cm for gaps up to 5 um. "
renaud2023-4um-738,renaud2023,"1 cm MZM, 4 um gap, 738 nm",mzm,visible_nir;rib_ln;x_cut,lithium_niobate,lnoi_rib,monolithic,tw_gsg,push_pull,mzm_push_pull,,visible_nir,738,10,0.79,,,,,,,,extracted_from_figure,,,,,,,,,,,,,,,,,,,,,,,,300,180,600,120,,4,,0.8,Au (10 nm Ti adhesion layer),,Si with 2 um thermal SiO2 (NanoLN),PECVD SiO2 about 1 um (Fig. 1(c)),x-cut,,,,,,,,,,,,,vpi_dc_v:approx,data/evidence/renaud2023.yaml,"Vpi measured at 1 MHz with a triangle waveform (Methods p.5). Push-pull GSG CPW electrodes stated (p.2). Electrode signal and ground widths and whether the Au contacts the LN slab or sits on cladding are not stated. Gap series at 738 nm (Fig. 2(b)); Vpi read from the measured points of the plot (about +-0.02 V), 1 cm so VpiL is numerically equal in V*cm; text states VpiL below 1 V*cm for gaps up to 5 um. "
renaud2023-5um-738,renaud2023,"1 cm MZM, 5 um gap, 738 nm",mzm,visible_nir;rib_ln;x_cut,lithium_niobate,lnoi_rib,monolithic,tw_gsg,push_pull,mzm_push_pull,,visible_nir,738,10,0.93,,,,,,,,extracted_from_figure,,,,,,,,,,,,,,25,static,,,,,,,,,300,180,600,120,,5,,0.8,Au (10 nm Ti adhesion layer),,Si with 2 um thermal SiO2 (NanoLN),PECVD SiO2 about 1 um (Fig. 1(c)),x-cut,,,,,,,,,,,,,vpi_dc_v:approx;extinction_ratio_db:gt,data/evidence/renaud2023.yaml,"Vpi measured at 1 MHz with a triangle waveform (Methods p.5). Push-pull GSG CPW electrodes stated (p.2). Electrode signal and ground widths and whether the Au contacts the LN slab or sits on cladding are not stated. Gap series at 738 nm (Fig. 2(b)); Vpi read from the measured points of the plot (about +-0.02 V), 1 cm so VpiL is numerically equal in V*cm; text states VpiL below 1 V*cm for gaps up to 5 um. ER over 25 dB for 5 um gap devices (p.3 text)."
renaud2023-pm,renaud2023,"1 cm phase modulator, 3 um gap, 737 nm",phase_shifter,visible_nir;rib_ln;x_cut;phase_modulator;eo_comb;spectral_shearing,lithium_niobate,lnoi_rib,monolithic,tw_gsg,single_ended,per_arm_phase_shifter,,visible_nir,737,10,,1,0.1,,,,,,measured,,,,,,,,,,,,,,,,,,,,,,,,,,,,,3,,,,,,,,,,,,,,,,,,,,vpi_rf_v:approx,data/evidence/renaud2023.yaml,"Phase modulator used for the spectral-shearing demonstration (optical pulses at 737 nm, 1 ns, shift +-6.6 GHz, 100 MHz RF tone of about 20 Vpi) and, with the same 3 um gap design, for 30 GHz EO combs with over 50 lines at 638/738/838 nm. Vpi about 1 V at 100 MHz is the only phase-modulator Vpi stated. Drive and Vpi convention for a single phase modulator are assumed, not stated. Cross-section assumed to match the MZMs but not restated for this device, so geometry columns are left empty. Not reported: bandwidth, loss."
valdez2023-cw1,valdez2023,"CW1: C-band wide Si (300 nm), T-rail (L=20 um, t=10 um) SWE, G=7 um, 1 cm",mzm,hybrid_si_ln;slow_wave;unetched_ln;direct_bond;t_rail,lithium_niobate,lnoi_loaded_si,bonded_heterogeneous,slow_wave,push_pull,mzm_push_pull,,c_band,1550,10.0,2.93,,,,,,,,measured,54,1ghz,,,110,,,extracted_from_figure,,,,,,,,9,,9,110,40,,2.38,,580,,,,,7,,0.75,Au,0,HR Si; BOX thickness not stated; CMP SiO2 about 40 nm between Si waveguide and LN,none above LN (Au electrodes patterned directly on LN),,,"HR Si / SiO2 (BOX, thickness not stated) / 150 nm Si strip (300 nm wide in phase shifter) / CMP SiO2 about 40 nm / about 580 nm LN (unetched) / 0.75 um Au electrodes directly on LN",,none (small-signal EO S21 and Vpi characterization only),,,,,,,,,bw3db_ghz:approx;rf_loss_db_per_cm:lt;z0_ohm:approx;eo_film_thickness_nm:approx,data/evidence/valdez2023.yaml,"1.0 cm electrode. Vpi from a 1 kHz cosine-squared fit (Fig. 7); no DC bias used (wavelength tuned to quadrature on an asymmetric MZM). Push-pull stated for the VpiL equation (Eq. 2, p.10). Wavelength is the nominal band (1550/1310 nm); actual laser wavelength at quadrature not stated; optical input power is the laser output, not on-chip. 3 dB bandwidth is read from the Fig. 9(b) bar chart (about +-1 GHz), referenced to 1 GHz, measured to 110 GHz without a clean cutoff; the text instead states groups of devices as greater than 100 GHz (0.54 cm) and greater than 60 GHz (1.0 cm), which several bars contradict. RF loss (less than 9 dB/cm at 110 GHz) and Z0 (about 40 ohm) are text statements covering all eight devices; per-device curves are in Fig. 4 and were not read. VpiL not entered per device (Fig. 9(a) bars only); build derives Vpi x L. Not reported: ER, bias, temperature, signal width, BOX thickness."
valdez2023-cw2,valdez2023,"CW2: C-band wide Si (300 nm), T-rail (L=20 um, t=10 um) SWE, G=7 um, 0.54 cm",mzm,hybrid_si_ln;slow_wave;unetched_ln;direct_bond;t_rail,lithium_niobate,lnoi_loaded_si,bonded_heterogeneous,slow_wave,push_pull,mzm_push_pull,,c_band,1550,5.4,5.59,,,,,,,,measured,79,1ghz,,,110,,,extracted_from_figure,,,,,,,,9,,9,110,40,,2.38,,580,,,,,7,,0.75,Au,0,HR Si; BOX thickness not stated; CMP SiO2 about 40 nm between Si waveguide and LN,none above LN (Au electrodes patterned directly on LN),,,"HR Si / SiO2 (BOX, thickness not stated) / 150 nm Si strip (300 nm wide in phase shifter) / CMP SiO2 about 40 nm / about 580 nm LN (unetched) / 0.75 um Au electrodes directly on LN",,none (small-signal EO S21 and Vpi characterization only),,,,,,,,,bw3db_ghz:approx;rf_loss_db_per_cm:lt;z0_ohm:approx;eo_film_thickness_nm:approx,data/evidence/valdez2023.yaml,"0.54 cm electrode. Vpi from a 1 kHz cosine-squared fit (Fig. 7); no DC bias used (wavelength tuned to quadrature on an asymmetric MZM). Push-pull stated for the VpiL equation (Eq. 2, p.10). Wavelength is the nominal band (1550/1310 nm); actual laser wavelength at quadrature not stated; optical input power is the laser output, not on-chip. 3 dB bandwidth is read from the Fig. 9(b) bar chart (about +-1 GHz), referenced to 1 GHz, measured to 110 GHz without a clean cutoff; the text instead states groups of devices as greater than 100 GHz (0.54 cm) and greater than 60 GHz (1.0 cm), which several bars contradict. RF loss (less than 9 dB/cm at 110 GHz) and Z0 (about 40 ohm) are text statements covering all eight devices; per-device curves are in Fig. 4 and were not read. VpiL not entered per device (Fig. 9(a) bars only); build derives Vpi x L. Not reported: ER, bias, temperature, signal width, BOX thickness."
valdez2023-cn1,valdez2023,"CN1: C-band narrow Si (275 nm), slot (L=t=20 um) SWE, G=8 um, 1 cm",mzm,hybrid_si_ln;slow_wave;unetched_ln;direct_bond;inductive_slot,lithium_niobate,lnoi_loaded_si,bonded_heterogeneous,slow_wave,push_pull,mzm_push_pull,,c_band,1550,10.0,3.11,,,,,,,,measured,69,1ghz,,,110,,,extracted_from_figure,2.1,"phase-shifter section, 3 dB MMI couplers, LN-edge transitions","edge coupling (estimated 4.2 dB/edge, C-band); whether the 1.2 dB wide-Si feeder loss is included is not stated",,1.5,,,9,derived,9,110,40,,2.31,,580,,,,,8,,0.75,Au,0,HR Si; BOX thickness not stated; CMP SiO2 about 40 nm between Si waveguide and LN,none above LN (Au electrodes patterned directly on LN),,,"HR Si / SiO2 (BOX, thickness not stated) / 150 nm Si strip (275 nm wide in phase shifter) / CMP SiO2 about 40 nm / about 580 nm LN (unetched) / 0.75 um Au electrodes directly on LN",,none (small-signal EO S21 and Vpi characterization only),,,,,,,,,bw3db_ghz:approx;rf_loss_db_per_cm:lt;z0_ohm:approx;eo_film_thickness_nm:approx;prop_loss_db_per_cm:approx,data/evidence/valdez2023.yaml,"1.0 cm electrode. Vpi from a 1 kHz cosine-squared fit (Fig. 7); no DC bias used (wavelength tuned to quadrature on an asymmetric MZM). Push-pull stated for the VpiL equation (Eq. 2, p.10). Wavelength is the nominal band (1550/1310 nm); actual laser wavelength at quadrature not stated; optical input power is the laser output, not on-chip. 3 dB bandwidth is read from the Fig. 9(b) bar chart (about +-1 GHz), referenced to 1 GHz, measured to 110 GHz without a clean cutoff; the text instead states groups of devices as greater than 100 GHz (0.54 cm) and greater than 60 GHz (1.0 cm), which several bars contradict. RF loss (less than 9 dB/cm at 110 GHz) and Z0 (about 40 ohm) are text statements covering all eight devices; per-device curves are in Fig. 4 and were not read. VpiL not entered per device (Fig. 9(a) bars only); build derives Vpi x L. Not reported: ER, bias, temperature, signal width, BOX thickness. IL: 1.6 dB (0.54 cm) and 2.1 dB (1.0 cm) are stated for the phase-shifter section, MMIs and LN transitions; the text derives them from CN1 vs CN2 and does not say whether they apply to other designs, so they are entered on CN rows only. The 1.5 dB/cm phase-shifter loss (CN1 vs CN2 comparison, assuming other losses common) does not equal (2.1-1.6)/0.46 cm = 1.1 dB/cm; both are as stated."
valdez2023-cn2,valdez2023,"CN2: C-band narrow Si (275 nm), slot (L=t=20 um) SWE, G=8 um, 0.54 cm",mzm,hybrid_si_ln;slow_wave;unetched_ln;direct_bond;inductive_slot,lithium_niobate,lnoi_loaded_si,bonded_heterogeneous,slow_wave,push_pull,mzm_push_pull,,c_band,1550,5.4,5.78,,,,,,,,measured,109,1ghz,,,110,,,extracted_from_figure,1.6,"phase-shifter section, 3 dB MMI couplers, LN-edge transitions","edge coupling (estimated 4.2 dB/edge, C-band); whether the 1.2 dB wide-Si feeder loss is included is not stated",,1.5,,,9,derived,9,110,40,,2.31,,580,,,,,8,,0.75,Au,0,HR Si; BOX thickness not stated; CMP SiO2 about 40 nm between Si waveguide and LN,none above LN (Au electrodes patterned directly on LN),,,"HR Si / SiO2 (BOX, thickness not stated) / 150 nm Si strip (275 nm wide in phase shifter) / CMP SiO2 about 40 nm / about 580 nm LN (unetched) / 0.75 um Au electrodes directly on LN",,none (small-signal EO S21 and Vpi characterization only),,,,,,,,,bw3db_ghz:approx;rf_loss_db_per_cm:lt;z0_ohm:approx;eo_film_thickness_nm:approx;prop_loss_db_per_cm:approx,data/evidence/valdez2023.yaml,"0.54 cm electrode. Vpi from a 1 kHz cosine-squared fit (Fig. 7); no DC bias used (wavelength tuned to quadrature on an asymmetric MZM). Push-pull stated for the VpiL equation (Eq. 2, p.10). Wavelength is the nominal band (1550/1310 nm); actual laser wavelength at quadrature not stated; optical input power is the laser output, not on-chip. 3 dB bandwidth is read from the Fig. 9(b) bar chart (about +-1 GHz), referenced to 1 GHz, measured to 110 GHz without a clean cutoff; the text instead states groups of devices as greater than 100 GHz (0.54 cm) and greater than 60 GHz (1.0 cm), which several bars contradict. RF loss (less than 9 dB/cm at 110 GHz) and Z0 (about 40 ohm) are text statements covering all eight devices; per-device curves are in Fig. 4 and were not read. VpiL not entered per device (Fig. 9(a) bars only); build derives Vpi x L. Not reported: ER, bias, temperature, signal width, BOX thickness. IL: 1.6 dB (0.54 cm) and 2.1 dB (1.0 cm) are stated for the phase-shifter section, MMIs and LN transitions; the text derives them from CN1 vs CN2 and does not say whether they apply to other designs, so they are entered on CN rows only. The 1.5 dB/cm phase-shifter loss (CN1 vs CN2 comparison, assuming other losses common) does not equal (2.1-1.6)/0.46 cm = 1.1 dB/cm; both are as stated."
valdez2023-ow1,valdez2023,"OW1: O-band wide Si (250 nm), T-rail (L=20 um, t=5 um) SWE, G=6 um, 0.54 cm",mzm,hybrid_si_ln;slow_wave;unetched_ln;direct_bond;t_rail,lithium_niobate,lnoi_loaded_si,bonded_heterogeneous,slow_wave,push_pull,mzm_push_pull,,o_band,1310,5.4,3.78,,,,,,,,measured,94,1ghz,,,110,,,extracted_from_figure,,,,,,,,12,,9,110,40,,2.43,,580,,,,,6,,0.75,Au,0,HR Si; BOX thickness not stated; CMP SiO2 about 40 nm between Si waveguide and LN,none above LN (Au electrodes patterned directly on LN),,,"HR Si / SiO2 (BOX, thickness not stated) / 150 nm Si strip (250 nm wide in phase shifter) / CMP SiO2 about 40 nm / about 580 nm LN (unetched) / 0.75 um Au electrodes directly on LN",,none (small-signal EO S21 and Vpi characterization only),,,,,,,,,bw3db_ghz:approx;rf_loss_db_per_cm:lt;z0_ohm:approx;eo_film_thickness_nm:approx,data/evidence/valdez2023.yaml,"0.54 cm electrode. Vpi from a 1 kHz cosine-squared fit (Fig. 7); no DC bias used (wavelength tuned to quadrature on an asymmetric MZM). Push-pull stated for the VpiL equation (Eq. 2, p.10). Wavelength is the nominal band (1550/1310 nm); actual laser wavelength at quadrature not stated; optical input power is the laser output, not on-chip. 3 dB bandwidth is read from the Fig. 9(b) bar chart (about +-1 GHz), referenced to 1 GHz, measured to 110 GHz without a clean cutoff; the text instead states groups of devices as greater than 100 GHz (0.54 cm) and greater than 60 GHz (1.0 cm), which several bars contradict. RF loss (less than 9 dB/cm at 110 GHz) and Z0 (about 40 ohm) are text statements covering all eight devices; per-device curves are in Fig. 4 and were not read. VpiL not entered per device (Fig. 9(a) bars only); build derives Vpi x L. Not reported: ER, bias, temperature, signal width, BOX thickness."
valdez2023-ow2,valdez2023,"OW2: O-band wide Si (250 nm), T-rail (L=20 um, t=5 um) SWE, G=6 um, 1 cm",mzm,hybrid_si_ln;slow_wave;unetched_ln;direct_bond;t_rail,lithium_niobate,lnoi_loaded_si,bonded_heterogeneous,slow_wave,push_pull,mzm_push_pull,,o_band,1310,10.0,2.01,,,,,,,,measured,54,1ghz,,,110,,,extracted_from_figure,,,,,,,,12,,9,110,40,,2.43,,580,,,,,6,,0.75,Au,0,HR Si; BOX thickness not stated; CMP SiO2 about 40 nm between Si waveguide and LN,none above LN (Au electrodes patterned directly on LN),,,"HR Si / SiO2 (BOX, thickness not stated) / 150 nm Si strip (250 nm wide in phase shifter) / CMP SiO2 about 40 nm / about 580 nm LN (unetched) / 0.75 um Au electrodes directly on LN",,none (small-signal EO S21 and Vpi characterization only),,,,,,,,,bw3db_ghz:approx;rf_loss_db_per_cm:lt;z0_ohm:approx;eo_film_thickness_nm:approx,data/evidence/valdez2023.yaml,"1.0 cm electrode. Vpi from a 1 kHz cosine-squared fit (Fig. 7); no DC bias used (wavelength tuned to quadrature on an asymmetric MZM). Push-pull stated for the VpiL equation (Eq. 2, p.10). Wavelength is the nominal band (1550/1310 nm); actual laser wavelength at quadrature not stated; optical input power is the laser output, not on-chip. 3 dB bandwidth is read from the Fig. 9(b) bar chart (about +-1 GHz), referenced to 1 GHz, measured to 110 GHz without a clean cutoff; the text instead states groups of devices as greater than 100 GHz (0.54 cm) and greater than 60 GHz (1.0 cm), which several bars contradict. RF loss (less than 9 dB/cm at 110 GHz) and Z0 (about 40 ohm) are text statements covering all eight devices; per-device curves are in Fig. 4 and were not read. VpiL not entered per device (Fig. 9(a) bars only); build derives Vpi x L. Not reported: ER, bias, temperature, signal width, BOX thickness."
valdez2023-on1,valdez2023,"ON1: O-band narrow Si (225 nm), slot (L=t=20 um) SWE, G=8 um, 1 cm",mzm,hybrid_si_ln;slow_wave;unetched_ln;direct_bond;inductive_slot,lithium_niobate,lnoi_loaded_si,bonded_heterogeneous,slow_wave,push_pull,mzm_push_pull,,o_band,1310,10.0,2.6,,,,,,,,measured,66,1ghz,,,110,,,extracted_from_figure,,,,,,,,12,,9,110,40,,2.3,,580,,,,,8,,0.75,Au,0,HR Si; BOX thickness not stated; CMP SiO2 about 40 nm between Si waveguide and LN,none above LN (Au electrodes patterned directly on LN),,,"HR Si / SiO2 (BOX, thickness not stated) / 150 nm Si strip (225 nm wide in phase shifter) / CMP SiO2 about 40 nm / about 580 nm LN (unetched) / 0.75 um Au electrodes directly on LN",,none (small-signal EO S21 and Vpi characterization only),,,,,,,,,bw3db_ghz:approx;rf_loss_db_per_cm:lt;z0_ohm:approx;eo_film_thickness_nm:approx,data/evidence/valdez2023.yaml,"1.0 cm electrode. Vpi from a 1 kHz cosine-squared fit (Fig. 7); no DC bias used (wavelength tuned to quadrature on an asymmetric MZM). Push-pull stated for the VpiL equation (Eq. 2, p.10). Wavelength is the nominal band (1550/1310 nm); actual laser wavelength at quadrature not stated; optical input power is the laser output, not on-chip. 3 dB bandwidth is read from the Fig. 9(b) bar chart (about +-1 GHz), referenced to 1 GHz, measured to 110 GHz without a clean cutoff; the text instead states groups of devices as greater than 100 GHz (0.54 cm) and greater than 60 GHz (1.0 cm), which several bars contradict. RF loss (less than 9 dB/cm at 110 GHz) and Z0 (about 40 ohm) are text statements covering all eight devices; per-device curves are in Fig. 4 and were not read. VpiL not entered per device (Fig. 9(a) bars only); build derives Vpi x L. Not reported: ER, bias, temperature, signal width, BOX thickness."
valdez2023-on2,valdez2023,"ON2: O-band narrow Si (225 nm), slot (L=t=20 um) SWE, G=8 um, 0.54 cm",mzm,hybrid_si_ln;slow_wave;unetched_ln;direct_bond;inductive_slot,lithium_niobate,lnoi_loaded_si,bonded_heterogeneous,slow_wave,push_pull,mzm_push_pull,,o_band,1310,5.4,4.37,,,,,,,,measured,102,1ghz,,,110,,,extracted_from_figure,,,,,,,,12,,9,110,40,,2.3,,580,,,,,8,,0.75,Au,0,HR Si; BOX thickness not stated; CMP SiO2 about 40 nm between Si waveguide and LN,none above LN (Au electrodes patterned directly on LN),,,"HR Si / SiO2 (BOX, thickness not stated) / 150 nm Si strip (225 nm wide in phase shifter) / CMP SiO2 about 40 nm / about 580 nm LN (unetched) / 0.75 um Au electrodes directly on LN",,none (small-signal EO S21 and Vpi characterization only),,,,,,,,,bw3db_ghz:approx;rf_loss_db_per_cm:lt;z0_ohm:approx;eo_film_thickness_nm:approx,data/evidence/valdez2023.yaml,"0.54 cm electrode. Vpi from a 1 kHz cosine-squared fit (Fig. 7); no DC bias used (wavelength tuned to quadrature on an asymmetric MZM). Push-pull stated for the VpiL equation (Eq. 2, p.10). Wavelength is the nominal band (1550/1310 nm); actual laser wavelength at quadrature not stated; optical input power is the laser output, not on-chip. 3 dB bandwidth is read from the Fig. 9(b) bar chart (about +-1 GHz), referenced to 1 GHz, measured to 110 GHz without a clean cutoff; the text instead states groups of devices as greater than 100 GHz (0.54 cm) and greater than 60 GHz (1.0 cm), which several bars contradict. RF loss (less than 9 dB/cm at 110 GHz) and Z0 (about 40 ohm) are text statements covering all eight devices; per-device curves are in Fig. 4 and were not read. VpiL not entered per device (Fig. 9(a) bars only); build derives Vpi x L. Not reported: ER, bias, temperature, signal width, BOX thickness."
