device_id,current_value,verdict,new_buffer_oxide_um,new_buffer_basis,new_buffer_locator,new_buffer_note,new_cladding,cladding_locator,source_quote,reason
berman2026-a,3,keep,3,design_target,p.4 text,,,,"a 330 nm thick BTO layer, a 3 µm thick silica layer, and a 500 µm thick silicon substrate",Stated bottom silica of the BTO wafer between BTO film and Si substrate; this is the BOX.
berman2026-b,3,keep,3,design_target,p.4 text,,,,"a 330 nm thick BTO layer, a 3 µm thick silica layer, and a 500 µm thick silicon substrate",Stated bottom silica of the BTO wafer between BTO film and Si substrate; this is the BOX.
berman2026-c,3,keep,3,design_target,p.4 text,,,,"a 330 nm thick BTO layer, a 3 µm thick silica layer, and a 500 µm thick silicon substrate",Stated bottom silica of the BTO wafer between BTO film and Si substrate; this is the BOX.
cai2025-a,4,keep,4,design_target,p.2 Sec. II,thermal oxide under Si3N4; LTOI donor BOX removed,,,100 mm-diameter silicon wafer with 4 µm thick wet thermal oxide,"Thermal oxide under the Damascene Si3N4 waveguide on Si (BOX for the Si3N4); the LTOI donor 2 um BOX and Si are removed after bonding. Text-stated dimension, not stated as measured: basis measured -> design_target per convention (bb)."
cai2025-b,4,keep,4,design_target,p.2 Sec. II,thermal oxide under Si3N4; LTOI donor BOX removed,,,100 mm-diameter silicon wafer with 4 µm thick wet thermal oxide,"Thermal oxide under the Damascene Si3N4 waveguide on Si (BOX for the Si3N4); the LTOI donor 2 um BOX and Si are removed after bonding. Text-stated dimension, not stated as measured: basis measured -> design_target per convention (bb)."
falcone2026-a,2,keep,2,design_target,p.9 Simulations,simulated stack value,,,on a SiO2(2 µm)/Si substrate,"Bottom SiO2 of the simulated stack under the BTO; fabricated oxide thickness is not stated (text says only SiO2/Si substrate), so value is the simulation geometry (design_target)."
falcone2026-b,2,keep,2,design_target,p.9 Simulations,simulated stack value,,,on a SiO2(2 µm)/Si substrate,"Bottom SiO2 of the simulated stack under the BTO; fabricated oxide thickness is not stated (text says only SiO2/Si substrate), so value is the simulation geometry (design_target)."
hou2024-a,2.0,keep,2.0,design_target,"p.11, Methods",,,,sits on top of a 2 um silicon dioxide on a silicon wafer,Bottom oxide of the nanoLN wafer; the 1.5 um PECVD SiO2 is the top cladding and is already in cladding.
hou2024-b,2.0,keep,2.0,design_target,"p.11, Methods",,,,sits on top of a 2 um silicon dioxide on a silicon wafer,Bottom oxide of the nanoLN wafer; the 1.5 um PECVD SiO2 is the top cladding and is already in cladding.
lee2020-a,4.3,keep,4.3,design_target,p.12 Sec. 2.1,,,,4.3 µm-thick thermally grown SiO2 on silicon substrate,Thermal SiO2 under the Si3N4 waveguide on Si = BOX. Text-stated dimension: basis measured -> design_target per convention (bb).
lee2020-b,4.3,keep,4.3,design_target,p.12 Sec. 2.1,,,,4.3 µm-thick thermally grown SiO2 on silicon substrate,Thermal SiO2 under the Si3N4 waveguide on Si = BOX. Text-stated dimension: basis measured -> design_target per convention (bb).
lee2020a-a,4.3,keep,4.3,design_target,p.3,,,,330 nm of LPCVD Si3N4 on 4.3 µm-thick thermal SiO2 on silicon substrate,Thermal SiO2 under the Si3N4 waveguide on Si = BOX. Text-stated dimension: basis measured -> design_target per convention (bb).
lee2020a-b,4.3,keep,4.3,design_target,p.3 (fabricated stack); p.7 Fig. 5(a),,,,Fig. 5 caption: blue and red labels indicate unchanged and changed parameters between the two designs,"Simulated design projection: Fig. 5(a) draws SiO2 in the blue (unchanged) colour without a thickness, so 4.3 um is inherited from the fabricated device on p.3; kept as design_target (unclear case: no thickness is stated for the simulated stack itself)."
lee2026-a,4.7,keep,4.7,design_target,p.2 (wafer); p.4 Fig. 1(f) caption,wafer BOX; oxide released around the waveguide,,,800-nm X-cut LN on 4.7-µm oxide on Si substrate wafer,Wafer BOX is 4.7 um; the oxide is released only around the waveguide (air gap h_air = 4.7 um beneath it). Value kept as the wafer BOX thickness; cladding air is unchanged. Text-stated dimension: basis measured -> design_target per convention (bb).
lee2026-b,4.7,keep,4.7,design_target,p.2 (wafer); p.4 Fig. 1(f) caption,wafer BOX; oxide released around the waveguide,,,800-nm X-cut LN on 4.7-µm oxide on Si substrate wafer,Wafer BOX is 4.7 um; the oxide is released only around the waveguide (air gap h_air = 4.7 um beneath it). Value kept as the wafer BOX thickness; cladding air is unchanged. Text-stated dimension: basis measured -> design_target per convention (bb).
lee2026-c,4.7,keep,4.7,design_target,p.2 (wafer); p.4 Fig. 1(f) caption,wafer BOX; oxide released around the waveguide,,,800-nm X-cut LN on 4.7-µm oxide on Si substrate wafer,Wafer BOX is 4.7 um; the oxide is released only around the waveguide (air gap h_air = 4.7 um beneath it). Value kept as the wafer BOX thickness; cladding air is unchanged. Text-stated dimension: basis measured -> design_target per convention (bb).
lee2026-d,4.7,keep,4.7,design_target,p.2 (wafer); p.4 Fig. 1(f) caption,wafer BOX; oxide released around the waveguide,,,800-nm X-cut LN on 4.7-µm oxide on Si substrate wafer,Wafer BOX is 4.7 um; the oxide is released only around the waveguide (air gap h_air = 4.7 um beneath it). Value kept as the wafer BOX thickness; cladding air is unchanged. Text-stated dimension: basis measured -> design_target per convention (bb).
lee2026-e,4.7,keep,4.7,design_target,p.2 (wafer); p.4 Fig. 1(f) caption,wafer BOX; oxide released around the waveguide,,,800-nm X-cut LN on 4.7-µm oxide on Si substrate wafer,Wafer BOX is 4.7 um; the oxide is released only around the waveguide (air gap h_air = 4.7 um beneath it). Value kept as the wafer BOX thickness; cladding air is unchanged. Text-stated dimension: basis measured -> design_target per convention (bb).
li2022b-a,2,keep,2,design_target,p.2 Sec. 2,,,,Between the thin-film LN and the silicon substrate is a 2-µm thick thermal oxide,Thermal oxide between LN film and Si substrate = BOX; the 315 nm SiO2 is the over-layer and is already in cladding.
li2026aa-a,4.7,keep,4.7,design_target,p.2,,,,bonded to a 4.7-μm thermally grown silicon dioxide substrate with a silicon base,Text calls it the SiO2 BOX under the LN/SiON waveguide; the 2 um PECVD SiO2 is cladding. Text-stated dimension: basis measured -> design_target per convention (bb).
li2026aa-b,4.7,keep,4.7,design_target,p.2,,,,bonded to a 4.7-μm thermally grown silicon dioxide substrate with a silicon base,Text calls it the SiO2 BOX under the LN/SiON waveguide; the 2 um PECVD SiO2 is cladding. Text-stated dimension: basis measured -> design_target per convention (bb).
li2026aa-c,4.7,keep,4.7,design_target,p.2,,,,bonded to a 4.7-μm thermally grown silicon dioxide substrate with a silicon base,Text calls it the SiO2 BOX under the LN/SiON waveguide; the 2 um PECVD SiO2 is cladding. Text-stated dimension: basis measured -> design_target per convention (bb).
li2026aa-d,4.7,keep,4.7,design_target,p.2,,,,bonded to a 4.7-μm thermally grown silicon dioxide substrate with a silicon base,Text calls it the SiO2 BOX under the LN/SiON waveguide; the 2 um PECVD SiO2 is cladding. Text-stated dimension: basis measured -> design_target per convention (bb).
li2026aa-e,4.7,keep,4.7,design_target,p.2,,,,bonded to a 4.7-μm thermally grown silicon dioxide substrate with a silicon base,Text calls it the SiO2 BOX under the LN/SiON waveguide; the 2 um PECVD SiO2 is cladding. Text-stated dimension: basis measured -> design_target per convention (bb).
li2026aa-f,4.7,keep,4.7,design_target,p.2,,,,bonded to a 4.7-μm thermally grown silicon dioxide substrate with a silicon base,Text calls it the SiO2 BOX under the LN/SiON waveguide; the 2 um PECVD SiO2 is cladding. Text-stated dimension: basis measured -> design_target per convention (bb).
li2026aa-g,4.7,keep,4.7,design_target,p.2,,,,bonded to a 4.7-μm thermally grown silicon dioxide substrate with a silicon base,Text calls it the SiO2 BOX under the LN/SiON waveguide; the 2 um PECVD SiO2 is cladding. Text-stated dimension: basis measured -> design_target per convention (bb).
li2026aa-h,4.7,keep,4.7,design_target,p.2,,,,bonded to a 4.7-μm thermally grown silicon dioxide substrate with a silicon base,Text calls it the SiO2 BOX under the LN/SiON waveguide; the 2 um PECVD SiO2 is cladding. Text-stated dimension: basis measured -> design_target per convention (bb).
lin2025-a,4.7,keep,4.7,design_target,"p.5, Fabrication",,,,"4.7 µm of SiO2, and a 525 µm-thick high-resistivity silicon substrate",Wafer spec: LT / 4.7 um SiO2 / Si; the 2.5 um PECVD SiO2 is cladding. Text-stated dimension: basis measured -> design_target per convention (bb).
lin2025-b,4.7,keep,4.7,design_target,"p.5, Fabrication",,,,"4.7 µm of SiO2, and a 525 µm-thick high-resistivity silicon substrate",Wafer spec: LT / 4.7 um SiO2 / Si; the 2.5 um PECVD SiO2 is cladding. Text-stated dimension: basis measured -> design_target per convention (bb).
lin2025-c,4.7,keep,4.7,design_target,"p.5, Fabrication",,,,"4.7 µm of SiO2, and a 525 µm-thick high-resistivity silicon substrate",Wafer spec: LT / 4.7 um SiO2 / Si; the 2.5 um PECVD SiO2 is cladding. Text-stated dimension: basis measured -> design_target per convention (bb).
mao2024-1550,2.0,keep,2.0,design_target,p.2 text,,,,The thickness of the thermally oxidized SiO2 was 2.0 μm,Thermal SiO2 between the Si substrate and the La2O2CO3/PLZT film = BOX; the 1 um CVD SiO2 is top cladding and is already in cladding.
mao2024-1310,2.0,keep,2.0,design_target,p.2 text,,,,The thickness of the thermally oxidized SiO2 was 2.0 μm,Thermal SiO2 between the Si substrate and the La2O2CO3/PLZT film = BOX; the 1 um CVD SiO2 is top cladding and is already in cladding.
meng2023-a,0.1,move_to_cladding,,,,BOX thickness not stated; stack drawn without numbers,SiO2 (Fig. 2(a)); 100 nm SiO2 buffer between the LN and the ITO/Au electrodes,p.5 Sec. 2.2; p.6 Fig. 2(a),The TCO loaded composite electrode is positioned on a 100 nm thick silicon oxide buffer,"100 nm is the buffer between LN and electrodes (top buffer), not a BOX. BOX is drawn in Fig. 2(a) (SiO2 under LN on Si) without any thickness and the text gives none: buffer_oxide_um empty."
pan2021-a,2,keep,2,design_target,p.4 Sec. 2,,,,a 600-nm LN thin film is bonded on top of a 2-µm-thick silica layer and a 0.4-mm-thick Si substrate,Silica between LN film and Si substrate = BOX.
powell2024-a,2,keep,2,design_target,p.2 Sec. II,,,,The SiO2 layer is 2 µm-thick and is on a Si substrate,Bottom SiO2 under the TFLT; the 800 nm PECVD SiO2 is cladding. Text-stated dimension: basis measured -> design_target per convention (bb).
rahman2025-1,4,keep,4,design_target,p.3 Sec. III,nominal; LNOI 2 um BOX removed,,,The buffer oxide below SiN1 has a nominal thickness of 4 µm,"Oxide below the lowest waveguide layer (SiN1) on the Si handle = BOX; the LNOI wafer 2 um BOX is removed. Nominal, text-stated: basis measured -> design_target per convention (bb)."
rahman2025-2,4,keep,4,design_target,p.3 Sec. III,nominal; LNOI 2 um BOX removed,,,The buffer oxide below SiN1 has a nominal thickness of 4 µm,"Oxide below the lowest waveguide layer (SiN1) on the Si handle = BOX; the LNOI wafer 2 um BOX is removed. Nominal, text-stated: basis measured -> design_target per convention (bb)."
rahman2025-3,4,keep,4,design_target,p.3 Sec. III,nominal; LNOI 2 um BOX removed,,,The buffer oxide below SiN1 has a nominal thickness of 4 µm,"Oxide below the lowest waveguide layer (SiN1) on the Si handle = BOX; the LNOI wafer 2 um BOX is removed. Nominal, text-stated: basis measured -> design_target per convention (bb)."
sabatti2024-fh,2,keep,2,design_target,p.4 Sec. 5A,,,,a 2 µm thick silicon dioxide insulation layer on a silicon handle,Oxide between LN film and Si handle = BOX.
sabatti2024-sh,2,keep,2,design_target,p.4 Sec. 5A,,,,a 2 µm thick silicon dioxide insulation layer on a silicon handle,Oxide between LN film and Si handle = BOX.
shen2021-a,2,keep,2,design_target,p.2,,,,SOI wafer with a 220-nm thick silicon layer and a 2-μm-thick buried oxide layer,Stated buried oxide of the SOI wafer.
tan2024-a,2,keep,2,extracted_from_figure,p.3 Fig. 1(b),,,,Fig. 1(b) label 2μm between the 220 nm Si layer and the Si substrate,"Stack drawn with a numeric 2 um label for the SiO2 under the 220 nm Si; no text statement, so basis stays extracted_from_figure. The 1 um SiO2 is cladding and is already in cladding."
thiele2022-a,0.4,move_to_cladding,,,,"bulk LN, no buried oxide","SiO2 buffer 400 nm under the Cr/Au electrodes (bulk Ti:LN, no buried oxide)",p.6 Table 1,the electrode material is sputtered with a buffer layer of SiO2 to reduce waveguide losses,"400 nm SiO2 is the electrode buffer on bulk Ti-indiffused LN (Table 1 lists 400 nm for phase modulator, directional coupler and polarisation converter); there is no BOX in a bulk-LN device."
thiele2022-b,0.4,move_to_cladding,,,,"bulk LN, no buried oxide","SiO2 buffer 400 nm under the Cr/Au electrodes (bulk Ti:LN, no buried oxide)",p.6 Table 1,the electrode material is sputtered with a buffer layer of SiO2 to reduce waveguide losses,"400 nm SiO2 is the electrode buffer on bulk Ti-indiffused LN (Table 1 lists 400 nm for phase modulator, directional coupler and polarisation converter); there is no BOX in a bulk-LN device."
thiele2022-c,0.4,move_to_cladding,,,,"bulk LN, no buried oxide","SiO2 buffer 400 nm under the Cr/Au electrodes (bulk Ti:LN, no buried oxide)",p.6 Table 1,the electrode material is sputtered with a buffer layer of SiO2 to reduce waveguide losses,"400 nm SiO2 is the electrode buffer on bulk Ti-indiffused LN (Table 1 lists 400 nm for phase modulator, directional coupler and polarisation converter); there is no BOX in a bulk-LN device."
thiele2022-d,0.4,move_to_cladding,,,,"bulk LN, no buried oxide","SiO2 buffer 400 nm under the Cr/Au electrodes (bulk Ti:LN, no buried oxide)",p.6 Table 1,the electrode material is sputtered with a buffer layer of SiO2 to reduce waveguide losses,"400 nm SiO2 is the electrode buffer on bulk Ti-indiffused LN (Table 1 lists 400 nm for phase modulator, directional coupler and polarisation converter); there is no BOX in a bulk-LN device."
thiele2022-e,0.4,move_to_cladding,,,,"bulk LN, no buried oxide","SiO2 buffer 400 nm under the Cr/Au electrodes (bulk Ti:LN, no buried oxide)",p.6 Table 1,the electrode material is sputtered with a buffer layer of SiO2 to reduce waveguide losses,"400 nm SiO2 is the electrode buffer on bulk Ti-indiffused LN (Table 1 lists 400 nm for phase modulator, directional coupler and polarisation converter); there is no BOX in a bulk-LN device."
thiele2022-f,0.4,move_to_cladding,,,,"bulk LN, no buried oxide","SiO2 buffer 400 nm under the Cr/Au electrodes (bulk Ti:LN, no buried oxide)",p.6 Table 1,the electrode material is sputtered with a buffer layer of SiO2 to reduce waveguide losses,"400 nm SiO2 is the electrode buffer on bulk Ti-indiffused LN (Table 1 lists 400 nm for phase modulator, directional coupler and polarisation converter); there is no BOX in a bulk-LN device."
ulrich2025-mzi,2,keep,2,design_target,p.10 Methods,,,,105 nm SrTiO3 on top of 2 μm SiO2 on a Si substrate,Bonding oxide / SiO2 box between SrTiO3 and Si; the PMMA is cladding.
valdez2023-cw1,0,clear,,,,BOX thickness not stated; Fig. 1(b) labels h_BOx without a value,,p.15 Sec. 4.2,There is no such oxide layer in our devices since the gold (Au) electrodes are patterned directly on the LN,"0 describes the absent electrode buffer (top), not the BOX. The BOX is labelled h_BOx in Fig. 1(b) with no number and no text thickness (CMP oxide 40 nm is the Si-to-LN layer, not BOX): buffer_oxide_um empty. Existing cladding text (none above LN) stays."
valdez2023-cw2,0,clear,,,,BOX thickness not stated; Fig. 1(b) labels h_BOx without a value,,p.15 Sec. 4.2,There is no such oxide layer in our devices since the gold (Au) electrodes are patterned directly on the LN,"0 describes the absent electrode buffer (top), not the BOX. The BOX is labelled h_BOx in Fig. 1(b) with no number and no text thickness (CMP oxide 40 nm is the Si-to-LN layer, not BOX): buffer_oxide_um empty. Existing cladding text (none above LN) stays."
valdez2023-cn1,0,clear,,,,BOX thickness not stated; Fig. 1(b) labels h_BOx without a value,,p.15 Sec. 4.2,There is no such oxide layer in our devices since the gold (Au) electrodes are patterned directly on the LN,"0 describes the absent electrode buffer (top), not the BOX. The BOX is labelled h_BOx in Fig. 1(b) with no number and no text thickness (CMP oxide 40 nm is the Si-to-LN layer, not BOX): buffer_oxide_um empty. Existing cladding text (none above LN) stays."
valdez2023-cn2,0,clear,,,,BOX thickness not stated; Fig. 1(b) labels h_BOx without a value,,p.15 Sec. 4.2,There is no such oxide layer in our devices since the gold (Au) electrodes are patterned directly on the LN,"0 describes the absent electrode buffer (top), not the BOX. The BOX is labelled h_BOx in Fig. 1(b) with no number and no text thickness (CMP oxide 40 nm is the Si-to-LN layer, not BOX): buffer_oxide_um empty. Existing cladding text (none above LN) stays."
valdez2023-ow1,0,clear,,,,BOX thickness not stated; Fig. 1(b) labels h_BOx without a value,,p.15 Sec. 4.2,There is no such oxide layer in our devices since the gold (Au) electrodes are patterned directly on the LN,"0 describes the absent electrode buffer (top), not the BOX. The BOX is labelled h_BOx in Fig. 1(b) with no number and no text thickness (CMP oxide 40 nm is the Si-to-LN layer, not BOX): buffer_oxide_um empty. Existing cladding text (none above LN) stays."
valdez2023-ow2,0,clear,,,,BOX thickness not stated; Fig. 1(b) labels h_BOx without a value,,p.15 Sec. 4.2,There is no such oxide layer in our devices since the gold (Au) electrodes are patterned directly on the LN,"0 describes the absent electrode buffer (top), not the BOX. The BOX is labelled h_BOx in Fig. 1(b) with no number and no text thickness (CMP oxide 40 nm is the Si-to-LN layer, not BOX): buffer_oxide_um empty. Existing cladding text (none above LN) stays."
valdez2023-on1,0,clear,,,,BOX thickness not stated; Fig. 1(b) labels h_BOx without a value,,p.15 Sec. 4.2,There is no such oxide layer in our devices since the gold (Au) electrodes are patterned directly on the LN,"0 describes the absent electrode buffer (top), not the BOX. The BOX is labelled h_BOx in Fig. 1(b) with no number and no text thickness (CMP oxide 40 nm is the Si-to-LN layer, not BOX): buffer_oxide_um empty. Existing cladding text (none above LN) stays."
valdez2023-on2,0,clear,,,,BOX thickness not stated; Fig. 1(b) labels h_BOx without a value,,p.15 Sec. 4.2,There is no such oxide layer in our devices since the gold (Au) electrodes are patterned directly on the LN,"0 describes the absent electrode buffer (top), not the BOX. The BOX is labelled h_BOx in Fig. 1(b) with no number and no text thickness (CMP oxide 40 nm is the Si-to-LN layer, not BOX): buffer_oxide_um empty. Existing cladding text (none above LN) stays."
valdez2023a-a,4,keep,4,extracted_from_figure,p.3 Fig. 2(b),,,,Fig. 2(b) label 4000 nm for the SiO2 of the HR-Si SiN chip,"The LNOI 2 um BOX is etched away; the oxide under the SiN is the 4000 nm drawn in the Fig. 2(b) schematic (no text statement; arrow may include the 180 nm SiN plus 40 nm CMP oxide, at most 0.22 um). Basis measured -> extracted_from_figure."
valdez2023a-b,4,keep,4,extracted_from_figure,p.3 Fig. 2(b),,,,Fig. 2(b) label 4000 nm for the SiO2 of the HR-Si SiN chip,"The LNOI 2 um BOX is etched away; the oxide under the SiN is the 4000 nm drawn in the Fig. 2(b) schematic (no text statement; arrow may include the 180 nm SiN plus 40 nm CMP oxide, at most 0.22 um). Basis measured -> extracted_from_figure."
wang2022-a,0.65,correct_value,2.0,design_target,p.2,,,,a 220 nm top silicon layer and a 2 μm buried oxide (BOX) layer,0.65 um is the SiO2 over-cladding between LN and electrodes (already in cladding). The SOI wafer BOX is stated as 2 um (also in the substrate and stack fields).
wang2024b-a,4.7,keep,4.7,design_target,p.8 Methods LTOI wafer fabrication,,,,525-μm-thick high-resistivity silicon carrier wafer covered with 4.7-μm-thick thermal silicon dioxide,Thermal SiO2 on the Si carrier under the bonded LiTaO3 = BOX.
wang2024b-b,4.7,keep,4.7,design_target,p.8 Methods LTOI wafer fabrication,,,,525-μm-thick high-resistivity silicon carrier wafer covered with 4.7-μm-thick thermal silicon dioxide,Thermal SiO2 on the Si carrier under the bonded LiTaO3 = BOX.
wang2024b-c,4.7,keep,4.7,design_target,p.8 Methods LTOI wafer fabrication,,,,525-μm-thick high-resistivity silicon carrier wafer covered with 4.7-μm-thick thermal silicon dioxide,Thermal SiO2 on the Si carrier under the bonded LiTaO3 = BOX.
wang2025-a,4.7,keep,4.7,design_target,p.2 Design text,,,,a 4.7 μm thick buried oxide (BOX) layer,Stated BOX of the LTOI wafer; the 900 nm PECVD SiO2 is cladding and is already in cladding.
weigel2018-a,0.05,correct_value,3,design_target,p.3 text,SOI wafer oxide under the Si waveguides,SiO2 50 nm between the LN film and the Al electrodes,p.17 Fig. 1 caption,"silicon-on-insulator wafers (220 nm Si thickness, 3 μm oxide thickness)",0.05 um is the SiO2 under the Al electrodes (top buffer); SOI BOX is stated as 3 um. Cladding was empty; the 50 nm SiO2 is moved there (from the Fig. 1 caption: Aluminum electrodes were deposited on a 50 nm SiO2 layer over the LN film).
zhang2022-a,2,keep,2,design_target,p.3 design text (velocity matching),,,,a cladding thickness of 600 nm and a buried oxide thickness of 2 μm,"Text: this parameter set is used for the actual devices, so the 2 um buried oxide applies; existing locator p.4 Sec. 3.A does not hold the statement. The 0.6 um PECVD silica is cladding and already in cladding."
zhang2022-b,2,keep,2,design_target,p.3 design text (velocity matching),,,,a cladding thickness of 600 nm and a buried oxide thickness of 2 μm,"Text: this parameter set is used for the actual devices, so the 2 um buried oxide applies; existing locator p.4 Sec. 3.A does not hold the statement. The 0.6 um PECVD silica is cladding and already in cladding."
