paper_id,device_id,field,words,note
chen2023,chen2023-a,prop_loss_db_per_cm,26,"Authors' fit 0.0133 dB/um (unit conversion only) on separate SL waveguides of the same design (W 0.4 um, P 20, ng 4.00), not the MZM itself"
chen2025,chen2025-a,tuning_nm_per_v,28,"Blue shift for positive voltage (reversed voltage axis in Fig. 3(g) / Fig. S2), so signed value -24.33 pm/V; the label and text quote the magnitude 24.33 pm/V"
chen2025,chen2025-a,il_onchip_db,27,"N70 at 3.5 um gap, about -13.7 dB; Fig. 3(e) shows about -14 dB, Fig. 3(d) spectra are normalized to about 0 dB outside the stop band"
chen2025,chen2025-b,tuning_nm_per_v,28,"Blue shift for positive voltage (reversed voltage axis in Fig. 3(g) / Fig. S2), so signed value -20.15 pm/V; the label and text quote the magnitude 20.15 pm/V"
chen2025,chen2025-c,tuning_nm_per_v,28,"Blue shift for positive voltage (reversed voltage axis in Fig. 3(g) / Fig. S2), so signed value -17.53 pm/V; the label and text quote the magnitude 17.53 pm/V"
chen2025,chen2025-d,tuning_nm_per_v,28,"Blue shift for positive voltage (reversed voltage axis in Fig. 3(g) / Fig. S2), so signed value -15.36 pm/V; the label and text quote the magnitude 15.36 pm/V"
chen2025,chen2025-e,tuning_nm_per_v,28,"Blue shift for positive voltage (reversed voltage axis in Fig. 3(g) / Fig. S2), so signed value -11.05 pm/V; the label and text quote the magnitude 11.05 pm/V"
chen2025,chen2025-f,wavelength_nm,30,"Peak of the N = 50 trace read from Fig. 3(d), about 0.5 nm reading uncertainty; the gap of the Fig. 3(d) devices is not stated, assignment by N only"
chen2025,chen2025-g,wavelength_nm,30,"Peak of the N = 60 trace read from Fig. 3(d), about 0.5 nm reading uncertainty; the gap of the Fig. 3(d) devices is not stated, assignment by N only"
chen2025,chen2025-h,wavelength_nm,30,"Peak of the N = 80 trace read from Fig. 3(d), about 0.5 nm reading uncertainty; the gap of the Fig. 3(d) devices is not stated, assignment by N only"
chen2025,chen2025-i,wavelength_nm,30,"Peak of the N = 90 trace read from Fig. 3(d), about 0.5 nm reading uncertainty; the gap of the Fig. 3(d) devices is not stated, assignment by N only"
chen2026,chen2026-a,bw_measured_to_ghz,29,"67 GHz photodetector and VNA range; the measured trace dips below -3 dB at about 57, 64 and 66-67 GHz (Fig. 4(a)), so no 3 dB bound is entered"
eltes2020,eltes2020-a,r_eff_pm_per_v,61,"Hysteresis fit of Delta n vs E (SI Eq. 3); peak at 45 deg device angle; 300 K peak about 365. Attributed to the SiN design because the Fig. 1f caption (16.7 MV/m = 150 V) implies the 9.0 um SiN-design gap and Fig. S3 is a hysteresis fit 'measured in a BaTiO3-SiN device' (321 pm/V at 300 K, Table S1)"
eltes2020,eltes2020-b,bw6db_ghz,45,Fig. S9 plots EOE |S21| and the dashed cut-off marker is at -6 dB; paper says 'cut-off at ~30 GHz' (approx) and attributes it to the photon lifetime (32 GHz predicted for Q about 6000); the value coincides with the stated 30 GHz measurement limit
eltes2023,eltes2023-a,vpi_convention,27,"Paper: MZM with Vpi of 3.6 V and ""a single-ended drive scheme enabling standard push-pull driving""; the authors do not label the 3.6 V as push-pull explicitly"
eltes2023,eltes2023-a,integration,34,"Paper: ""the manufacturing process we have established at a 200 mm SiPh-compatible line""; Fig. 1a shows a Lumiphase 200 mm wafer; fab line not named further; measured MZMs are stand-alone devices without SiPh components"
han2023,han2023-a,vpi_dc_v,32,Sinusoidal fit of transmission versus voltage; 10 percent change over 0-5 V; text says 0.1 pi but 78 V implies about 0.064 pi over 5 V (source inconsistency); bias point not stated
han2023,han2023-c,bw3db_ghz,35,"Authors: 3 dB bandwidth 'could further exceed 110 GHz' at 4 V reverse bias; measured trace to 110 GHz stays above -3 dB (lowest about -2.7 dB, figure read); fit not extended beyond the sweep"
hillier2025,hillier2025-1mm-q1,il_onchip_db,28,"Estimated 9.1 +/- 0.8 dB for the full 1 mm device excluding 2.5 dB per facet; sentence does not name the geometry, may cover several 1 mm devices"
hillier2025,hillier2025-2mm-data,max_baud_gbd,29,"OOK below the 25 % OH HD-FEC threshold up to 192 GBd (crossing between 192 and 200 GBd, p.10); PAM4 below it up to 160 GBd; max over formats"
hu2023,hu2023-a,drive_vpp_v,27,"Vpp fixed at 600 mV in the Fig. 5(c),(d) data-rate scans, which peak near 302 Gb/s at 1312 nm, -0.9 V; Fig. 7 run states no Vpp."
huang2026,huang2026-b,bw3db_ghz,43,"paper: 'above 100 GHz' (Sec. 2), '100 GHz' (Secs. 1, 4); authors' stated bandwidth kept. Fig. 1(c) packaged trace first touches -3 dB near 72 GHz and runs at about -2.6 to -3.7 dB from 82 to 110 GHz (verifier pixel reading, approximate)"
huang2026,huang2026-a,bw_measured_to_ghz,30,"data end at about 110 GHz; dashed trace about -2.6 dB there (lowest about -2.8 dB), no crossing visible; bw3db_ghz 110 is the paper's claimed crossing at the instrument limit"
khalil2026,khalil2026-a,temperature_k,27,"cryostat setpoint; device 5.46 K at 0 dBm to 11.71 K at 10 dBm RF (p.30, Fig. S8a), not stated at the 1 dBm of the VpiL"
kohli2023,kohli2023-a,vpi_dc_v,27,"DC half-wave voltage extracted from the MZM resonance shift caused by the phase difference between the arms (200 um arm-length asymmetry, p.2); arm drive scheme not stated"
kohli2023,kohli2023-a,vpi_convention,29,Headline DC Vpi from the fringe shift of the unbalanced MZM; the RF Vpi 9.6 V uses the sideband-ratio method (Eq. 3) at MZM level; arm drive not stated
kohli2025,kohli2025-rt,bw_measured_to_ghz,28,"Data plotted to the axis end at about +/-75 GHz (figure read; last labelled tick 70 GHz), flat response; no 3 dB crossing and no bandwidth number stated"
li2024,li2024-c,vpi_convention,29,"Paper: ""The HSPS adopts a single-ended drive scheme enabling standard push-pull driving with a Vpi of 3.6 V""; the authors do not label the 3.6 V as MZM-level explicitly"
li2024,li2024-o,max_net_rate_gbps,34,"106 GBd PAM-6 over 2 km SSMF below HD-FEC (6.7% overhead), 1291 to 1321 nm; Table I also lists 250 Gb/s over 10 km with 106 GBd PAM-6, 6.7% overhead, 1311 to 1321 nm"
li2026,li2026-a,bw_measured_to_ghz,30,raw EO data end near 110 GHz (110 GHz probes); the smoothed fit continues to about 114 GHz; claimed 3 dB crossing lies at the end of the raw data
li2026,li2026-a,electrode_gap_um,51,"parameter G of the T-segment CPW, gap between facing T-bars where the waveguide sits (reading of the Fig. 1(e) schematic, consistent with the SEM in li2026ba; the caption mentions T-segments on the ground electrodes only, so the opposing element may be the signal-electrode edge, still a metal-to-metal gap across the waveguide)"
li2026a,li2026a-a,etch_depth_nm,34,"text: 400 nm high waveguide with 200 nm slab on a 600 nm film, read as etch depth (600 - 200); the later arXiv version (li2026ba) states 440 nm etch / 160 nm slab"
li2026a,li2026a-b,etch_depth_nm,34,"text: 400 nm high waveguide with 200 nm slab on a 600 nm film, read as etch depth (600 - 200); the later arXiv version (li2026ba) states 440 nm etch / 160 nm slab"
li2026b,li2026b-a,bw3db_ghz,28,"Authors state above 67 GHz; Fig. 1(b) notch about -3.2 dB near 46.6 GHz (below -2 dB about 45-48 GHz), trace ends near -2 dB at 67 GHz"
li2026ba,li2026ba-a,bw3db_ghz,26,"smoothed (5 GHz moving average), normalized to 1 GHz; authors attribute the roll-off above 60 GHz to an inadvertent optical path imbalance used as spectral bias"
lin2025,lin2025-a,bw3db_ghz,41,"text value; small-signal EO response to 110 GHz, normalization not stated; the Fig. 3(d) 16 mm trace (0 dB at 1 GHz) reads about -2.3 dB at 40 GHz and reaches -3 dB near 50 GHz, so text and figure differ"
liu2026d,liu2026d-a,vpil_dc_vcm,37,"EO VpiL from the asymptote (f -> infinity) of high-pass-filter fits to <= 100 kHz data (p.4 low-frequency drive, p.5 model, Table 1 footnote 'extracted from high-frequency fits'); relaxation-free quasi-static plateau, not a GHz measurement; no frequency"
liu2026d,liu2026d-b,vpil_dc_vcm,37,"EO VpiL from the asymptote (f -> infinity) of high-pass-filter fits to <= 100 kHz data (p.4 low-frequency drive, p.5 model, Table 1 footnote 'extracted from high-frequency fits'); relaxation-free quasi-static plateau, not a GHz measurement; no frequency"
liu2026d,liu2026d-c,vpil_dc_vcm,37,"EO VpiL from the asymptote (f -> infinity) of high-pass-filter fits to <= 100 kHz data (p.4 low-frequency drive, p.5 model, Table 1 footnote 'extracted from high-frequency fits'); relaxation-free quasi-static plateau, not a GHz measurement; no frequency"
liu2026d,liu2026d-c,vpi_dc_v,38,"Asymptote label Vpi = 6.71 V of the high-pass fit at 488 nm (data 10-100 kHz); frequency not applicable; the 7.64 V at 100 kHz, 20 C point of Fig. 2(a) inset is in the row notes only"
liu2026d,liu2026d-d,vpil_dc_vcm,37,"EO VpiL from the asymptote (f -> infinity) of high-pass-filter fits to <= 100 kHz data (p.4 low-frequency drive, p.5 model, Table 1 footnote 'extracted from high-frequency fits'); relaxation-free quasi-static plateau, not a GHz measurement; no frequency"
liu2026d,liu2026d-e,vpil_dc_vcm,37,"EO VpiL from the asymptote (f -> infinity) of high-pass-filter fits to <= 100 kHz data (p.4 low-frequency drive, p.5 model, Table 1 footnote 'extracted from high-frequency fits'); relaxation-free quasi-static plateau, not a GHz measurement; no frequency"
liu2026d,liu2026d-f,vpil_dc_vcm,37,"EO VpiL from the asymptote (f -> infinity) of high-pass-filter fits to <= 100 kHz data (p.4 low-frequency drive, p.5 model, Table 1 footnote 'extracted from high-frequency fits'); relaxation-free quasi-static plateau, not a GHz measurement; no frequency"
liu2026d,liu2026d-g,vpil_dc_vcm,37,"EO VpiL from the asymptote (f -> infinity) of high-pass-filter fits to <= 100 kHz data (p.4 low-frequency drive, p.5 model, Table 1 footnote 'extracted from high-frequency fits'); relaxation-free quasi-static plateau, not a GHz measurement; no frequency"
liu2026d,liu2026d-h,drive_vpp_v,29,"Amplifier maximum output 7.0 Vpp in digital mode (p.7), inferred to be the drive used because ER was limited by the maximum amplifier swing (p.8); not a measured swing"
lotkov2024,lotkov2024-a,bw6db_ghz,28,"from fit of the response; raw trace noisy, reaches about -6 dB near 1.5 GHz, briefly back above -3 dB near 1.8, 1.9 and 2.1 GHz (approx. reading)"
lu2020,lu2020-a,r_eff_pm_per_v,60,"In-device r33 from measured Vpi*L 1.44 V cm, confinement 0.738, d_eo 1 um, d_c 6 um, eps about 3; n = 1.66 gives n^3 r33 = 1021 pm/V; the authors' Eq. 5-6 (supplement p.3-4 Note 2) treat 1.44 V cm as a single-length pi shift (L = 8 mm, no push-pull factor of 2); the drive form is not stated"
niels2026,niels2026-a,vpi_mzm_pushpull_dc_v,34,"authors: 7.0 V per arm corresponds to 3.5 V in push-pull; the push-pull VpiL of 2.3 V cm (3.5 V x 6.6 mm, abstract and p.4) has no column and is kept in notes"
niels2026,niels2026-a,bw3db_ghz,31,no 3 dB crossing observed on the high-resistivity substrate; limited by VNA and photodetector; the noisy trace touches about -3 dB near 65 GHz; EOE definition of 3 dB not stated
ogiso2020,ogiso2020-a,drive,28,"Series arms on a common n-layer with differential GSSG input; the paper says ""differential drive"" / ""push-pull drive"", not ""series""; ogiso2024 (same group, same n-i-p-n CL-TWE) is series_push_pull"
ogiso2020,ogiso2020-a,vpi_convention,40,"Vpi is the voltage between the two differential signal lines (series push-pull); series arms on a common n-layer with differential GSSG input; the paper says ""differential drive"" / ""push-pull drive"", not ""series""; ogiso2024 (same group, same n-i-p-n CL-TWE) is series_push_pull"
ogiso2020,ogiso2020-b,drive,27,"Almost the same electrical design as the twin-IQ PIC (series arms on a common n-layer, differential input from the driver IC); the paper says ""differential"", not ""series"""
rakowski2026,rakowski2026-b,il_onchip_db,31,IL at ER=3.5 dB from the authors' static-IL regression trend vs BW; Fig. 3(b) trend line reads about 2.0 dB at the 72 GHz marker vs 1.8 dB in Table 1
schwarzenberger2023a,schwarzenberger2023a-a,drive_vpp_v,38,"Stated drive setting of the PAM4 70 GBd eye (""generated with 1.4 Vpp peak-to-peak drive voltage""); on-chip versus amplifier-output reference plane not stated for this value (the OOK voltages are the ones the authors call estimated on-chip values)"
schwarzenberger2026a,schwarzenberger2026a-a,max_net_rate_gbps,80,"Stated maximum: ""The highest NDR amounts to 323.5 Gbit/s for 176 GBd PAM4 signaling, with a drive voltage swing of 1.17 Vpp""; AIR 340.5 Gbit/s; NDR computed by the authors from NGMI with the FEC overheads of their ref. 44. This maximum belongs to the 176 GBd point (1.17 Vpp), not to the 192 GBd / 384 Gbit/s / 0.95 Vpp point of max_baud, max_line_rate and drive_vpp; the best NDR under sub-1 Vpp drive is 310.9 Gbit/s at 192 GBd"
shen2025,shen2025-a,il_onchip_db,43,"read from Fig. S9 (docx image word/media/image36.jpeg, transmission vs wavelength) at 1547.1 nm; about +/-0.3 dB, at the end of the plotted trace (-12.2 to -12.6 dB); the paper calls it on-chip loss and does not say whether the grating couplers are included"
shen2025,shen2025-d,il_onchip_db,43,"read from Fig. S9 (docx image word/media/image36.jpeg, transmission vs wavelength) at 1546.1 nm; about +/-0.3 dB, near the local minimum of the trace at about 1546.07 nm; the paper calls it on-chip loss and does not say whether the grating couplers are included"
shen2026,shen2026-a,bw3db_ghz,29,"'exceeding 100 GHz' is the paper's stated bound, kept as gt 100; Fig. 3(c) fit crosses -3 dB near 105 GHz (above the bound), VNA+OSA data to 110 GHz"
singer2025,singer2025-a,il_onchip_db,33,"On-chip excess loss stated by the authors (p.6, p.8); equals the Table 2 sum of the on-chip elements (cutback test structures) and 10.8 dB minus two estimated 3.3 dB photonic wire bonds (p.16)"
wang2022,wang2022-a,bw3db_ghz,55,"Measured EO S21 trace ends near 67 GHz at about -2.3 dB (lowest dip about -2.4 dB near 52 GHz), so only a lower bound of 67 GHz is shown; the paper claims >70 GHz (abstract p.1, p.2, p.4, Table 1, conclusions) beyond the plotted data and 100 GHz is the simulated 3 dB point"
wang2022,wang2022-b,bw3db_ghz,31,"Paper states 'a bandwidth of also >70 GHz' in the same sentence as Vpi 3 V; no figure, no measurement range given; supplement p.5 names 67 GHz probe arrays (GGB 67A)"
xu2022,xu2022-a,buffer_oxide_um,37,"0.7 um SiO2 cladding under the CL-TWE (text value); in Fig. 1(c) the 0.7 um arrows may span the electrode bottom to the quartz top instead (alternative reading, about 0.52 um SiO2 over the slab), not adopted"
xu2022,xu2022-a,energy_per_bit_fj,47,"Formula and scope (modulator vs driver) not stated; auditor check, not stated by the authors, 4 x (0.161 V)^2 / 50 ohm / (130 GBd x 15.38 bit/symbol) = 1.04 fJ/bit, consistent with RF power of the four sub-MZMs into 50 ohm (modulator load only, DAC excluded)"
xue2026,xue2026-b,eo_rolloff_db,35,flat from 2 GHz; a 1 dB drop below 2 GHz is attributed to impedance mismatch; reference of the 1.3 dB (low-frequency plateau or about 2 GHz) not stated and not resolvable from Fig. 5(a)
yang2022,yang2022-a,vpi_dc_v,31,"5 MHz triangular sweep; the text label VpiL is a typo for Vpi, resolved by the Fig. 5(a) annotation and the abstract (~2.37 V cm = 4.74 V x 0.5 cm)"
zwickel2020,zwickel2020-gate300,z0_ohm,27,"Authors state Z0 is rather insensitive to gate voltage (p.9); measured Re Z0 at 300 V only in 3D Fig. 3(a), not read; limit about 50 ohm."
