paper_id,device_id,field,old_words,new_note,new_words,overflow_to_row_notes,reason
chen2023,chen2023-a,prop_loss_db_per_cm,26,"Authors' fit 0.0133 dB/um (unit conversion only) on separate SL waveguides of same design (W 0.4 um, P 20, ng 4.00), not the MZM.",24,,Row notes already carry the dropped detail.
chen2025,chen2025-a,tuning_nm_per_v,28,"Reversed voltage axis (Fig. 3(g)/Fig. S2): blue shift for positive voltage, so signed -24.33 pm/V; label and text quote magnitude.",20,,"Row notes (reversed axis, signed value, magnitude quoted) cover it."
chen2025,chen2025-a,il_onchip_db,27,"N70, 3.5 um gap, about -13.7 dB; Fig. 3(e) shows about -14 dB; Fig. 3(d) normalized to about 0 dB outside the stop band.",24,,Row notes also state the normalization difference.
chen2025,chen2025-b,tuning_nm_per_v,28,"Reversed voltage axis (Fig. 3(g)/Fig. S2): blue shift for positive voltage, so signed -20.15 pm/V; label and text quote magnitude.",20,,"Row notes (reversed axis, signed value, magnitude quoted) cover it."
chen2025,chen2025-c,tuning_nm_per_v,28,"Reversed voltage axis (Fig. 3(g)/Fig. S2): blue shift for positive voltage, so signed -17.53 pm/V; label and text quote magnitude.",20,,"Row notes (reversed axis, signed value, magnitude quoted) cover it."
chen2025,chen2025-d,tuning_nm_per_v,28,"Reversed voltage axis (Fig. 3(g)/Fig. S2): blue shift for positive voltage, so signed -15.36 pm/V; label and text quote magnitude.",20,,"Row notes (reversed axis, signed value, magnitude quoted) cover it."
chen2025,chen2025-e,tuning_nm_per_v,28,"Reversed voltage axis (Fig. 3(g)/Fig. S2): blue shift for positive voltage, so signed -11.05 pm/V; label and text quote magnitude.",20,,"Row notes (reversed axis, signed value, magnitude quoted) cover it."
chen2025,chen2025-f,wavelength_nm,30,"N = 50 trace peak read from Fig. 3(d), about 0.5 nm uncertainty; gap of Fig. 3(d) devices not stated, assigned by N only.",24,,Same content in row notes.
chen2025,chen2025-g,wavelength_nm,30,"N = 60 trace peak read from Fig. 3(d), about 0.5 nm uncertainty; gap of Fig. 3(d) devices not stated, assigned by N only.",24,,Same content in row notes.
chen2025,chen2025-h,wavelength_nm,30,"N = 80 trace peak read from Fig. 3(d), about 0.5 nm uncertainty; gap of Fig. 3(d) devices not stated, assigned by N only.",24,,Same content in row notes. Discrepancy to reconcile: chen2025-h row notes give about 0.7 nm (peak partly hidden) while this note says 0.5 nm; 0.5 kept as in the original.
chen2025,chen2025-i,wavelength_nm,30,"N = 90 trace peak read from Fig. 3(d), about 0.5 nm uncertainty; gap of Fig. 3(d) devices not stated, assigned by N only.",24,,Same content in row notes.
chen2026,chen2026-a,bw_measured_to_ghz,29,"67 GHz photodetector/VNA range; trace dips below -3 dB at about 57, 64, 66-67 GHz (Fig. 4(a)), so no 3 dB bound entered.",23,,Row notes already carry the dropped detail.
eltes2020,eltes2020-a,r_eff_pm_per_v,61,"Hysteresis fit (SI Eq. 3), 45 deg; 300 K about 365. SiN design inferred from Fig. 1f caption gap (9.0 um) and Fig. S3.",24,r_eff is a hysteresis fit of Delta n vs E (SI Eq. 3).,"Row notes carry the 4 K/300 K values, the 16.7 MV/m = 150 V = 9.0 um gap argument and Fig. S3 321 pm/V; only the Delta n vs E fit description is added."
eltes2020,eltes2020-b,bw6db_ghz,45,"EOE |S21| marker at -6 dB (Fig. S9); paper: '~30 GHz', photon-lifetime limited (32 GHz predicted, Q about 6000); coincides with 30 GHz setup limit.",25,,Row notes already carry the dropped detail.
eltes2023,eltes2023-a,vpi_convention,27,"MZM Vpi 3.6 V with ""single-ended drive scheme enabling standard push-pull driving""; 3.6 V not explicitly labeled push-pull.",18,,Row notes already carry the dropped detail.
eltes2023,eltes2023-a,integration,34,'process we have established at a 200 mm SiPh-compatible line'; Fig. 1a: Lumiphase 200 mm wafer; fab line not named; MZMs stand-alone without SiPh components.,25,,"Row notes carry full wording; quote shortened (dropped ""the manufacturing"")."
han2023,han2023-a,vpi_dc_v,32,"Sinusoidal fit, 10 percent transmission change over 0-5 V; text says 0.1 pi but 78 V implies about 0.064 pi (source inconsistency); bias not stated.",25,,Row notes already carry the dropped detail.
han2023,han2023-c,bw3db_ghz,35,"'could further exceed 110 GHz' at 4 V; measured trace (to 110 GHz) above -3 dB, lowest about -2.7 dB (figure read); fit not extended.",25,,Row notes already carry the dropped detail.
hillier2025,hillier2025-1mm-q1,il_onchip_db,28,"Estimated 9.1 +/- 0.8 dB, full 1 mm device excluding 2.5 dB per facet; sentence does not name geometry, may cover several 1 mm devices.",25,,Row notes already carry the dropped detail.
hillier2025,hillier2025-2mm-data,max_baud_gbd,29,"OOK below 25 % OH HD-FEC up to 192 GBd (crossing between 192 and 200, p.10); PAM4 likewise to 160 GBd; max over formats.",24,,Row notes already carry the dropped detail.
hu2023,hu2023-a,drive_vpp_v,27,"Vpp fixed at 600 mV in Fig. 5(c),(d) data-rate scans, peaking near 302 Gb/s at 1312 nm, -0.9 V; Fig. 7 run states no Vpp.",25,,Row notes already carry the dropped detail.
huang2026,huang2026-b,bw3db_ghz,43,"'above 100 GHz' (Sec. 2), '100 GHz' (Secs. 1, 4), authors' value kept; Fig. 1(c) packaged trace first touches -3 dB near 72 GHz (approx.).",25,,"Row notes carry the full trace reading (-2.6 to -3.7 dB over 82-110 GHz, verifier pixel reading)."
huang2026,huang2026-a,bw_measured_to_ghz,30,"Data end near 110 GHz; trace about -2.6 dB there (lowest -2.8 dB), no crossing; bw3db_ghz 110 is the paper's claimed crossing at instrument limit.",25,,Row notes carry it; 'dashed' (pre-packaging) trace identification is in row notes.
khalil2026,khalil2026-a,temperature_k,27,"Cryostat setpoint; device 5.46 K at 0 dBm to 11.71 K at 10 dBm RF (p.30, Fig. S8a), not stated at VpiL's 1 dBm.",24,,Row notes already carry the dropped detail.
kohli2023,kohli2023-a,vpi_dc_v,27,"DC half-wave voltage extracted from MZM resonance shift from the arm phase difference (200 um arm-length asymmetry, p.2); arm drive scheme not stated.",23,,Row notes already carry the dropped detail.
kohli2023,kohli2023-a,vpi_convention,29,Headline DC Vpi from fringe shift of unbalanced MZM; RF Vpi 9.6 V uses sideband-ratio method (Eq. 3) at MZM level; arm drive not stated.,25,,Row notes already carry the dropped detail.
kohli2025,kohli2025-rt,bw_measured_to_ghz,28,"Data plotted to axis end at about +/-75 GHz (figure read; last labelled tick 70 GHz), flat; no 3 dB crossing, no bandwidth number stated.",25,,Row notes already carry the dropped detail.
li2024,li2024-c,vpi_convention,29,Paper: 'single-ended drive scheme enabling standard push-pull driving with a Vpi of 3.6 V'; authors do not explicitly label the 3.6 V MZM-level.,23,,Row notes already carry the dropped detail.
li2024,li2024-o,max_net_rate_gbps,34,"106 GBd PAM-6, 2 km SSMF, below HD-FEC (6.7% OH), 1291-1321 nm; Table I also lists 250 Gb/s over 10 km, same format, 1311-1321 nm.",25,,Row notes already carry the dropped detail.
li2026,li2026-a,bw_measured_to_ghz,30,Raw data end near 110 GHz (110 GHz probes); smoothed fit continues to about 114 GHz; claimed 3 dB crossing at end of raw data.,25,,Row notes already carry the dropped detail.
li2026,li2026-a,electrode_gap_um,51,"G of T-segment CPW, metal-to-metal gap across waveguide (Fig. 1(e), matches li2026ba SEM); caption mentions T-segments on grounds only; opposite element may be signal edge.",25,"electrode_gap_um 6 is G of the T-segment CPW, read from the Fig. 1(e) schematic.",Reading-of-schematic statement moved to row notes; the li2026-a row notes do not cover the gap.
li2026a,li2026a-a,etch_depth_nm,34,"Text: 400 nm waveguide height, 200 nm slab, 600 nm film; etch depth read as 600-200; li2026ba (arXiv) states 440 nm etch, 160 nm slab.",25,,All facts kept in 25 words.
li2026a,li2026a-b,etch_depth_nm,34,"Text: 400 nm waveguide height, 200 nm slab, 600 nm film; etch depth read as 600-200; li2026ba (arXiv) states 440 nm etch, 160 nm slab.",25,,All facts kept in 25 words.
li2026b,li2026b-a,bw3db_ghz,28,Authors state above 67 GHz; Fig. 1(b) notch about -3.2 dB near 46.6 GHz; trace ends near -2 dB at 67 GHz.,22,,Dropped parenthetical (below -2 dB over about 45-48 GHz) is in row notes.
li2026ba,li2026ba-a,bw3db_ghz,26,"Smoothed (5 GHz moving average), normalized to 1 GHz; authors attribute roll-off above 60 GHz to inadvertent optical path imbalance used as spectral bias.",24,,"Dropped only the article ""an""."
lin2025,lin2025-a,bw3db_ghz,41,"Text value (normalization not stated); Fig. 3(d) 16 mm trace reads about -2.3 dB at 40 GHz, -3 dB near 50 GHz, so they differ.",25,"Fig. 3(d) 16 mm trace is normalized to 0 dB at 1 GHz; EO response is small-signal, measured to 110 GHz.",Row notes do not cover the figure normalization or the 110 GHz range.
liu2026d,liu2026d-a,vpil_dc_vcm,37,"Asymptote (f -> infinity) of high-pass-filter fits to <= 100 kHz data (Table 1: 'extracted from high-frequency fits'); relaxation-free quasi-static plateau, not GHz; no frequency.",25,,"Row notes carry page refs, tau/corner range and the vpi_dc_freq_ghz-empty rule; page refs remain in locator."
liu2026d,liu2026d-b,vpil_dc_vcm,37,"Asymptote (f -> infinity) of high-pass-filter fits to <= 100 kHz data (Table 1: 'extracted from high-frequency fits'); relaxation-free quasi-static plateau, not GHz; no frequency.",25,,"Row notes carry page refs, tau/corner range and the vpi_dc_freq_ghz-empty rule; page refs remain in locator."
liu2026d,liu2026d-c,vpil_dc_vcm,37,"Asymptote (f -> infinity) of high-pass-filter fits to <= 100 kHz data (Table 1: 'extracted from high-frequency fits'); relaxation-free quasi-static plateau, not GHz; no frequency.",25,,"Row notes carry page refs, tau/corner range and the vpi_dc_freq_ghz-empty rule; page refs remain in locator."
liu2026d,liu2026d-c,vpi_dc_v,38,"Fit-asymptote label at 488 nm (data 10-100 kHz); frequency not applicable; 7.64 V at 100 kHz, 20 C (Fig. 2(a) inset) in row notes only.",25,,Row notes carry the 7.64 V point and the high-pass fit; fig ref 2(c) is in locator.
liu2026d,liu2026d-d,vpil_dc_vcm,37,"Asymptote (f -> infinity) of high-pass-filter fits to <= 100 kHz data (Table 1: 'extracted from high-frequency fits'); relaxation-free quasi-static plateau, not GHz; no frequency.",25,,"Row notes carry page refs, tau/corner range and the vpi_dc_freq_ghz-empty rule; page refs remain in locator."
liu2026d,liu2026d-e,vpil_dc_vcm,37,"Asymptote (f -> infinity) of high-pass-filter fits to <= 100 kHz data (Table 1: 'extracted from high-frequency fits'); relaxation-free quasi-static plateau, not GHz; no frequency.",25,,"Row notes carry page refs, tau/corner range and the vpi_dc_freq_ghz-empty rule; page refs remain in locator."
liu2026d,liu2026d-f,vpil_dc_vcm,37,"Asymptote (f -> infinity) of high-pass-filter fits to <= 100 kHz data (Table 1: 'extracted from high-frequency fits'); relaxation-free quasi-static plateau, not GHz; no frequency.",25,,"Row notes carry page refs, tau/corner range and the vpi_dc_freq_ghz-empty rule; page refs remain in locator."
liu2026d,liu2026d-g,vpil_dc_vcm,37,"Asymptote (f -> infinity) of high-pass-filter fits to <= 100 kHz data (Table 1: 'extracted from high-frequency fits'); relaxation-free quasi-static plateau, not GHz; no frequency.",25,,"Row notes carry page refs, tau/corner range and the vpi_dc_freq_ghz-empty rule; page refs remain in locator."
liu2026d,liu2026d-h,drive_vpp_v,29,"Stated amplifier maximum 7.0 Vpp (digital mode, p.7), inferred as the drive because ER was limited by maximum amplifier swing (p.8); not a measured swing.",25,,Row notes already carry the dropped detail.
lotkov2024,lotkov2024-a,bw6db_ghz,28,"Fit of the response; noisy raw trace reaches about -6 dB near 1.5 GHz, briefly above -3 dB near 1.8, 1.9, 2.1 GHz (approx. reading).",25,,"Row notes carry fit values (3 dB 1.05 GHz, 6 dB 2.3 GHz)."
lu2020,lu2020-a,r_eff_pm_per_v,60,"VpiL 1.44 V cm gives n^3 r33 = 1021 pm/V; Eq. 5-6 assume single 8 mm pi shift, no push-pull factor 2; drive not stated.",25,,"Row notes carry r33 223 pm/V, n = 1.66, confinement 0.738, d_eo, d_c, eps and Supplementary Note 2 pages."
niels2026,niels2026-a,vpi_mzm_pushpull_dc_v,34,"7.0 V per arm corresponds to 3.5 V push-pull; push-pull VpiL 2.3 V cm (3.5 V x 6.6 mm) has no column, kept in notes.",25,,Row notes already carry the dropped detail.
niels2026,niels2026-a,bw3db_ghz,31,"No 3 dB crossing, high-resistivity substrate (VNA and photodetector limited); noisy trace touches about -3 dB near 65 GHz; EOE 3 dB definition not stated.",25,,Row notes already carry the dropped detail.
ogiso2020,ogiso2020-a,drive,28,"Series arms on common n-layer, differential GSSG input; paper says 'differential drive' or 'push-pull drive', not 'series'; ogiso2024 (same group and CL-TWE) is series_push_pull.",24,,Row notes already carry the dropped detail.
ogiso2020,ogiso2020-a,vpi_convention,40,Vpi is voltage between the two differential signal lines; arms in series on common n-layer; paper never says 'series'; ogiso2024 (same CL-TWE) is series_push_pull.,24,,Row notes carry the paper wording ('differential drive' / 'push-pull drive') and the ogiso2016/2024 label link.
ogiso2020,ogiso2020-b,drive,27,"Almost same electrical design as twin-IQ PIC (series arms on common n-layer, differential input from driver IC); paper says 'differential', not 'series'.",22,,Row notes already carry the dropped detail.
rakowski2026,rakowski2026-b,il_onchip_db,31,"At ER=3.5 dB, from authors' static-IL/BW regression trend; Fig. 3(b) line reads about 2.0 dB at 72 GHz marker vs 1.8 dB (Table 1).",24,,Row notes already carry the dropped detail.
schwarzenberger2023a,schwarzenberger2023a-a,drive_vpp_v,38,"Stated drive setting of PAM4 70 GBd eye; reference plane (on-chip vs amplifier output) not stated, unlike OOK voltages that authors call estimated on-chip.",24,,Row notes already carry the dropped detail.
schwarzenberger2026a,schwarzenberger2026a-a,max_net_rate_gbps,80,"Highest NDR, 176 GBd PAM4, 1.17 Vpp (AIR 340.5 Gbit/s); not the 192 GBd, 0.95 Vpp point of max_baud/drive_vpp; NDR from NGMI, ref. 44 overheads.",25,,Row notes carry the 192 GBd / 310.9 Gbit/s sub-1 Vpp point and the mixed-operating-point statement; quote of the paper sentence shortened.
shen2025,shen2025-a,il_onchip_db,43,"Read from Fig. S9 at 1547.1 nm, about +/-0.3 dB, end of plotted trace (-12.2 to -12.6 dB); called on-chip loss, grating-coupler inclusion not stated.",25,Fig. S9 was read from the supplement docx image word/media/image36.jpeg (transmission vs wavelength).,Row notes carry the rest; image filename moved to overflow.
shen2025,shen2025-d,il_onchip_db,43,"Read from Fig. S9 at 1546.1 nm, about +/-0.3 dB, near trace local minimum at about 1546.07 nm; called on-chip loss, grating-coupler inclusion not stated.",25,Fig. S9 was read from the supplement docx image word/media/image36.jpeg (transmission vs wavelength).,Row notes carry the rest; image filename moved to overflow.
shen2026,shen2026-a,bw3db_ghz,29,"Paper's stated bound 'exceeding 100 GHz', kept as gt 100; Fig. 3(c) fit crosses -3 dB near 105 GHz; VNA+OSA data to 110 GHz.",24,,Row notes already carry the dropped detail.
singer2025,singer2025-a,il_onchip_db,33,Authors' on-chip excess loss; equals Table 2 sum of on-chip elements (cutback test structures) and 10.8 dB minus two estimated 3.3 dB photonic wire bonds.,25,,"p.16 reference dropped; it is in row notes and locator covers p.6, p.8, Table 2."
wang2022,wang2022-a,bw3db_ghz,55,EO S21 ends near 67 GHz at about -2.3 dB: lower bound only; paper claims >70 GHz beyond plotted data; 100 GHz is simulated.,24,The lowest dip of the measured EO S21 trace is about -2.4 dB near 52 GHz.,"Row notes carry claim locations (abstract p.1, p.2, p.4, Table 1, conclusions) and the -2.4 dB floor; dip position added to overflow."
wang2022,wang2022-b,bw3db_ghz,31,'a bandwidth of also >70 GHz' in same sentence as Vpi 3 V; no figure or measurement range; supplement p.5 names 67 GHz probe arrays.,25,,Probe model (GGB 67A) is in row notes.
xu2022,xu2022-a,buffer_oxide_um,37,"0.7 um SiO2 under CL-TWE (text value); Fig. 1(c) arrows may span electrode bottom to quartz top (about 0.52 um SiO2 over slab), not adopted.",25,,Row notes already carry the dropped detail.
xu2022,xu2022-a,energy_per_bit_fj,47,"Formula and scope not stated by authors; auditor check 4*(0.161 V)^2/50 ohm/(130 GBd*15.38 bit/symbol) = 1.04 fJ/bit: four sub-MZMs into 50 ohm, DAC excluded.",24,"Auditor check of 1.04 fJ/bit (not stated by the authors) is modulator load only: four sub-MZMs into 50 ohm, DAC excluded.","Row notes say only 'without formula or scope'; auditor check kept in note, scope sentence added to row notes."
xue2026,xue2026-b,eo_rolloff_db,35,"1 dB drop below 2 GHz (impedance mismatch), flat after; 1.3 dB reference (low-frequency plateau or 2 GHz) not stated, unresolvable in Fig. 5(a).",24,,Row notes already carry the dropped detail.
yang2022,yang2022-a,vpi_dc_v,31,"5 MHz triangular sweep; text label 'VpiL' read as Vpi, per Fig. 5(a) annotation and abstract (~2.37 V cm = 4.74 V x 0.5 cm).",25,,Row notes already carry the dropped detail.
zwickel2020,zwickel2020-gate300,z0_ohm,27,"Authors: Z0 rather insensitive to gate voltage (p.9); measured Re Z0 at 300 V only in 3D Fig. 3(a), not read; limit about 50 ohm.",25,,Row notes already carry the dropped detail.
