paper_id,author_index,author,aff_order,kind,org_name,unit,locality,country,source,locator,note
aihara2026,1,Takuma Aihara,1,primary,"NTT, Inc.",Device Innovation Center,"Atsugi, Kanagawa",JP,paper,p.1 affiliations,
aihara2026,1,Takuma Aihara,2,additional,"NTT, Inc.",Device Technology Labs,"Atsugi, Kanagawa",JP,paper,p.1 affiliations,
aihara2026,2,Tatsurou Hiraki,1,primary,"NTT, Inc.",Device Innovation Center,"Atsugi, Kanagawa",JP,paper,p.1 affiliations,
aihara2026,2,Tatsurou Hiraki,2,additional,"NTT, Inc.",Device Technology Labs,"Atsugi, Kanagawa",JP,paper,p.1 affiliations,
aihara2026,3,Yoshiho Maeda,1,primary,"NTT, Inc.",Device Innovation Center,"Atsugi, Kanagawa",JP,paper,p.1 affiliations,
aihara2026,3,Yoshiho Maeda,2,additional,"NTT, Inc.",Device Technology Labs,"Atsugi, Kanagawa",JP,paper,p.1 affiliations,
aihara2026,4,Takuro Fujii,1,primary,"NTT, Inc.",Device Innovation Center,"Atsugi, Kanagawa",JP,paper,p.1 affiliations,
aihara2026,4,Takuro Fujii,2,additional,"NTT, Inc.",Device Technology Labs,"Atsugi, Kanagawa",JP,paper,p.1 affiliations,
aihara2026,5,Masashi Ota,1,primary,"NTT, Inc.",Device Innovation Center,"Atsugi, Kanagawa",JP,paper,p.1 affiliations,
aihara2026,6,Tomonari Sato,1,primary,"NTT, Inc.",Device Innovation Center,"Atsugi, Kanagawa",JP,paper,p.1 affiliations,
aihara2026,6,Tomonari Sato,2,additional,"NTT, Inc.",Device Technology Labs,"Atsugi, Kanagawa",JP,paper,p.1 affiliations,
aihara2026,7,Shinji Matsuo,1,primary,"NTT, Inc.",Device Technology Labs,"Atsugi, Kanagawa",JP,paper,p.1 affiliations,
boynton2020,1,Nicholas Boynton,1,primary,Sandia National Laboratories,Photonic & Phononic Microsystems,"Albuquerque, NM",US,paper,p.1 affiliations,
boynton2020,2,Hong Cai,1,primary,Sandia National Laboratories,Photonic & Phononic Microsystems,"Albuquerque, NM",US,paper,p.1 affiliations,
boynton2020,3,Michael Gehl,1,primary,Sandia National Laboratories,Photonic & Phononic Microsystems,"Albuquerque, NM",US,paper,p.1 affiliations,
boynton2020,4,Shawn Arterburn,1,primary,Sandia National Laboratories,Photonic & Phononic Microsystems,"Albuquerque, NM",US,paper,p.1 affiliations,
boynton2020,5,Christina Dallo,1,primary,Sandia National Laboratories,Photonic & Phononic Microsystems,"Albuquerque, NM",US,paper,p.1 affiliations,
boynton2020,6,Andrew Pomerene,1,primary,Sandia National Laboratories,Photonic & Phononic Microsystems,"Albuquerque, NM",US,paper,p.1 affiliations,
boynton2020,7,Andrew Starbuck,1,primary,Sandia National Laboratories,Photonic & Phononic Microsystems,"Albuquerque, NM",US,paper,p.1 affiliations,
boynton2020,8,Dana Hood,1,primary,Sandia National Laboratories,Photonic & Phononic Microsystems,"Albuquerque, NM",US,paper,p.1 affiliations,
boynton2020,9,Douglas C. Trotter,1,primary,Sandia National Laboratories,Photonic & Phononic Microsystems,"Albuquerque, NM",US,paper,p.1 affiliations,
boynton2020,10,Thomas Friedmann,1,primary,Sandia National Laboratories,Photonic & Phononic Microsystems,"Albuquerque, NM",US,paper,p.1 affiliations,
boynton2020,11,Christopher T. DeRose,1,primary,Sandia National Laboratories,Photonic & Phononic Microsystems,"Albuquerque, NM",US,paper,p.1 affiliations,
boynton2020,12,Anthony Lentine,1,primary,Sandia National Laboratories,Photonic & Phononic Microsystems,"Albuquerque, NM",US,paper,p.1 affiliations,
deng2026a,1,Ruogu Deng,1,primary,"Institute of Semiconductors, Chinese Academy of Sciences",,Beijing,CN,paper,p.1 affiliations,
deng2026a,1,Ruogu Deng,2,additional,University of Chinese Academy of Sciences,,Beijing,CN,paper,p.1 affiliations,
deng2026a,2,Erse Jia,1,primary,Zhangjiang Laboratory,,Shanghai,CN,paper,p.1 affiliations,
deng2026a,3,Yizhou Xu,1,primary,University of Chinese Academy of Sciences,,Beijing,CN,paper,p.1 affiliations,
deng2026a,4,Han Liu,1,primary,"Institute of Semiconductors, Chinese Academy of Sciences",,Beijing,CN,paper,p.1 affiliations,
deng2026a,4,Han Liu,2,additional,University of Chinese Academy of Sciences,,Beijing,CN,paper,p.1 affiliations,
deng2026a,5,Jun Li,1,primary,Zhangjiang Laboratory,,Shanghai,CN,paper,p.1 affiliations,
deng2026a,6,Jingbo Wang,1,primary,"Institute of Semiconductors, Chinese Academy of Sciences",,Beijing,CN,paper,p.1 affiliations,
deng2026a,6,Jingbo Wang,2,additional,University of Chinese Academy of Sciences,,Beijing,CN,paper,p.1 affiliations,
deng2026a,7,Bolun Cui,1,primary,"Institute of Semiconductors, Chinese Academy of Sciences",,Beijing,CN,paper,p.1 affiliations,
deng2026a,7,Bolun Cui,2,additional,University of Chinese Academy of Sciences,,Beijing,CN,paper,p.1 affiliations,
deng2026a,8,Guike Li,1,primary,"Institute of Semiconductors, Chinese Academy of Sciences",,Beijing,CN,paper,p.1 affiliations,
deng2026a,8,Guike Li,2,additional,University of Chinese Academy of Sciences,,Beijing,CN,paper,p.1 affiliations,
deng2026a,9,Jian Liu,1,primary,"Institute of Semiconductors, Chinese Academy of Sciences",,Beijing,CN,paper,p.1 affiliations,
deng2026a,9,Jian Liu,2,additional,University of Chinese Academy of Sciences,,Beijing,CN,paper,p.1 affiliations,
deng2026a,10,Zhao Zhang,1,primary,"Institute of Semiconductors, Chinese Academy of Sciences",,Beijing,CN,paper,p.1 affiliations,
deng2026a,10,Zhao Zhang,2,additional,University of Chinese Academy of Sciences,,Beijing,CN,paper,p.1 affiliations,
deng2026a,11,Haiwen Cai,1,primary,Zhangjiang Laboratory,,Shanghai,CN,paper,p.1 affiliations,
deng2026a,12,Wei Chu,1,primary,Zhangjiang Laboratory,,Shanghai,CN,paper,p.1 affiliations,
deng2026a,13,Fenghe Yang,1,primary,Zhangjiang Laboratory,,Shanghai,CN,paper,p.1 affiliations,
deng2026a,14,Nan Qi,1,primary,"Institute of Semiconductors, Chinese Academy of Sciences",,Beijing,CN,paper,p.1 affiliations,
deng2026a,14,Nan Qi,2,additional,University of Chinese Academy of Sciences,,Beijing,CN,paper,p.1 affiliations,
deng2026a,15,Liyuan Liu,1,primary,"Institute of Semiconductors, Chinese Academy of Sciences",,Beijing,CN,paper,p.1 affiliations,
deng2026a,15,Liyuan Liu,2,additional,University of Chinese Academy of Sciences,,Beijing,CN,paper,p.1 affiliations,
hillier2025,1,James Arthur Hillier,1,primary,Eindhoven University of Technology,Eindhoven Hendrik Casimir Institute,Eindhoven,NL,paper,p.1 affiliations,
hillier2025,2,Arezou Meighan,1,primary,Eindhoven University of Technology,Eindhoven Hendrik Casimir Institute,Eindhoven,NL,paper,p.1 affiliations,
hillier2025,3,Qian Hu,1,primary,Nokia Bell Labs,,"Murray Hill, NJ",US,paper,p.1 affiliations,
hillier2025,4,Haoshuo Chen,1,primary,Nokia Bell Labs,,"Murray Hill, NJ",US,paper,p.1 affiliations,
hillier2025,5,Weiming Yao,1,primary,Eindhoven University of Technology,Eindhoven Hendrik Casimir Institute,Eindhoven,NL,paper,p.1 affiliations,
hillier2025,6,Rainier Van Dommele,1,primary,Eindhoven University of Technology,Eindhoven Hendrik Casimir Institute,Eindhoven,NL,paper,p.1 affiliations,
hillier2025,7,Luc Augustin,1,primary,Eindhoven University of Technology,Eindhoven Hendrik Casimir Institute,Eindhoven,NL,paper,p.1 affiliations,
hillier2025,7,Luc Augustin,2,additional,SMART Photonics,,Eindhoven,NL,paper,p.1 affiliations,
hillier2025,8,Michael Wale,1,primary,Eindhoven University of Technology,Eindhoven Hendrik Casimir Institute,Eindhoven,NL,paper,p.1 affiliations,
hillier2025,8,Michael Wale,2,additional,University College London,Department of Electronic and Electrical Engineering,London,GB,paper,p.1 affiliations,
hillier2025,9,Kevin Williams,1,primary,Eindhoven University of Technology,Eindhoven Hendrik Casimir Institute,Eindhoven,NL,paper,p.1 affiliations,
kawahara2026,1,Keisuke Kawahara,1,primary,Institute of Science Tokyo,Department of Electrical and Electronic Engineering,Tokyo,JP,paper,p.1 affiliations,
kawahara2026,1,Keisuke Kawahara,2,additional,Yokohama National University,Department of Electrical and Computer Engineering,Yokohama,JP,paper,p.1 affiliations,
kawahara2026,2,Tai Tsuchizawa,1,primary,National Institute of Advanced Industrial Science and Technology,,Tsukuba,JP,paper,p.1 affiliations,
kawahara2026,3,Noritsugu Yamamoto,1,primary,National Institute of Advanced Industrial Science and Technology,,Tsukuba,JP,paper,p.1 affiliations,
kawahara2026,4,Yuriko Maegami,1,primary,National Institute of Advanced Industrial Science and Technology,,Tsukuba,JP,paper,p.1 affiliations,
kawahara2026,5,Koji Yamada,1,primary,National Institute of Advanced Industrial Science and Technology,,Tsukuba,JP,paper,p.1 affiliations,
kawahara2026,6,Nobuhiko Nishiyama,1,primary,Institute of Science Tokyo,Department of Electrical and Electronic Engineering,Tokyo,JP,paper,p.1 affiliations,
kawahara2026,6,Nobuhiko Nishiyama,2,additional,Photonics Electronics Technology Research Association,,Tokyo,JP,paper,p.1 affiliations,
kawahara2026,7,Toshihiko Baba,1,primary,Yokohama National University,Department of Electrical and Computer Engineering,Yokohama,JP,paper,p.1 affiliations,
li2026b,1,Dan Li,1,primary,KTH Royal Institute of Technology,Department of Physics,Stockholm,SE,paper,p.1 affiliations,
li2026b,1,Dan Li,2,additional,RISE Research Institutes of Sweden,Kista High-Speed Transmission Lab,Kista,SE,paper,p.1 affiliations,
li2026b,2,Yevhenii Osadchuk,1,primary,University of Copenhagen,Center for Digital and Computational Humanities,,DK,paper,p.1 affiliations,"no city printed (""Karen Blixens Plads 8, 2300, Denmark"")"
li2026b,3,Armands Ostrovskis,1,primary,Riga Technical University,"Institute of Photonics, Electronics and Telecommunications",Riga,LV,paper,p.1 affiliations,
li2026b,3,Armands Ostrovskis,2,additional,Keysight Technologies Deutschland GmbH,,Böblingen,DE,paper,p.1 affiliations,
li2026b,4,Tianyu Jiang,1,primary,KTH Royal Institute of Technology,Department of Physics,Stockholm,SE,paper,p.1 affiliations,
li2026b,4,Tianyu Jiang,2,additional,RISE Research Institutes of Sweden,Kista High-Speed Transmission Lab,Kista,SE,paper,p.1 affiliations,
li2026b,5,Francesco Da Ros,1,primary,Technical University of Denmark,DTU Electro,Kongens Lyngby,DK,paper,p.1 affiliations,
li2026b,6,Richard Schatz,1,primary,RISE Research Institutes of Sweden,Kista High-Speed Transmission Lab,Kista,SE,paper,p.1 affiliations,
li2026b,7,Darko Zibar,1,primary,Technical University of Denmark,DTU Electro,Kongens Lyngby,DK,paper,p.1 affiliations,
li2026b,8,Minkyu Kim,1,primary,imec,,Leuven,BE,paper,p.1 affiliations,
li2026b,9,Peter De Heyn,1,primary,imec,,Leuven,BE,paper,p.1 affiliations,
li2026b,10,Lu Zhang,1,primary,Zhejiang University,College of Information Science and Electronic Engineering,Hangzhou,CN,paper,p.1 affiliations,
li2026b,11,Xianbin Yu,1,primary,Zhejiang University,College of Information Science and Electronic Engineering,Hangzhou,CN,paper,p.1 affiliations,
li2026b,12,Vjaceslavs Bobrovs,1,primary,Riga Technical University,"Institute of Photonics, Electronics and Telecommunications",Riga,LV,paper,p.1 affiliations,
li2026b,13,Xiaodan Pang,1,primary,Zhejiang University,College of Information Science and Electronic Engineering,Hangzhou,CN,paper,p.1 affiliations,
li2026b,13,Xiaodan Pang,2,additional,Riga Technical University,"Institute of Photonics, Electronics and Telecommunications",Riga,LV,paper,p.1 affiliations,
li2026b,14,Oskars Ozolins,1,primary,Riga Technical University,"Institute of Photonics, Electronics and Telecommunications",Riga,LV,paper,p.1 affiliations,
li2026b,14,Oskars Ozolins,2,additional,RISE Research Institutes of Sweden,Kista High-Speed Transmission Lab,Kista,SE,paper,p.1 affiliations,
mao2022,1,Jiawei Mao,1,primary,Kyushu University,Interdisciplinary Graduate School of Engineering Sciences,"Kasuga, Fukuoka",JP,paper,p.2 affiliations,
mao2022,2,Hiromu Sato,1,primary,Kyushu University,Institute for Materials Chemistry and Engineering,"Kasuga, Fukuoka",JP,paper,p.2 affiliations,
mao2022,3,Guo-Wei Lu,1,primary,Kyushu University,Institute for Materials Chemistry and Engineering,"Kasuga, Fukuoka",JP,paper,p.2 affiliations,
mao2022,3,Guo-Wei Lu,2,additional,The University of Aizu,Division of Computer Engineering,Fukushima,JP,paper,p.2 affiliations,"locality is the prefecture as printed (""Fukushima 965-8580""); no city printed"
mao2022,4,Shiyoshi Yokoyama,1,primary,Kyushu University,Interdisciplinary Graduate School of Engineering Sciences,"Kasuga, Fukuoka",JP,paper,p.2 affiliations,
mao2022,4,Shiyoshi Yokoyama,2,additional,Kyushu University,Institute for Materials Chemistry and Engineering,"Kasuga, Fukuoka",JP,paper,p.2 affiliations,
okuda2026,1,Shinya Okuda,1,primary,Mitsubishi Electric Corporation,High Frequency & Optical Device Works,"Itami, Hyogo",JP,paper,p.1 affiliations,
okuda2026,2,Yohei Hokama,1,primary,Mitsubishi Electric Corporation,High Frequency & Optical Device Works,"Itami, Hyogo",JP,paper,p.1 affiliations,
okuda2026,3,Kenichi Terao,1,primary,Mitsubishi Electric Corporation,High Frequency & Optical Device Works,"Itami, Hyogo",JP,paper,p.1 affiliations,
okuda2026,4,Shunto Katsumi,1,primary,Mitsubishi Electric Corporation,High Frequency & Optical Device Works,"Itami, Hyogo",JP,paper,p.1 affiliations,
okuda2026,5,Takaya Morikawa,1,primary,Mitsubishi Electric Corporation,High Frequency & Optical Device Works,"Itami, Hyogo",JP,paper,p.1 affiliations,
okuda2026,6,Toshiya Tsuji,1,primary,Mitsubishi Electric Corporation,High Frequency & Optical Device Works,"Itami, Hyogo",JP,paper,p.1 affiliations,
okuda2026,7,Chikara Watatani,1,primary,Mitsubishi Electric Corporation,High Frequency & Optical Device Works,"Itami, Hyogo",JP,paper,p.1 affiliations,
okuda2026,8,Yoshimichi Morita,1,primary,Mitsubishi Electric Corporation,High Frequency & Optical Device Works,"Itami, Hyogo",JP,paper,p.1 affiliations,
okuda2026,9,Masaaki Shimada,1,primary,Mitsubishi Electric Corporation,High Frequency & Optical Device Works,"Itami, Hyogo",JP,paper,p.1 affiliations,
okuda2026,10,Takuma Fujita,1,primary,Mitsubishi Electric Corporation,High Frequency & Optical Device Works,"Itami, Hyogo",JP,paper,p.1 affiliations,
okuda2026,11,Asami Uchiyama,1,primary,Mitsubishi Electric Corporation,Information Technology R & D Center,"Kamakura, Kanagawa",JP,paper,p.1 affiliations,
okuda2026,12,Mizuki Shirao,1,primary,Mitsubishi Electric Corporation,Information Technology R & D Center,"Kamakura, Kanagawa",JP,paper,p.1 affiliations,
okuda2026,13,Kyosuke Kuramoto,1,primary,Mitsubishi Electric Corporation,High Frequency & Optical Device Works,"Itami, Hyogo",JP,paper,p.1 affiliations,
okuda2026,14,Eitaro Ishimura,1,primary,Mitsubishi Electric Corporation,High Frequency & Optical Device Works,"Itami, Hyogo",JP,paper,p.1 affiliations,
okuda2026,15,Akihito Ono,1,primary,Mitsubishi Electric Corporation,High Frequency & Optical Device Works,"Itami, Hyogo",JP,paper,p.1 affiliations,
schwarzenberger2023,1,A. Schwarzenberger,1,primary,Karlsruhe Institute of Technology,Institute of Photonics and Quantum Electronics (IPQ); Institute of Microstructure Technology (IMT),,DE,paper,p.1 affiliations,"no city printed (only ""Germany""); unit printed as one string covering IPQ and IMT"
schwarzenberger2023,2,A. Mertens,1,primary,SilOriX,,Karlsruhe,DE,paper,p.1 affiliations,
schwarzenberger2023,3,H. Kholeif,1,primary,Karlsruhe Institute of Technology,Institute of Photonics and Quantum Electronics (IPQ); Institute of Microstructure Technology (IMT),,DE,paper,p.1 affiliations,
schwarzenberger2023,4,A. Kotz,1,primary,Karlsruhe Institute of Technology,Institute of Photonics and Quantum Electronics (IPQ); Institute of Microstructure Technology (IMT),,DE,paper,p.1 affiliations,
schwarzenberger2023,5,C. Eschenbaum,1,primary,Karlsruhe Institute of Technology,Institute of Photonics and Quantum Electronics (IPQ); Institute of Microstructure Technology (IMT),,DE,paper,p.1 affiliations,
schwarzenberger2023,5,C. Eschenbaum,2,additional,SilOriX,,Karlsruhe,DE,paper,p.1 affiliations,
schwarzenberger2023,6,L. E. Johnson,1,primary,NLM Photonics,,Seattle,US,paper,p.1 affiliations,
schwarzenberger2023,7,D. L. Elder,1,primary,NLM Photonics,,Seattle,US,paper,p.1 affiliations,
schwarzenberger2023,8,S. R. Hammond,1,primary,NLM Photonics,,Seattle,US,paper,p.1 affiliations,
schwarzenberger2023,9,K. O'Malley,1,primary,NLM Photonics,,Seattle,US,paper,p.1 affiliations,
schwarzenberger2023,10,L. Dalton,1,primary,University of Washington,Dpt. of Chemistry,Seattle,US,paper,p.1 affiliations,
schwarzenberger2023,11,S. Randel,1,primary,Karlsruhe Institute of Technology,Institute of Photonics and Quantum Electronics (IPQ); Institute of Microstructure Technology (IMT),,DE,paper,p.1 affiliations,
schwarzenberger2023,12,W. Freude,1,primary,Karlsruhe Institute of Technology,Institute of Photonics and Quantum Electronics (IPQ); Institute of Microstructure Technology (IMT),,DE,paper,p.1 affiliations,
schwarzenberger2023,13,C. Koos,1,primary,Karlsruhe Institute of Technology,Institute of Photonics and Quantum Electronics (IPQ); Institute of Microstructure Technology (IMT),,DE,paper,p.1 affiliations,
schwarzenberger2023,13,C. Koos,2,additional,SilOriX,,Karlsruhe,DE,paper,p.1 affiliations,
singer2025,1,S. Singer,1,primary,Karlsruhe Institute of Technology,Institute of Photonics and Quantum Electronics (IPQ),Karlsruhe,DE,paper,p.1 affiliations,
singer2025,1,S. Singer,2,additional,SilOriX,,Karlsruhe,DE,paper,p.1 affiliations,
singer2025,2,A. Schwarzenberger,1,primary,Karlsruhe Institute of Technology,Institute of Photonics and Quantum Electronics (IPQ),Karlsruhe,DE,paper,p.1 affiliations,
singer2025,2,A. Schwarzenberger,2,additional,SilOriX,,Karlsruhe,DE,paper,p.1 affiliations,
singer2025,3,C. Eschenbaum,1,primary,Karlsruhe Institute of Technology,Institute of Photonics and Quantum Electronics (IPQ),Karlsruhe,DE,paper,p.1 affiliations,
singer2025,3,C. Eschenbaum,2,additional,SilOriX,,Karlsruhe,DE,paper,p.1 affiliations,
singer2025,4,M. Martens,1,primary,SilOriX,,Karlsruhe,DE,paper,p.1 affiliations,
singer2025,4,M. Martens,2,additional,Karlsruhe Institute of Technology,Institute of Microstructure Technology (IMT),Eggenstein-Leopoldshafen,DE,paper,p.1 affiliations,
singer2025,5,A. Mertens,1,primary,Karlsruhe Institute of Technology,Institute of Microstructure Technology (IMT),Eggenstein-Leopoldshafen,DE,paper,p.1 affiliations,
singer2025,6,G. Dagher,1,primary,MultiLane Inc.,,,LB,paper,p.1 affiliations,"no city printed (""Houmal Technology Park, Lebanon"")"
singer2025,7,L. Valenziano,1,primary,Karlsruhe Institute of Technology,Institute of Radio Frequency Engineering and Electronics (IHE),Karlsruhe,DE,paper,p.1 affiliations,
singer2025,8,S. Sarwar,1,primary,Karlsruhe Institute of Technology,Institute of Organic Chemistry (IOC),Karlsruhe,DE,paper,p.1 affiliations,
singer2025,8,S. Sarwar,2,additional,Karlsruhe Institute of Technology,Institute of Biological and Chemical Systems - Functional Molecular Systems (IBCS-FMS),Karlsruhe,DE,paper,p.1 affiliations,"marker 7 line prints no institution name; Karlsruhe Institute of Technology inferred from the shared address (Kaiserstr. 12, 76131 Karlsruhe) with marker 6 (KIT IOC)"
singer2025,9,P. Erk,1,primary,Karlsruhe Institute of Technology,Institute of Photonics and Quantum Electronics (IPQ),Karlsruhe,DE,paper,p.1 affiliations,
singer2025,10,H. Kholeif,1,primary,Karlsruhe Institute of Technology,Institute of Photonics and Quantum Electronics (IPQ),Karlsruhe,DE,paper,p.1 affiliations,
singer2025,11,A. Kotz,1,primary,Karlsruhe Institute of Technology,Institute of Photonics and Quantum Electronics (IPQ),Karlsruhe,DE,paper,p.1 affiliations,
singer2025,12,T. Zwick,1,primary,Karlsruhe Institute of Technology,Institute of Radio Frequency Engineering and Electronics (IHE),Karlsruhe,DE,paper,p.1 affiliations,
singer2025,13,S. Bräse,1,primary,Karlsruhe Institute of Technology,Institute of Organic Chemistry (IOC),Karlsruhe,DE,paper,p.1 affiliations,
singer2025,13,S. Bräse,2,additional,Karlsruhe Institute of Technology,Institute of Biological and Chemical Systems - Functional Molecular Systems (IBCS-FMS),Karlsruhe,DE,paper,p.1 affiliations,"marker 7 line prints no institution name; Karlsruhe Institute of Technology inferred from the shared address (Kaiserstr. 12, 76131 Karlsruhe) with marker 6 (KIT IOC)"
singer2025,14,W. Freude,1,primary,Karlsruhe Institute of Technology,Institute of Photonics and Quantum Electronics (IPQ),Karlsruhe,DE,paper,p.1 affiliations,
singer2025,15,S. Randel,1,primary,Karlsruhe Institute of Technology,Institute of Photonics and Quantum Electronics (IPQ),Karlsruhe,DE,paper,p.1 affiliations,
singer2025,16,C. Koos,1,primary,Karlsruhe Institute of Technology,Institute of Photonics and Quantum Electronics (IPQ),Karlsruhe,DE,paper,p.1 affiliations,
singer2025,16,C. Koos,2,additional,SilOriX,,Karlsruhe,DE,paper,p.1 affiliations,
singer2025,16,C. Koos,3,additional,Karlsruhe Institute of Technology,Institute of Microstructure Technology (IMT),Eggenstein-Leopoldshafen,DE,paper,p.1 affiliations,
taghavi2026a,1,Iman Taghavi,1,primary,University of British Columbia,Electrical and Computer Engineering,"Vancouver, BC",CA,paper,p.1 affiliations,
taghavi2026a,1,Iman Taghavi,2,additional,University of British Columbia,Quantum Matter Institute,"Vancouver, BC",CA,paper,p.1 affiliations,
taghavi2026a,2,Cory Pecinovsky,1,primary,"Polaris Electro-Optics, Inc.",,"Broomfield, CO",US,paper,p.1 affiliations,
taghavi2026a,3,Nicolas A.F. Jaeger,1,primary,University of British Columbia,Electrical and Computer Engineering,"Vancouver, BC",CA,paper,p.1 affiliations,
taghavi2026a,4,Lukas Chrostowski,1,primary,University of British Columbia,Electrical and Computer Engineering,"Vancouver, BC",CA,paper,p.1 affiliations,
taghavi2026a,4,Lukas Chrostowski,2,additional,University of British Columbia,Quantum Matter Institute,"Vancouver, BC",CA,paper,p.1 affiliations,
taghavi2026a,4,Lukas Chrostowski,3,additional,Dream Photonics,,"Vancouver, BC",CA,paper,p.1 affiliations,
taghavi2026a,5,Sudip Shekhar,1,primary,University of British Columbia,Electrical and Computer Engineering,"Vancouver, BC",CA,paper,p.1 affiliations,
taghavi2026a,5,Sudip Shekhar,2,additional,Dream Photonics,,"Vancouver, BC",CA,paper,p.1 affiliations,
valdez2026,1,Forrest Valdez,1,primary,LIGENTEC,,Ecublens VD,CH,paper,p.1 affiliations,
valdez2026,2,Boris Zabelich,1,primary,LIGENTEC,,Ecublens VD,CH,paper,p.1 affiliations,
valdez2026,3,Viphretuo Mere,1,primary,LIGENTEC,,Ecublens VD,CH,paper,p.1 affiliations,
valdez2026,4,Pragati Aashna,1,primary,LIGENTEC,,Ecublens VD,CH,paper,p.1 affiliations,
valdez2026,5,Radha Krishnan,1,primary,LIGENTEC,,Ecublens VD,CH,paper,p.1 affiliations,
valdez2026,6,Camiel Op de Beeck,1,primary,LIGENTEC,,Ecublens VD,CH,paper,p.1 affiliations,
valdez2026,7,Arif Rahman,1,primary,University of California San Diego,Department of Electrical and Computer Engineering,"La Jolla, California",US,paper,p.1 affiliations,
valdez2026,8,Shayan Mookherjea,1,primary,University of California San Diego,Department of Electrical and Computer Engineering,"La Jolla, California",US,paper,p.1 affiliations,
valdez2026,9,Pieter Wuytens,1,primary,LIGENTEC,,Ecublens VD,CH,paper,p.1 affiliations,
xue2023,1,Shixin Xue,1,primary,University of Rochester,Department of Electrical and Computer Engineering,"Rochester, New York",US,paper,p.1 affiliations,
xue2023,2,Zhimin Shi,1,primary,Meta,Reality Labs Research,"Redmond, Washington",US,paper,p.1 affiliations,
xue2023,3,Jingwei Ling,1,primary,University of Rochester,Department of Electrical and Computer Engineering,"Rochester, New York",US,paper,p.1 affiliations,
xue2023,4,Zhengdong Gao,1,primary,University of Rochester,Department of Electrical and Computer Engineering,"Rochester, New York",US,paper,p.1 affiliations,
xue2023,5,Qili Hu,1,primary,University of Rochester,Institute of Optics,"Rochester, New York",US,paper,p.1 affiliations,
xue2023,6,Kaibo Zhang,1,primary,University of Rochester,Institute of Optics,"Rochester, New York",US,paper,p.1 affiliations,
xue2023,7,Gareth Valentine,1,primary,Meta,Reality Labs Research,"Redmond, Washington",US,paper,p.1 affiliations,
xue2023,8,Xi Wu,1,primary,Meta,Reality Labs Research,"Redmond, Washington",US,paper,p.1 affiliations,
xue2023,9,Jeremy Staffa,1,primary,University of Rochester,Institute of Optics,"Rochester, New York",US,paper,p.1 affiliations,
xue2023,10,Usman A. Javid,1,primary,University of Rochester,Institute of Optics,"Rochester, New York",US,paper,p.1 affiliations,
xue2023,11,Qiang Lin,1,primary,University of Rochester,Department of Electrical and Computer Engineering,"Rochester, New York",US,paper,p.1 affiliations,
xue2023,11,Qiang Lin,2,additional,University of Rochester,Institute of Optics,"Rochester, New York",US,paper,p.1 affiliations,
yin2026,1,Yuchen Yin,1,primary,Shanghai Jiao Tong University,"State Key Laboratory of Photonics and Communications, School of Information and Electronic Engineering",Shanghai,CN,paper,p.1 affiliations,
yin2026,2,Aoxue Wang,1,primary,Fudan University,College of Future Information Technology,Shanghai,CN,paper,p.1 affiliations,
yin2026,3,Jiajian Chen,1,primary,"Institute of Physics, Chinese Academy of Sciences",,Beijing,CN,paper,p.1 affiliations,
yin2026,4,Yichen Xu,1,primary,Shanghai Jiao Tong University,"State Key Laboratory of Photonics and Communications, School of Information and Electronic Engineering",Shanghai,CN,paper,p.1 affiliations,
yin2026,5,Weilu Wu,1,primary,Shanghai Jiao Tong University,"State Key Laboratory of Photonics and Communications, School of Information and Electronic Engineering",Shanghai,CN,paper,p.1 affiliations,
yin2026,6,Xinyi Hu,1,primary,Shanghai Jiao Tong University,"State Key Laboratory of Photonics and Communications, School of Information and Electronic Engineering",Shanghai,CN,paper,p.1 affiliations,
yin2026,7,Jinlong Xiang,1,primary,Shanghai Jiao Tong University,"State Key Laboratory of Photonics and Communications, School of Information and Electronic Engineering",Shanghai,CN,paper,p.1 affiliations,
yin2026,8,Youlve Chen,1,primary,Shanghai Jiao Tong University,"State Key Laboratory of Photonics and Communications, School of Information and Electronic Engineering",Shanghai,CN,paper,p.1 affiliations,
yin2026,9,Zhenyu Zhao,1,primary,Shanghai Jiao Tong University,"State Key Laboratory of Photonics and Communications, School of Information and Electronic Engineering",Shanghai,CN,paper,p.1 affiliations,
yin2026,10,An He,1,primary,Shanghai Jiao Tong University,"State Key Laboratory of Photonics and Communications, School of Information and Electronic Engineering",Shanghai,CN,paper,p.1 affiliations,
yin2026,11,Zongheng Weng,1,primary,Fudan University,College of Future Information Technology,Shanghai,CN,paper,p.1 affiliations,
yin2026,12,Yaotian Zhao,1,primary,Zhangjiang Laboratory,,Shanghai,CN,paper,p.1 affiliations,
yin2026,13,Wei Chu,1,primary,Zhangjiang Laboratory,,Shanghai,CN,paper,p.1 affiliations,
yin2026,14,Ting Wang,1,primary,"Institute of Physics, Chinese Academy of Sciences",,Beijing,CN,paper,p.1 affiliations,
yin2026,15,Yikai Su,1,primary,Shanghai Jiao Tong University,"State Key Laboratory of Photonics and Communications, School of Information and Electronic Engineering",Shanghai,CN,paper,p.1 affiliations,
yin2026,16,Xuhan Guo,1,primary,Shanghai Jiao Tong University,"State Key Laboratory of Photonics and Communications, School of Information and Electronic Engineering",Shanghai,CN,paper,p.1 affiliations,
zhou2026,1,Jianying Zhou,1,primary,"Ligent Technologies, Inc.",,"San Jose, CA",US,paper,p.1 affiliations,
zhou2026,2,Lei Xin,1,primary,"Ligent Technologies, Inc.",,Qingdao,CN,paper,p.1 affiliations,
zhou2026,3,Xuelei Zhang,1,primary,"Ligent Technologies, Inc.",,Qingdao,CN,paper,p.1 affiliations,
zhou2026,4,Fangyuan Meng,1,primary,"Ligent Technologies, Inc.",,Qingdao,CN,paper,p.1 affiliations,
zhou2026,5,Yang Liu,1,primary,"Ligent Technologies, Inc.",,Qingdao,CN,paper,p.1 affiliations,
zhou2026,6,Qisheng Zhao,1,primary,"Ligent Technologies, Inc.",,Qingdao,CN,paper,p.1 affiliations,
zhou2026,7,Jin Hong,1,primary,"Ligent Technologies, Inc.",,"San Jose, CA",US,paper,p.1 affiliations,
