paper_id,title,first_author,authors,year,published_on,venue,doi,arxiv_id,url,source_type,access_guess,license,discovered_via,platform_guess,device_class_guess,priority,sim_candidate,local_source_path,notes
cai2025,Heterogeneously integrated lithium tantalate-on-silicon nitride modulators for high-speed communications,Jiachen Cai,Jiachen Cai;Alexander Kotz;Hugo Larocque;Chengli Wang;Xinru Ji;Junyin Zhang;Daniel Drayss;Jiale Sun;Shuhang Zheng;Xin Ou;Christian Koos;Tobias J. Kippenberg,2026,2025-08-08,Nature Communications 17(1),10.1038/s41467-026-69769-3,2508.06265,https://doi.org/10.1038/s41467-026-69769-3,journal,arxiv,journal=CC-BY-4.0; arxiv=CC-BY-4.0,blog:OFS-61,lithium_tantalate,mzm,1,yes,,arXiv preprint and journal/proceedings version merged into one row (doi and arxiv_id both given)
chen2022,High performance thin-film lithium niobate modulator on a silicon substrate using periodic capacitively loaded traveling-wave electrode,Gengxin Chen,Gengxin Chen;Kaixuan Chen;Ranfeng Gan;Ziliang Ruan;Zong Wang;Pucheng Huang;Chao Lu;Alan Pak Tao Lau;Daoxin Dai;Changjian Guo;Liu Liu,2022,2022-02-01,APL Photonics 7(2),10.1063/5.0077232,,https://doi.org/10.1063/5.0077232,journal,open_access,CC-BY-4.0,local_corpus,lithium_niobate,mzm,1,yes,@local_corpus,lead described as T-rail electrode; API title is periodic capacitively loaded traveling-wave electrode
deng2026,Self-buffered epitaxy of barium titanate on oxide insulators enables high-performance electro-optic modulators,Chenguang Deng,Chenguang Deng;Yutong He;Wenfeng Yang;Han Yu;Zijian Hong;Hao Liu;Haojie Han;Wei Li;Yunpeng Ma;Zhongshan Zhang;Yongjun Wu;Jing Ma;Bing Xiong;Changzheng Sun;Rong Yu;Jing-Feng Li;Ji Zhou;Yi Luo;Qian Li,2026,2026-01-02,Light: Science & Applications 15(1),10.1038/s41377-025-02081-9,,https://doi.org/10.1038/s41377-025-02081-9,journal,open_access,CC-BY-4.0,local_corpus,barium_titanate,mzm,1,yes,@corpus_B/raw_materials/originals/2026__deng_et_al__self-buffered-bto-high-performance-eo-modulators.pdf,
derose2012,High speed travelling wave carrier depletion silicon Mach-Zehnder modulator,Christopher T. DeRose,Christopher T. DeRose;Douglas C. Trotter;William A. Zortman;Michael R. Watts,2012,,2012 Optical Interconnects Conference,10.1109/oic.2012.6224486,,https://doi.org/10.1109/oic.2012.6224486,conference,unknown,,local_corpus,silicon_plasma_dispersion,mzm,1,no,@corpus_A/2012__high-speed-travelling-wave-carrier-depletion-si-mzm__derose.pdf,"identity matched on exact title; local PDF shows DeRose, Trotter, Zortman, Watts"
dong2026,400G/lane PAM4 Modulation Using Silicon Mach-Zehnder Modulators,Po Dong,Po Dong;Venkatesh Doddapaneni;Michael Kossey;Craig Schulz;Andrei Kaikkonen;Roberto Rodes;Dun Mao;Jaime Kwan;Taylor Fryett;Bo Feng;Argishti Melikyan;Chengpin Yu;Jack Xu,2026,2026-03-19,"Optical Fiber Communication Conference (OFC) 2026, paper Th4A.4",10.1364/ofc.2026.th4a.4,,https://doi.org/10.1364/ofc.2026.th4a.4,conference,unknown,,ofc2026;local_corpus,silicon_plasma_dispersion,mzm,1,no,@corpus_A/OFC2026/Th4A.4-3ab89a08-780a-4061-9d55a0ea4455f792_so4524421.pdf,OFC 2026 code Th4A.4 | published_on is the OFC 2026 presentation date from the conference schedule
eltes2019,A BaTiO3-Based Electro-Optic Pockels Modulator Monolithically Integrated on an Advanced Silicon Photonics Platform,Felix Eltes,Felix Eltes;Christian Mai;Daniele Caimi;Marcel Kroh;Youri Popoff;Georg Winzer;Despoina Petousi;Stefan Lischke;J. Elliott Ortmann;Lukas Czornomaz;Lars Zimmermann;Jean Fompeyrine;Stefan Abel,2019,2019-03-01,"Journal of Lightwave Technology 37(5), 1456-1462",10.1109/jlt.2019.2893500,,https://doi.org/10.1109/jlt.2019.2893500,journal,paywalled,https://ieeexplore.ieee.org/Xplorehelp/downloads/license-information/OAPA.html,local_corpus,barium_titanate,mzm,1,unknown,,
kharel2021,Breaking voltage–bandwidth limits in integrated lithium niobate modulators using micro-structured electrodes,Prashanta Kharel,Prashanta Kharel;Christian Reimer;Kevin Luke;Lingyan He;Mian Zhang,2021,2020-11-26,"Optica 8(3), 357",10.1364/optica.416155,2011.13422,https://doi.org/10.1364/optica.416155,journal,arxiv,journal=Optica-OA-License-v2; arxiv=CC-BY-NC-ND-4.0,local_corpus,lithium_niobate,mzm,1,yes,@local_corpus,arXiv preprint and journal/proceedings version merged into one row (doi and arxiv_id both given)
lee2026,Suspended thin-film lithium niobate modulator for broadband mid-infrared light modulation and frequency comb generation,Chun-Ho Lee,Chun-Ho Lee;Xinyi Ren;Xinzhou Su;Wonho Lee;Zile Jiang;Yue Yu;Huibin Zhou;Yue Zuo;Shaoyuan Ou;Reshma Kopparapu;Adam T. Heiniger;Moshe Tur;Alan E. Willner;Zaijun Chen;Mengjie Yu,2026,2026-01-24,Nature Communications,10.1038/s41467-026-77674-y,2601.17385,https://doi.org/10.1038/s41467-026-77674-y,journal,arxiv,journal=CC-BY-4.0; arxiv=arXiv-nonexclusive,drive_doc;tmp_eo_md;local_corpus,lithium_niobate,mzm,1,yes,@local_corpus,arXiv preprint and journal/proceedings version merged into one row (doi and arxiv_id both given)
li2026,Broadband suspended lithium tantalate Mach-Zehnder modulator achieving a 460 Gbit/s net data rate,Zihan Li,Zihan Li;Alexander Kotz;Adrian Schwarzenberger;Christian Koos;Tobias J. Kippenberg,2026,2026-07-19,arXiv,,2607.17436,https://arxiv.org/abs/2607.17436,arxiv_preprint,arxiv,CC-BY-4.0,blog:OFS-109,lithium_tantalate,mzm,1,unknown,,arXiv only; no journal version found by exact-title Crossref search
li2026a,Lithium-Tantalate-on-Fused Silica Mach-Zehnder Modulators,Zihan Li,Zihan Li;Alexander Kotz;Adrian Schwarzenberger;Christian Koos;Tobias Kippenberg,2026,2026-03-18,"Optical Fiber Communication Conference (OFC) 2026, paper W1A.5",10.1364/ofc.2026.w1a.5,,https://doi.org/10.1364/ofc.2026.w1a.5,conference,unknown,,ofc2026;local_corpus,lithium_tantalate,mzm,1,unknown,@local_corpus,OFC 2026 code W1A.5 | published_on is the OFC 2026 presentation date from the conference schedule
lin2025,Copper damascene process-based high-performance thin-film lithium tantalate modulators,Mengxin Lin,Mengxin Lin;Zihan Li;Alexander Kotz;Hugo Larocque;Nikolai Kuznetsov;Jiale Sun;Yichi Zhang;Shuhang Zheng;Johann Riemensberger;Christian Koos;Tobias J. Kippenberg,2026,2025-05-07,Nature Communications 17(1),10.1038/s41467-026-69588-6,2505.04755,https://doi.org/10.1038/s41467-026-69588-6,journal,arxiv,journal=CC-BY-NC-ND-4.0; arxiv=CC-BY-4.0,blog:OFS-47;local_corpus,lithium_tantalate,mzm,1,yes,@corpus_A/2026__copper-damascene-high-performance-tflt-modulators__nat-commun.pdf,arXiv preprint and journal/proceedings version merged into one row (doi and arxiv_id both given) | local PDF is the accepted unedited Nature Communications version; arXiv and journal versions merged
liu2021,"Low half-wave-voltage, ultra-high bandwidth thin-film LiNbO3 modulator based on hybrid waveguide and periodic capacitively loaded electrodes",Xuecheng Liu,Xuecheng Liu;Bing Xiong;Changzheng Sun;Jian Wang;Zhibiao Hao;Lai Wang;Yanjun Han;Hongtao Li;Jiadong Yu;Yi Luo,2021,2021-02-04,arXiv,,2103.03684,https://arxiv.org/abs/2103.03684,arxiv_preprint,arxiv,arXiv-nonexclusive,local_corpus,lithium_niobate,mzm,1,yes,@local_corpus,arXiv only; no journal version found by exact-title Crossref search
liu2025b,Volume manufacturing of thin-film lithium niobate modulators with bandwidth <i>&gt;</i> 110 GHz based on 4-inch wafer with a quartz handle,Yang Liu,Yang Liu;Zihan Zhou;Peiqi Zhou;Changqing Wang;Qiansheng Wang;Ye Liu;Dong Wang;Daigao Chen;Lei Wang;Xi Xiao,2025,,"Light: Advanced Manufacturing 6(3), 1",10.37188/lam.2025.047,,https://doi.org/10.37188/lam.2025.047,journal,unknown,,local_corpus,lithium_niobate,mzm,1,yes,@corpus_A/2024__volume-manufacturing-tfln-modulators-110ghz__light-advanced-manufacturing.pdf,
liu2026b,High-Bandwidth Serpentine Segmented Silicon Photonic Mach-Zehnder Modulator for 192 Gbaud Transmission,Qian Liu,Qian Liu;Chao Cheng;Yangming Ren;Xinyu Li;Wenfu Zhang;Binhao Wang,2026,2026-03-18,"Optical Fiber Communication Conference (OFC) 2026, paper W2A.14",10.1364/ofc.2026.w2a.14,,https://doi.org/10.1364/ofc.2026.w2a.14,conference,unknown,,ofc2026;local_corpus,silicon_plasma_dispersion,mzm,1,no,@corpus_A/OFC2026/W2A.14-671b3bff-0870-4017-85769c856db082ea_so4438463.pdf,OFC 2026 code W2A.14 | published_on is the OFC 2026 presentation date from the conference schedule
liu2026c,A 280 Gbps PAM6 Silicon Photonic Tabbed-Electrode Mach-Zehnder Modulator with Co-Optimized Modulation Efficiency and Electro-Optic Bandwidth,Qian Liu,Qian Liu;Jintao Xue;Chao Cheng;Yangming Ren;Xinyu Li;Wenfu Zhang;Binhao Wang,2026,2026-03-19,"Optical Fiber Communication Conference (OFC) 2026, paper Th2A.11",10.1364/ofc.2026.th2a.11,,https://doi.org/10.1364/ofc.2026.th2a.11,conference,unknown,,ofc2026;local_corpus,silicon_plasma_dispersion,mzm,1,no,@local_corpus,OFC 2026 code Th2A.11 | published_on is the OFC 2026 presentation date from the conference schedule
murai2025,1.1-cm-long thin-film lithium niobate Mach-Zehnder modulator with low driving voltage integrated by micro-transfer printing,Toshiya Murai,Toshiya Murai;Rai Kou;Guangwei Cong;Masahiko Imai;Kazumasa Takabayashi;Koji Yamada,2025,2025-08-29,"Optics Express 33(18), 38258",10.1364/oe.568498,,https://doi.org/10.1364/oe.568498,journal,open_access,Optica-OA-License-v2,drive_doc;tmp_eo_md,lithium_niobate,mzm,1,yes,,Crossref license is Optica OA license; local caches record an access challenge and no PDF
niels2026,A high-speed heterogeneous lithium tantalate silicon photonics platform,Margot Niels,Margot Niels;Tom Vanackere;Ewoud Vissers;Tingting Zhai;Patrick Nenezic;Jakob Declercq;Cédric Bruynsteen;Shengpu Niu;Arno Moerman;Olivier Caytan;Nishant Singh;Sam Lemey;Xin Yin;Sofie Janssen;Peter Verheyen;Neha Singh;Dieter Bode;Martin Davi;Filippo Ferraro;Philippe Absil;Sadhishkumar Balakrishnan;Joris Van Campenhout;Günther Roelkens;Bart Kuyken;Maximilien Billet,2026,2025-03-13,"Nature Photonics 20(2), 225-231",10.1038/s41566-025-01832-9,2503.10557,https://doi.org/10.1038/s41566-025-01832-9,journal,arxiv,journal=https://www.springernature.com/gp/researchers/text-and-data-mining; arxiv=CC-BY-4.0,local_corpus,lithium_tantalate,mzm,1,unknown,,arXiv preprint and journal/proceedings version merged into one row (doi and arxiv_id both given) | related conference summary is the niels2025 row
ogiso2016,100 Gb/s and 2 V V π InP Mach‐Zehnder modulator with an n‐i‐p‐n heterostructure,Y. Ogiso,Y. Ogiso;J. Ozaki;N. Kashio;N. Kikuchi;H. Tanobe;Y. Ohiso;M. Kohtoku,2016,,"Electronics Letters 52(22), 1866-1867",10.1049/el.2016.2987,,https://doi.org/10.1049/el.2016.2987,journal,paywalled,http://onlinelibrary.wiley.com/termsAndConditions#vor,local_corpus,inp_mqw,mzm,1,no,@corpus_A/2016__Electronics Letters - 2016 - Ogiso - 100 Gb s and 2 V V  InP Mach‐Zehnder modulator with an n‐i‐p‐n heterostructure.pdf,
ogiso2017,Over 67 GHz Bandwidth and 1.5 V Vπ InP-Based Optical IQ Modulator With n-i-p-n Heterostructure,Yoshihiro Ogiso,Yoshihiro Ogiso;Josuke Ozaki;Yuta Ueda;Norihide Kashio;Nobuhiro Kikuchi;Eiichi Yamada;Hiromasa Tanobe;Shigeru Kanazawa;Hiroshi Yamazaki;Yoshitaka Ohiso;Takuro Fujii;Masaki Kohtoku,2017,2017-04-15,"Journal of Lightwave Technology 35(8), 1450-1455",10.1109/jlt.2016.2639542,,https://doi.org/10.1109/jlt.2016.2639542,journal,paywalled,https://ieeexplore.ieee.org/Xplorehelp/downloads/license-information/IEEE.html,local_corpus,inp_mqw,iq_mzm,1,no,,
ogiso2020,80-GHz Bandwidth and 1.5-V Vπ InP-Based IQ Modulator,Yoshihiro Ogiso,Yoshihiro Ogiso;Yasuaki Hashizume;Hiromasa Tanobe;Nobuhiro Nunoya;Minoru Ida;Yutaka Miyamoto;Mitsuteru Ishikawa;Josuke Ozaki;Yuta Ueda;Hitoshi Wakita;Munehiko Nagatani;Hiroshi Yamazaki;Masanori Nakamura;Takayuki Kobayashi;Shigeru Kanazawa,2020,2020-01-15,"Journal of Lightwave Technology 38(2), 249-255",10.1109/jlt.2019.2924671,,https://doi.org/10.1109/jlt.2019.2924671,journal,paywalled,https://ieeexplore.ieee.org/Xplorehelp/downloads/license-information/IEEE.html,local_corpus,inp_mqw,iq_mzm,1,no,,
ogiso2024,High Speed InP Modulator for Beyond 200 Gbaud,Yoshihiro Ogiso,Yoshihiro Ogiso;Josuke Ozaki;Kenta Sugiura;Yusuke Saito;Mitsuteru Ishikawa,2024,,Optical Fiber Communication Conference (OFC) 2024,10.1364/ofc.2024.tu2d.7,,https://doi.org/10.1364/ofc.2024.tu2d.7,conference,unknown,,local_corpus,inp_mqw,iq_mzm,1,no,@corpus_A/2024__High_Speed_InP_Modulator_for_Beyond_200_Gbaud.pdf,
porto2026,"1.6 Tb/s Monolithic InP Transmitter PIC with DFB, MZM, and SOA Arrays",S. Porto,S. Porto;F. Sang;J. Lavrencik;P. Abolghasem;A. Rundquist;J. Macario;A. Meighan;C. Ozdemir;Y.-P. Wang;W. Fu;S. Sakpal;P. Gavrilovic;T. Frost;J. Zhang;P. Turla;J. Anthony;K. Hoshino;C. DiGiovanni;A. Diba;S. Barik;M. Kuntz;V. Lal;P. Evans;M. Ziari,2026,2026-03-19,"Optical Fiber Communication Conference (OFC) 2026, paper Th1C.4",10.1364/ofc.2026.th1c.4,,https://doi.org/10.1364/ofc.2026.th1c.4,conference,unknown,,ofc2026;local_corpus,inp_mqw,mzm,1,no,@corpus_A/OFC2026/Th1C.4-859c14b3-6786-426f-9f2c06405f59d07d_so4439572.pdf,OFC 2026 code Th1C.4 | published_on is the OFC 2026 presentation date from the conference schedule
qiu2026,Barium Titanate Enabling Net 1.6T (4x448 Gbps PAM4) On a Silicon Photonics Platform,Benton Qiu,Benton Qiu;Charles St-Arnault;Jonathan Cauchon;Cyriel Minkenberg;Thomas Kornher;Charles Laperle;Wouter Diels;Stefan Abel;Naim Ben-Hamida;Bruce Beggs;François Pelletier;Lukas Czornomaz;Xiangfeng Chen;Felix Eltes;David V. Plant,2026,2026-03-19,"Optical Fiber Communication Conference (OFC) 2026, paper Th4B.3",10.1364/ofc.2026.th4b.3,,https://doi.org/10.1364/ofc.2026.th4b.3,conference,unknown,,drive_doc;ofc2026;local_corpus,barium_titanate,mzm,1,unknown,@local_corpus,OFC 2026 code Th4B.3 | published_on is the OFC 2026 presentation date from the conference schedule
rahman2025,High-performance Hybrid Lithium Niobate Electro-optic Modulators Integrated with Low-loss Silicon Nitride Waveguides on a Wafer-scale Silicon Photonics Platform,Arif Rahman,Arif Rahman;Forrest Valdez;Viphretuo Mere;Camiel Op de Beeck;Pieter Wuytens;Shayan Mookherjea,2025,2025-04-01,arXiv,,2504.00311,https://arxiv.org/abs/2504.00311,arxiv_preprint,arxiv,CC-BY-NC-ND-4.0,blog:OFS-51,lithium_niobate,mzm,1,yes,,arXiv only; no journal version found by exact-title Crossref search | possible journal version Journal of Lightwave Technology doi 10.1109/jlt.2025.3646212 has a different title; not merged
sayem2026c,High bandwidth traveling wave electro-optic modulator at 1μm on thin-film lithium tantalate,Ayed Al Sayem,Ayed Al Sayem;Shiekh Zia Uddin;Ting-Chen Hu;Alaric Tate;Mark Cappuzzo;Rose Kopf;Mark Earnshaw,2026,2026-04-10,arXiv,,2604.09825,https://arxiv.org/abs/2604.09825,arxiv_preprint,arxiv,CC-BY-4.0,local_corpus,lithium_tantalate,mzm,1,unknown,@corpus_A/2026__high-bandwidth-traveling-wave-eom-1um-tflt__bell-labs-arxiv.pdf,arXiv only; no journal version found by exact-title Crossref search | distinct paper from arXiv 2604.27285 (sayem2026a)
su2026,High Efficiency and High Speed Electro-Optical Modulator Based on Hybrid Calcium Titanate and Lithium Niobate,Wenqu Su,Wenqu Su;Guanyu Chen;Tao Zhu;Hua Yu,2026,2026-03-19,"Optical Fiber Communication Conference (OFC) 2026, paper Th1H.4",10.1364/ofc.2026.th1h.4,,https://doi.org/10.1364/ofc.2026.th1h.4,conference,unknown,,ofc2026;local_corpus,lithium_niobate,mzm,1,unknown,@local_corpus,OFC 2026 code Th1H.4 | published_on is the OFC 2026 presentation date from the conference schedule
tanaka2026,IQ Modulators with Two Segments using InP/SOI Chip-on-Wafer Bonding Process for Optical DAC,Hajime Tanaka,Hajime Tanaka;Naotaka Kasuya;Taichi Misawa;Yohei Sobu;Shuntaro Maeda;Kento Komatsu;Naoko Inoue;Takehiko Kikuchi;Takuya Mitarai;Shun Kimura;Naoki Fujiwara;Nobuhiko Nishiyama;Takuo Tanemura;Shinsuke Tanaka;Hideki Yagi,2026,2026-03-16,"Optical Fiber Communication Conference (OFC) 2026, paper M4D.2",10.1364/ofc.2026.m4d.2,,https://doi.org/10.1364/ofc.2026.m4d.2,conference,unknown,,ofc2026;local_corpus,inp_mqw,iq_mzm,1,no,@corpus_A/OFC2026/M4D.2-5149686f-bdbb-4c40-b2dcd259a85a9884_so4431505.pdf,OFC 2026 code M4D.2 | published_on is the OFC 2026 presentation date from the conference schedule
tran2026,180 GBaud PAM4 Driver-Modulator Engine for IM/DD Transmissions in the O-Band,Son Tran,Son Tran;Sebastian Lauck;Gerrit Fiol;Jonathan Andree;Felix Ganzer;Robert Emmerich;Colja Schubert;Patrick Runge;Martin Schell;Ronald Freund;Shawn Parker;Trong Phan;Billy Allen,2026,2026-03-18,"Optical Fiber Communication Conference (OFC) 2026, paper W3E.6",10.1364/ofc.2026.w3e.6,,https://doi.org/10.1364/ofc.2026.w3e.6,conference,unknown,,ofc2026;local_corpus,inp_mqw,mzm,1,no,@corpus_A/OFC2026/W3E.6-657f4071-679a-466d-92c591852237c999_so4439475.pdf,OFC 2026 code W3E.6 | published_on is the OFC 2026 presentation date from the conference schedule
valdez2022,"110 GHz, 110 mW hybrid silicon-lithium niobate Mach-Zehnder modulator",Forrest Valdez,Forrest Valdez;Viphretuo Mere;Xiaoxi Wang;Nicholas Boynton;Thomas A. Friedmann;Shawn Arterburn;Christina Dallo;Andrew T. Pomerene;Andrew L. Starbuck;Douglas C. Trotter;Anthony L. Lentine;Shayan Mookherjea,2022,2022-10-26,Scientific Reports 12(1),10.1038/s41598-022-23403-6,2210.14785,https://doi.org/10.1038/s41598-022-23403-6,journal,arxiv,journal=CC-BY-4.0; arxiv=CC-BY-NC-ND-4.0,local_corpus,lithium_niobate,mzm,1,yes,,arXiv preprint and journal/proceedings version merged into one row (doi and arxiv_id both given) | corpus README lists a Nat Commun 2022 PDF for this result but that file is a different paper (Mourgias-Alexandris et al. deep learning); correct paper resolved by exact-title Crossref search; no local PDF
valdez2023,"Integrated O- and C-band silicon-lithium niobate Mach-Zehnder modulators with 100 GHz bandwidth, low voltage, and low loss",Forrest Valdez,Forrest Valdez;Viphretuo Mere;Xiaoxi Wang;Shayan Mookherjea,2023,2022-11-09,"Optics Express 31(4), 5273",10.1364/oe.480519,2211.05208,https://doi.org/10.1364/oe.480519,journal,arxiv,journal=Optica-OA-License-v2; arxiv=CC-BY-NC-ND-4.0,local_corpus,lithium_niobate,mzm,1,yes,@corpus_A/2022__o-and-c-band-si-ln-mzm-100ghz-low-voltage-low-loss__arxiv.pdf,arXiv preprint and journal/proceedings version merged into one row (doi and arxiv_id both given) | local PDF is arXiv v2
valdez2026,High-Efficiency Ring-Assisted Mach-Zehnder Modulator on a Lithium Tantalate-on-Silicon Nitride Platform,Forrest Valdez,Forrest Valdez;Boris Zabelich;Viphretuo Mere;Pragati Aashna;Radha Krishnan;Camiel Op de Beeck;Arif Rahman;Shayan Mookherjea;Pieter Wuytens,2026,2026-03-18,"Optical Fiber Communication Conference (OFC) 2026, paper W1A.6",10.1364/ofc.2026.w1a.6,,https://doi.org/10.1364/ofc.2026.w1a.6,conference,unknown,,ofc2026;local_corpus,lithium_tantalate,mzm,1,unknown,@local_corpus,OFC 2026 code W1A.6 | published_on is the OFC 2026 presentation date from the conference schedule
wang2018,Nanophotonic lithium niobate electro-optic modulators,Cheng Wang,Cheng Wang;Mian Zhang;Brian Stern;Michal Lipson;Marko Lončar,2018,2017-01-23,"Optics Express 26(2), 1547",10.1364/oe.26.001547,1701.06470,https://doi.org/10.1364/oe.26.001547,journal,arxiv,journal=Optica-OA-License-v2; arxiv=arXiv-nonexclusive,drive_doc,lithium_niobate,mzm,1,yes,,arXiv preprint and journal/proceedings version merged into one row (doi and arxiv_id both given) | owner note from 2018 without DOI; source document not specified in lead; DOI resolved by exact-title Crossref search
wang2025,Thin-Film Lithium Tantalate Modulator Operating at High Optical Power,Haohua Wang,Haohua Wang;Ao Cui;Bin Chen;Ziliang Ruan;Changjian Guo;Kaixuan Chen;Liu Liu,2025,2025-06-26,"ACS Photonics 12(10), 5345-5351",10.1021/acsphotonics.5c00159,,https://doi.org/10.1021/acsphotonics.5c00159,journal,paywalled,https://doi.org/10.15223/policy-029;https://doi.org/10.15223/policy-037;https://doi.org/10.15223/policy-045,drive_doc;tmp_eo_md;local_corpus,lithium_tantalate,mzm,1,unknown,@local_corpus,local PDF available; ACS paywalled
wang2026a,Toward 400 G/Lane Silicon Differential-Drive Mach-Zehnder Modulator with > 80 GHz Bandwidth for Optical Interconnects,Haibo Wang,Haibo Wang;Qianni Zhang;Yanming Zhang;Pengfei Guo;Jindian Wei;Wenxu Gu;Ting Yu Teo;Haiyang Zheng;Chao Li;Patrick Guo-Qiang Lo,2026,2026-03-18,"Optical Fiber Communication Conference (OFC) 2026, paper W3E.5",10.1364/ofc.2026.w3e.5,,https://doi.org/10.1364/ofc.2026.w3e.5,conference,unknown,,ofc2026;local_corpus,silicon_plasma_dispersion,mzm,1,no,@corpus_A/OFC2026/W3E.5-2dd7807b-ecf5-4620-ba134a8f56fd23dd_so4441731.pdf,OFC 2026 code W3E.5 | published_on is the OFC 2026 presentation date from the conference schedule
weigel2018,Bonded thin film lithium niobate modulator on a silicon photonics platform exceeding 100 GHz 3-dB electrical modulation bandwidth,Peter O. Weigel,Peter O. Weigel;Jie Zhao;Kelvin Fang;Hasan Al-Rubaye;Douglas Trotter;Dana Hood;John Mudrick;Christina Dallo;Andrew T. Pomerene;Andrew L. Starbuck;Christopher T. DeRose;Anthony L. Lentine;Gabriel Rebeiz;Shayan Mookherjea,2018,2018-08-29,"Optics Express 26(18), 23728",10.1364/oe.26.023728,,https://doi.org/10.1364/oe.26.023728,journal,open_access,Optica-OA-License-v2,local_corpus,lithium_niobate,mzm,1,yes,@corpus_A/2018__hybrid-si-ln-mzm-beyond-100ghz__weigel-mookherjea-arxiv.pdf,"local PDF is the arXiv-style manuscript titled 'Bonded Thin Film Lithium Niobate Modulator on a Silicon Photonics Platform Exceeding 100 GHz Bandwidth'; published title in Crossref is longer; identity accepted as near-exact (same title prefix and authors Weigel, Zhao, Fang)"
xu2026a,Sub-V-driven 110-GHz O-band Electro-optic Modulator on Thin-film Litihum Tantalate,Mengyue Xu,Mengyue Xu;Yang Lan;Jinze Shi;Di Liang,2026,2026-03-18,"Optical Fiber Communication Conference (OFC) 2026, paper W1A.4",10.1364/ofc.2026.w1a.4,,https://doi.org/10.1364/ofc.2026.w1a.4,conference,unknown,,ofc2026;local_corpus,lithium_tantalate,mzm,1,unknown,@local_corpus,OFC 2026 code W1A.4 | published_on is the OFC 2026 presentation date from the conference schedule
xu2026b,C-band 110-GHz-Bandwidth Thin-Film Lithium Tantalate Modulator Enabling 768 (536) Gbit/s Line (Net) Data Rates,Mengyue Xu,Mengyue Xu;Yang Lan;Di Che;Jinze Shi;Di Liang,2026,2026-03-19,"Optical Fiber Communication Conference (OFC) 2026, paper Th4A.2",10.1364/ofc.2026.th4a.2,,https://doi.org/10.1364/ofc.2026.th4a.2,conference,unknown,,ofc2026;local_corpus,lithium_tantalate,mzm,1,unknown,@local_corpus,OFC 2026 code Th4A.2 | published_on is the OFC 2026 presentation date from the conference schedule
xue2026,High-performance thin-film lithium niobate electro-optic modulator on a thick silica buffering layer,Xiaotian Xue,Xiaotian Xue;Yingdong Xu;Wenjun Ding;Rui Ye;Jing Qiu;Guangzhen Li;Jianbiao Dai;Shijie Liu;Hao Li;Luqi Yuan;Bo Wang;Yuanlin Zheng;Xianfeng Chen,2026,2026-04-01,"Optics Express 34(7), 13111",10.1364/oe.588103,,https://doi.org/10.1364/oe.588103,journal,open_access,Optica-OA-License-v2,blog:OFS-107,lithium_niobate,mzm,1,yes,,
zhang2026b,Thin-Film Lithium Niobate Modulators with 110 GHz Bandwidth and 1.9 V·cm Efficiency on 200-mm Silicon Substrate,Y. Zhang,Y. Zhang;C. Lau;B. Li;S. N. Foo;J. O. Yoo;B. Pan;W. Q. Tan;N. Singh;L. W. Lim;L. Tobing;X. Luo;Y. C. Yeo,2026,2026-03-18,"Optical Fiber Communication Conference (OFC) 2026, paper W1A.3",10.1364/ofc.2026.w1a.3,,https://doi.org/10.1364/ofc.2026.w1a.3,conference,unknown,,ofc2026;local_corpus,lithium_niobate,mzm,1,unknown,@local_corpus,OFC 2026 code W1A.3 | published_on is the OFC 2026 presentation date from the conference schedule
zheng2026,Micro-Transfer Printing of Lithium Niobate on 200 mm Silicon Photonics: A High-Speed Heterogeneous Wafer-Scale Platform,Xiujun Zheng,Xiujun Zheng;Suzanne Bisschop;Arno Moerman;Margot Niels;Ewoud Vissers;Athina Papadopoulou;Philip Ekkels;Patrick Nenezic;Simone Atzeni;Elif Ozceri;Tiernan McCaughery;Ali Uzun;Ye Chen;Laurens Bogaert;Nishant Singh;Sandeep Seema Saseendran;Sofie Janssen;Natarajan Rajasekaran;Sadhishkumar Balakrishnan;Philippe Absil;Gunther Roelkens;Bart Kuyken;Sarah Uvin;Maximilien Billet,2026,2026-05-27,arXiv,,2605.28971,https://arxiv.org/abs/2605.28971,arxiv_preprint,arxiv,CC-BY-NC-SA-4.0,blog:OFS-104,lithium_niobate,mzm,1,unknown,,arXiv only; no journal version found by exact-title Crossref search
aihara2026,4-ch × 400-Gbps PAM4 O-band Membrane InGaAlAs EA-DFB Laser Array on a Si Photonics Platform,Takuma Aihara,Takuma Aihara;Tatsurou Hiraki;Yoshiho Maeda;Takuro Fujii;Masashi Ota;Tomonari Sato;Shinji Matsuo,2026,2026-03-19,"Optical Fiber Communication Conference (OFC) 2026, paper Th4A.1",10.1364/ofc.2026.th4a.1,,https://doi.org/10.1364/ofc.2026.th4a.1,conference,unknown,,ofc2026;local_corpus,inp_mqw,eam,2,no,@corpus_A/OFC2026/Th4A.1-120c3023-d47b-41e9-bb2f6e002fd90fcc_so4524233.pdf,OFC 2026 code Th4A.1 | published_on is the OFC 2026 presentation date from the conference schedule
aimone2026,Truly-Differential Drive of TFLN TWE-MZM by Linear SiGe Driver in a Codesigned Hybrid Integrated Assembly,Alessandro Aimone,Alessandro Aimone;Philipp Thomas;Callum Deakin;Kwangwoong Kim;Tam Huynh;Xi Chen;Mark Earnshaw;Yves Baeyens;Shahriar Shahramian;Nicolas Fontaine,2026,2026-03-16,"Optical Fiber Communication Conference (OFC) 2026, paper M4D.4",10.1364/ofc.2026.m4d.4,,https://doi.org/10.1364/ofc.2026.m4d.4,conference,unknown,,ofc2026;local_corpus,lithium_niobate,mzm,2,unknown,@local_corpus,OFC 2026 code M4D.4 | published_on is the OFC 2026 presentation date from the conference schedule
akazawa2026,"Ultralow-power, high-speed programmable Si photonic circuits with InGaAsP membrane",Tomohiro Akazawa,Tomohiro Akazawa;Rui Tang;Hanzhi Tang;Makoto Okano;Yangyang Wan;Nobuyuki Matsuda;Kasidit Toprasertpong;Shinichi Takagi;Mitsuru Takenaka,2026,2026-09-21,arXiv,,2609.24611,https://arxiv.org/abs/2609.24611,arxiv_preprint,arxiv,arXiv-nonexclusive,blog:OFS-69,other,phase_shifter,2,no,,"arXiv only; no journal version found by exact-title Crossref search | InGaAsP/Si hybrid MOS carrier-induced phase shifter; no matching platform enum, set other"
bao2026a,Ultra-High Bandwidth Silicon Microring Modulator with T-Coil Inductive Peaking for >400 Gbps Transmission,Shenlei Bao,Shenlei Bao;Yihao Yang;Chao Cheng;Xianglin Bu;Jintao Xue;Wenfu Zhang;Binhao Wang,2026,2026-03-16,"Optical Fiber Communication Conference (OFC) 2026, paper M2A.2",10.1364/ofc.2026.m2a.2,,https://doi.org/10.1364/ofc.2026.m2a.2,conference,unknown,,ofc2026;local_corpus,silicon_plasma_dispersion,ring,2,no,@local_corpus,OFC 2026 code M2A.2 | published_on is the OFC 2026 presentation date from the conference schedule
bao2026b,A 4 Tbps 16-Channel DWDM Transmitter Using Extended-Depletion Silicon Photonic Microdisk Modulator Array,Shenlei Bao,Shenlei Bao;Chao Cheng;Xianglin Bu;Yihao Yang;Houyou Lai;Jintao Xue;Wenfu Zhang;Binhao Wang,2026,2026-03-18,"Optical Fiber Communication Conference (OFC) 2026, paper W2A.12",10.1364/ofc.2026.w2a.12,,https://doi.org/10.1364/ofc.2026.w2a.12,conference,unknown,,ofc2026;local_corpus,silicon_plasma_dispersion,ring,2,no,@local_corpus,OFC 2026 code W2A.12 | published_on is the OFC 2026 presentation date from the conference schedule
bhasker2026,400G per lane Differential Drive Electroabsorption Modulated Lasers (EML) with 99GHz 6-dB EO BW for next generation 3.2T IM-DD Applications,Prashanth Bhasker,Prashanth Bhasker;Sumeeta Arora;Hui Fu;Chris Fuchs;Ayman Kanan;John E. Johnson,2026,2026-03-17,"Optical Fiber Communication Conference (OFC) 2026, paper Tu3J.6",10.1364/ofc.2026.tu3j.6,,https://doi.org/10.1364/ofc.2026.tu3j.6,conference,unknown,,ofc2026;local_corpus,inp_mqw,eam,2,no,@corpus_A/OFC2026/Tu3J.6-1cd7e13f-b1ae-45ba-a1f6159b22bfa05e_so4437105.pdf,OFC 2026 code Tu3J.6 | published_on is the OFC 2026 presentation date from the conference schedule
cai2026,Low Loss Electro-absorption Modulator with Extrapolated Bandwidth of 180 GHz Enabled by Ultra-thin Ge Process,Zixuan Cai,Zixuan Cai;Xu Wang;Fengxin Yu;Jinwen Song;Wei Chu;Haiwen Cai;Xiao Hu,2026,2026-03-17,"Optical Fiber Communication Conference (OFC) 2026, paper Tu3J.2",10.1364/ofc.2026.tu3j.2,,https://doi.org/10.1364/ofc.2026.tu3j.2,conference,unknown,,ofc2026;local_corpus,germanium_silicon_eam,eam,2,no,@local_corpus,OFC 2026 code Tu3J.2 | published_on is the OFC 2026 presentation date from the conference schedule
chiang2025,Ferroelectric Nematic Liquid Crystal-Based Silicon Photonic Modulator Demonstrated at 102 Gbit/s PAM-4,Li-Yuan Chiang,Li-Yuan Chiang;Gianlorenzo Masini;Rih-You Chen;Chirag Patel;Pavel Savechenkov;Yi-Jen Chiu;Cory Pecinovsky;Jason W. Sickler,2025,2025-07-19,arXiv,,2507.14724,https://arxiv.org/abs/2507.14724,arxiv_preprint,arxiv,CC-BY-4.0,blog:OFS-69,ferroelectric_nematic_lc,mzm,2,no,,arXiv only; no journal version found by exact-title Crossref search
declercq2026,320 Gb/s Unamplified Transmission Using 100 GHz Ge PD and TFLN MZM on a Foundry-Compatible SiPh Platform Co-Packaged With Traveling-Wave Drivers and TIAs,Jakob Declercq,Jakob Declercq;Shengpu Niu;Margot Niels;Amir Shahin;Joris Van Kerrebrouck;Mathias Berciano;Joris Lambrecht;Bart Moeneclaey;Tom Vanackere;Ewoud Vissers;Conor Coughlan;Arno Moerman;Olivier Caytan;Sam Lemey;Maumita Chakrabarti;Hakim Kobbi;Minkyu Kim;Didit Yudistra;Roger Loo;Swetanshu Bipul;Filippo Ferraro;Yoojin Ban;Peter De Heyn;Gunther Roelkens;Guy Torfs;Johan Bauwelinck;Dimitrios Velenis;Peter Ossieur;Philippe Absil;Maximilien Billet;Bart Kuyken;Joris Van Campenhout;Nishant Singh;Cedric Bruynsteen;Xin Yin,2026,,"Journal of Lightwave Technology 44(16), 6975-6981",10.1109/jlt.2026.3711806,,https://doi.org/10.1109/jlt.2026.3711806,journal,paywalled,https://ieeexplore.ieee.org/Xplorehelp/downloads/license-information/IEEE.html,blog:OFS-118,lithium_niobate,mzm,2,unknown,,
deng2026a,A 336Gb/s/lane 2.47pJ/b Integrated Transmitter with Silicon Photonic TW-MZM and BW-Boost High-Linearity Driver,Ruogu Deng,Ruogu Deng;Erse Jia;Yizhou Xu;Han Liu;Jun Li;Jingbo Wang;Bolun Cui;Guike Li;Jian Liu;Zhao Zhang;Haiwen Cai;Wei Chu;Fenghe Yang;Nan Qi;Liyuan Liu,2026,2026-03-16,"Optical Fiber Communication Conference (OFC) 2026, paper M2B.3",10.1364/ofc.2026.m2b.3,,https://doi.org/10.1364/ofc.2026.m2b.3,conference,unknown,,ofc2026;local_corpus,silicon_plasma_dispersion,mzm,2,no,@corpus_A/OFC2026/M2B.3-17bb91ed-778b-492f-902293adc448a536_so4440633.pdf,OFC 2026 code M2B.3 | published_on is the OFC 2026 presentation date from the conference schedule
freitas2026,Thin-Film Lithium Niobate MZM Operating at 1-um Wavelength with Low Vpi and High Bandwidth,,,2026,,,,,https://ieeexplore.ieee.org/document/11357954,,unknown,,blog:OFS-84,lithium_niobate,mzm,2,unknown,,"identity_unresolved | lead gave IEEE arnumber 11357954 only; Crossref title searches returned no exact match; title copied from lead; authors, year and DOI unverified"
geravand2025,Ultrafast coherent dynamics of microring modulators,Alireza Geravand,Alireza Geravand;Zibo Zheng;Farshid Shateri;Simon Levasseur;Leslie A. Rusch;Wei Shi,2025,2024-12-23,"Nature Photonics 19(7), 740-750",10.1038/s41566-025-01686-1,2412.17986,https://doi.org/10.1038/s41566-025-01686-1,journal,arxiv,journal=https://www.springernature.com/gp/researchers/text-and-data-mining; arxiv=CC-BY-4.0,blog:OFS-69,silicon_plasma_dispersion,ring,2,no,,arXiv preprint and journal/proceedings version merged into one row (doi and arxiv_id both given)
girouard2017,$\chi ^{(2)}$ Modulator With 40-GHz Modulation Utilizing BaTiO3 Photonic Crystal Waveguides,Peter Girouard,Peter Girouard;Pice Chen;Young Kyu Jeong;Zhifu Liu;Seng-Tiong Ho;Bruce W. Wessels,2017,,"IEEE Journal of Quantum Electronics 53(4), 1-10",10.1109/jqe.2017.2718222,,https://doi.org/10.1109/jqe.2017.2718222,journal,paywalled,https://ieeexplore.ieee.org/Xplorehelp/downloads/license-information/IEEE.html,local_corpus,barium_titanate,other,2,no,,lead_title_mismatch: inventory title 'Integrated polarization diversity architecture for barium titanate-on-insulator electro-optic modulators' differs from Crossref title for this DOI
gong2026,A 60 GHz EO Bandwidth Mach-Zehnder Modulator for 200G/λ O-band Datacom in 300-mm Monolithic CMOS Silicon Photonics Foundry,Ming Gong,Ming Gong;Qidi Liu;Hanyi Ding;Minerva Webster-Pact;Kevin Dezfulian;Yusheng Bian;Sujith Chandran;Teodor Stanev;Massimo Sorbara;Won Suk Lee;Michal Rakowski;Takako Hirokawa;Yahui Xiao;Bob Mulfinger;Janet Tinkler;Andrea Paganini;Ken Giewont;Rick Carter;Ted Letavic,2026,2026-03-18,"Optical Fiber Communication Conference (OFC) 2026, paper W1A.2",10.1364/ofc.2026.w1a.2,,https://doi.org/10.1364/ofc.2026.w1a.2,conference,unknown,,ofc2026;local_corpus,silicon_plasma_dispersion,mzm,2,no,@local_corpus,OFC 2026 code W1A.2 | published_on is the OFC 2026 presentation date from the conference schedule
han2023,Slow-light silicon modulator with 110-GHz bandwidth,Changhao Han,Changhao Han;Zhao Zheng;Haowen Shu;Ming Jin;Jun Qin;Ruixuan Chen;Yuansheng Tao;Bitao Shen;Bowen Bai;Fenghe Yang;Yimeng Wang;Haoyu Wang;Feifan Wang;Zixuan Zhang;Shaohua Yu;Chao Peng;Xingjun Wang,2023,2023-10-20,Science Advances 9(42),10.1126/sciadv.adi5339,,https://doi.org/10.1126/sciadv.adi5339,journal,unknown,,local_corpus,silicon_plasma_dispersion,mzm,2,no,,
hess2026,O-Band Silicon-Plasmonic Resonant Ring Modulator Demonstrating Net-Rates of 400 Gbps,Samuel Hess,Samuel Hess;Laurenz Kulmer;Chenrui Xu;Tobias Blatter;Vladimir Shadymov;Matthew Garrett;Benedikt Baeuerle;Wolfgang Heni;Claudia Hoessbacher;Oskars Ozolins;Juerg Leuthold,2026,2026-03-16,"Optical Fiber Communication Conference (OFC) 2026, paper M2B.5",10.1364/ofc.2026.m2b.5,,https://doi.org/10.1364/ofc.2026.m2b.5,conference,unknown,,ofc2026;local_corpus,other,ring,2,no,@local_corpus,OFC 2026 code M2B.5 | EO material not named in abstract | published_on is the OFC 2026 presentation date from the conference schedule
hillier2025,320 Gbps co-planar stripline Mach-Zehnder modulator on a generic indium phosphide integrated photonics platform,James Arthur Hillier,James Arthur Hillier;Arezou Meighan;Qian Hu;Haoshuo Chen;Weiming Yao;Rainier Van Dommele;Luc Augustin;Michael Wale;Kevin Williams,2025,2025-03-26,"Optics Express 33(7), 15081",10.1364/oe.536930,,https://doi.org/10.1364/oe.536930,journal,open_access,CC-BY-4.0,local_corpus,inp_mqw,mzm,2,no,,"lead gave only Optics Express URL (33(7) 15081); matched on journal, volume, issue and page"
hiraki2021,Integration of a high-efficiency Mach-Zehnder modulator with a DFB laser using membrane InP-based devices on a Si photonics platform,Tatsurou Hiraki,Tatsurou Hiraki;Takuma Aihara;Takuro Fujii;Koji Takeda;Yoshiho Maeda;Takaaki Kakitsuka;Tai Tsuchizawa;Shinji Matsuo,2021,2021-01-14,"Optics Express 29(2), 2431",10.1364/oe.411483,,https://doi.org/10.1364/oe.411483,journal,open_access,Optica-OA-License-v2,local_corpus,inp_mqw,mzm,2,no,,"lead gave only Optics Express URL (29(2) 2431); matched on journal, volume, issue and page"
horst2025,Ultra-wideband MHz to THz plasmonic EO modulator,Yannik Horst,Yannik Horst;David Moor;Daniel Chelladurai;Tobias Blatter;Sónia Fernandes;Laurenz Kulmer;Michael Baumann;Hande Ibili;Christian Funck;Killian Keller;Marcel Destraz;Wolfgang Heni;Loïc Chérix;Yuqi Liu;Hua Wang;Stefan M. Koepfli;Juerg Leuthold,2025,2025-02-26,"Optica 12(3), 325",10.1364/optica.544016,,https://doi.org/10.1364/optica.544016,journal,open_access,CC-BY-4.0,drive_doc;tmp_eo_md;local_corpus,other,plasmonic_mzm,2,no,,EO material not named in Crossref abstract; platform other until full text is read
huang2026,TFLN-based Wafer-Level Co-Packaged Optics Engine for Ultrahigh-Bandwidth Electro-Optical Modulation,Yinshan Huang,Yinshan Huang;Long Wang;Mingxuan Li;Ding Yan;Shuai Yuan;Guiling Wu;Liang Zhou,2026,2026-03-19,"Optical Fiber Communication Conference (OFC) 2026, paper Th4A.6",10.1364/ofc.2026.th4a.6,,https://doi.org/10.1364/ofc.2026.th4a.6,conference,unknown,,ofc2026;local_corpus,lithium_niobate,other,2,unknown,@local_corpus,OFC 2026 code Th4A.6 | TFLN EOM chip with driver EIC co-packaged engine | published_on is the OFC 2026 presentation date from the conference schedule
hulyal2026,A 1.6 Tbit/s WDM Integrated Photonic IMDD Transmitter on Thin-Film Lithium Tantalate,Shivaprasad U. Hulyal,Shivaprasad U. Hulyal;Dengyang Fang;Jiachen Cai;Alexander Kotz;Xin Ou;Christian Koos;Tobias J. Kippenberg,2026,2026-03-18,"Optical Fiber Communication Conference (OFC) 2026, paper W1A.7",10.1364/ofc.2026.w1a.7,,https://doi.org/10.1364/ofc.2026.w1a.7,conference,unknown,,ofc2026;local_corpus,lithium_tantalate,mzm,2,unknown,@local_corpus,OFC 2026 code W1A.7 | published_on is the OFC 2026 presentation date from the conference schedule
jaehyukshin2005,Novel T-rail electrodes for substrate removed low-voltage high-speed GaAs/AlGaAs electrooptic modulators,JaeHyuk Shin,JaeHyuk Shin;C. Ozturk;S.R. Sakamoto;Y.J. Chiu;N. Dagli,2005,,"IEEE Transactions on Microwave Theory and Techniques 53(2), 636-643",10.1109/tmtt.2004.840735,,https://doi.org/10.1109/tmtt.2004.840735,journal,paywalled,https://ieeexplore.ieee.org/Xplorehelp/downloads/license-information/IEEE.html,local_corpus,algaas_gaas,mzm,2,no,,
kakolaki2025,Ultra-wideband (>1 THz) compact thin-film lithium niobate modulators using segmented coaxial transmission lines,Mohsen Karimian Kakolaki,Mohsen Karimian Kakolaki;Ahmad Bakhtafrouz;Parisa Karimi,2025,2025-08-13,"Optics Express 33(17), 35708",10.1364/oe.566284,,https://doi.org/10.1364/oe.566284,journal,open_access,Optica-OA-License-v2,blog:OFS-109,lithium_niobate,mzm,2,yes,,results from full-wave simulation per abstract
kakolaki2026,Ultra-High Voltage–Bandwidth Limit Thin-Film Lithium Niobate Modulators Using Partially Segmented Parallel-Plate Transmission Lines With Hybrid Dielectric Design,Mohsen Karimian Kakolaki,Mohsen Karimian Kakolaki;Ahmad Bakhtafrouz;Parisa Karimi,2026,,"IEEE Access 14, 101274-101291",10.1109/access.2026.3708669,,https://doi.org/10.1109/access.2026.3708669,journal,open_access,CC-BY-4.0,blog:OFS-109,lithium_niobate,mzm,2,yes,,lead title abbreviated; API title kept; simulation vs measurement not stated in Crossref data
karakida2026,Ultracompact High-Speed Surface-Reflective Modulator with Organic Electro-Optic Thin Film,Seidai Karakida,Seidai Karakida;Koto Ariu;Yusuke Tsubai;Go Soma;Takuo Tanemura,2026,2026-03-18,"Optical Fiber Communication Conference (OFC) 2026, paper W2A.5",10.1364/ofc.2026.w2a.5,,https://doi.org/10.1364/ofc.2026.w2a.5,conference,unknown,,ofc2026;local_corpus,eo_polymer,other,2,no,@local_corpus,OFC 2026 code W2A.5 | published_on is the OFC 2026 presentation date from the conference schedule
kawahara2026,"Low-Voltage, Complex-DSP-Free 200G PAM4 / 140G OOK Operation of Si Photonic Crystal Slow-Light Modulator with Built-in EO Equalizer",Keisuke Kawahara,Keisuke Kawahara;Tai Tsuchizawa;Noritsugu Yamamoto;Yuriko Maegami;Koji Yamada;Nobuhiko Nishiyama;Toshihiko Baba,2026,2026-03-16,"Optical Fiber Communication Conference (OFC) 2026, paper M2A.5",10.1364/ofc.2026.m2a.5,,https://doi.org/10.1364/ofc.2026.m2a.5,conference,unknown,,ofc2026;local_corpus,silicon_plasma_dispersion,mzm,2,no,@local_corpus,OFC 2026 code M2A.5 | published_on is the OFC 2026 presentation date from the conference schedule
kholeif2026,Silicon-Organic Hybrid (SOH) Racetrack Modulators for 200 Gbit/s PAM4 Signaling with Ultra-low Drive Voltages,H. Kholeif,H. Kholeif;A. Schwarzenberger;A. Kotz;S. Sarwar;D. Fang;P. Erk;S. Bräse;A. Kuzmin;W. Freude;C. Koos,2026,2026-03-19,"Optical Fiber Communication Conference (OFC) 2026, paper Th1H.2",10.1364/ofc.2026.th1h.2,,https://doi.org/10.1364/ofc.2026.th1h.2,conference,unknown,,ofc2026;local_corpus,eo_polymer,ring,2,no,@local_corpus,OFC 2026 code Th1H.2 | published_on is the OFC 2026 presentation date from the conference schedule
kim2025,Low-loss monolithic barium titanate on insulator integrated photonics with intrinsic quality factor >1 million,Gwan In Kim,Gwan In Kim;Jieun Yim;Gaurav Bahl,2026,2025-07-23,"Optics Letters 51(14), 3984",10.1364/ol.601610,2507.17150,https://doi.org/10.1364/ol.601610,journal,arxiv,journal=Optica-OA-License-v2; arxiv=arXiv-nonexclusive,blog:OFS-69,barium_titanate,mzm,2,unknown,,arXiv preprint and journal/proceedings version merged into one row (doi and arxiv_id both given)
kohli2023,Plasmonic Ferroelectric Modulator Monolithically Integrated on SiN for 216 GBd Data Transmission,M. Kohli,M. Kohli;D. Chelladurai;A. Messner;Y. Horst;D. Moor;J. Winiger;T. Blatter;T. Buriakova;C. Convertino;F. Eltes;M. Zervas;Y. Fedoryshyn;U. Koch;J. Leuthold,2023,2023-06-15,"Journal of Lightwave Technology 41(12), 3825-3831",10.1109/jlt.2023.3260064,,https://doi.org/10.1109/jlt.2023.3260064,journal,open_access,CC-BY-NC-ND-4.0,local_corpus,barium_titanate,plasmonic_mzm,2,no,,lead_title_mismatch: inventory title '200 Gbit/s Barium Titanate Modulator Using Weakly Guided Plasmonic Modes' differs from Crossref title for this DOI
kohli2025,The plasmonic BTO-on-SiN platform – beyond 200 GBd modulation for optical communications,Manuel Kohli,Manuel Kohli;Daniel Chelladurai;Laurenz Kulmer;Tobias Blatter;Yannik Horst;Killian Keller;Michael Doderer;Joel Winiger;David Moor;Andreas Messner;Tatiana Buriakova;Clarissa Convertino;Felix Eltes;Yuriy Fedoryshyn;Ueli Koch;Juerg Leuthold,2025,2025-12-16,Light: Science & Applications 14(1),10.1038/s41377-025-02116-1,,https://doi.org/10.1038/s41377-025-02116-1,journal,open_access,CC-BY-4.0,local_corpus,barium_titanate,plasmonic_mzm,2,no,@corpus_B/raw_materials/originals/2025__kohli_et_al__plasmonic-bto-on-sin-beyond-200-gbd.pdf,
kotz2026,Silicon-Organic Hybrid (SOH) IQ Modulators with Sub-1 V π-Voltages Operating at 200 GBd 16QAM and 144 GBd 64QAM,A. Kotz,A. Kotz;M. Kelany;A. Schwarzenberger;H. Kholeif;C. Wilhelm;S. Singer;C. Eschenbaum;A. Mertens;M. Martens;S. Sarwar;P. Erk;A. Kuzmin;S. Bräse;S. Randel;W. Freude;C. Koos,2026,2026-03-19,"Optical Fiber Communication Conference (OFC) 2026, paper Th3J.5",10.1364/ofc.2026.th3j.5,,https://doi.org/10.1364/ofc.2026.th3j.5,conference,unknown,,ofc2026;local_corpus,eo_polymer,iq_mzm,2,no,@local_corpus,OFC 2026 code Th3J.5 | published_on is the OFC 2026 presentation date from the conference schedule
lange2017,100 GBd Intensity Modulation and Direct Detection with an InP-based Monolithic DFB Laser Mach-Zehnder Modulator,S. Lange,S. Lange;S. Wolf;J. Lutz;L. Altenhain;R. Schmid;R. Kaiser;C. Koos;S. Randel;M. Schell,2017,,Optical Fiber Communication Conference Postdeadline Papers,10.1364/ofc.2017.th5c.5,,https://doi.org/10.1364/ofc.2017.th5c.5,conference,unknown,,local_corpus,inp_mqw,mzm,2,no,,lead gave only OPG URL OFC 2017 Th5C.5; DOI resolved directly (postdeadline paper)
li2024,Thin-Film BTO-Based MZMs for Next-Generation IMDD Transceivers Beyond 200 Gbps/λ,Weijia Li,Weijia Li;Felix Eltes;Essam Berikaa;Md Samiul Alam;Santiago Bernal;Cyriel Minkenberg;Stefan Abel;David V. Plant,2024,2024-02-01,"Journal of Lightwave Technology 42(3), 1143-1150",10.1109/jlt.2023.3339472,,https://doi.org/10.1109/jlt.2023.3339472,journal,paywalled,https://ieeexplore.ieee.org/Xplorehelp/downloads/license-information/IEEE.html,local_corpus,barium_titanate,mzm,2,unknown,,
li2026b,300-Gb/s/λ PAM4 IM/DD Link Enabled by GeSi Electro-absorption Modulator and BU-GRU Equalization,Dan Li,Dan Li;Yevhenii Osadchuk;Armands Ostrovskis;Tianyu Jiang;Francesco Da Ros;Richard Schatz;Darko Zibar;Minkyu Kim;Peter De Heyn;Lu Zhang;Xianbin Yu;Vjaceslavs Bobrovs;Xiaodan Pang;Oskars Ozolins,2026,2026-03-18,"Optical Fiber Communication Conference (OFC) 2026, paper W2A.42",10.1364/ofc.2026.w2a.42,,https://doi.org/10.1364/ofc.2026.w2a.42,conference,unknown,,ofc2026;local_corpus,germanium_silicon_eam,eam,2,no,@local_corpus,OFC 2026 code W2A.42 | published_on is the OFC 2026 presentation date from the conference schedule
lin2026,Record-High 90-GHz Silicon Microring Modulator with Compact RLC Modeling and 224-Gb/s PAM4 Operation toward Co-Packaged Optics Integrations,Ming-Wei Lin,Ming-Wei Lin;Ching-Wei Peng;Hsiang-Chih Kao;Pei-En Huang;Hann-Huei Tsai;Ying-Zong Juang;Ming-Chang Lee,2026,2026-03-19,"Optical Fiber Communication Conference (OFC) 2026, paper Th2A.14",10.1364/ofc.2026.th2a.14,,https://doi.org/10.1364/ofc.2026.th2a.14,conference,unknown,,ofc2026;local_corpus,silicon_plasma_dispersion,ring,2,no,@local_corpus,OFC 2026 code Th2A.14 | published_on is the OFC 2026 presentation date from the conference schedule
liu2025a,High-Efficiency Lithium Niobate Electro-Optic Modulator with Barium Titanate Cladding on Quartz,Hongkang Liu,Hongkang Liu;Jianping Li;Weiqin Zheng;Zixin Chen;Jianbo Zhang;Yuwen Qin,2025,2025-02-14,"Photonics 12(2), 157",10.3390/photonics12020157,,https://doi.org/10.3390/photonics12020157,journal,open_access,CC-BY-4.0,blog:OFS-35,lithium_niobate,mzm,2,yes,,simulation only per abstract
liu2026a,A 280 Gbps Optical Transceiver with Monolithically Integrated 110 GHz Silicon Microring Modulators and 110 GHz Germanium Photodetectors,Xingyu Liu,Xingyu Liu;Xu Wang;Fangchen Hu;Zixuan Cai;Wei Chu;Haibin Zhao;Haiwen Cai;Fengxin Yu;Xiao Hu,2026,2026-03-16,"Optical Fiber Communication Conference (OFC) 2026, paper M2B.2",10.1364/ofc.2026.m2b.2,,https://doi.org/10.1364/ofc.2026.m2b.2,conference,unknown,,ofc2026;local_corpus,silicon_plasma_dispersion,ring,2,no,@local_corpus,OFC 2026 code M2B.2 | published_on is the OFC 2026 presentation date from the conference schedule
messner2019,Plasmonic Ferroelectric Modulators,Andreas Messner,Andreas Messner;Felix Eltes;Ping Ma;Stefan Abel;Benedikt Baeuerle;Arne Josten;Wolfgang Heni;Daniele Caimi;Jean Fompeyrine;Juerg Leuthold,2019,2019-01-15,"Journal of Lightwave Technology 37(2), 281-290",10.1109/jlt.2018.2881332,1911.00073,https://doi.org/10.1109/jlt.2018.2881332,journal,arxiv,journal=https://ieeexplore.ieee.org/Xplorehelp/downloads/license-information/OAPA.html; arxiv=CC-BY-4.0,drive_doc,other,plasmonic_mzm,2,no,,"arXiv preprint and journal/proceedings version merged into one row (doi and arxiv_id both given) | ferroelectric material not named in DataCite arXiv abstract; platform other until full text is read; lead had journal/volume/page only (JLT 37(2) 281), matched on exact title and volume/issue/page"
montifiore2026,Blue to near-IR integrated PZT silicon nitride modulators for quantum and atomic applications,Nick Montifiore,Nick Montifiore;Andrei Isichenko;Nitesh Chauhan;Jiawei Wang;Andrew S. Hunter;Mark W. Harrington;Rahul Chawlani;Ryan Q. Rudy;Iain Kierzewski;Michael Pushkarsky;Daniel J. Blumenthal,2026,2026-01-22,"Optics Express 34(9), 17295",10.1364/oe.588566,2601.15695,https://doi.org/10.1364/oe.588566,journal,arxiv,journal=Optica-OA-License-v2; arxiv=CC-BY-4.0,blog:OFS-83,pzt,other,2,no,,arXiv preprint and journal/proceedings version merged into one row (doi and arxiv_id both given)
moor2021,>150 GHz Hybrid-Plasmonic BaTiO3-On-SOI Modulator for CMOS Foundry Integration,David Moor,David Moor;Joel Winiger;Ping Ma;Andreas Messner;Bertold Ian Bitachon;Stefan Abel;Felix Eltes;Jean Fompeyrine;Juerg Leuthold,2021,,Frontiers in Optics + Laser Science 2021,10.1364/fio.2021.fth4d.2,,https://doi.org/10.1364/fio.2021.fth4d.2,conference,unknown,,local_corpus,barium_titanate,phase_shifter,2,no,,lead_title_mismatch: inventory title 'High-speed hybrid plasmonic BTO modulator' differs from Crossref title for this DOI
nenezic2026,"A variability-aware simulation and design workflow for wafer-scale, heterogeneously integrated lithium niobate modulators",Patrick Nenezic,Patrick Nenezic;Ewoud Vissers;Arno Moerman;Laurens Bogaert;Maximilien Billet;Xiujun Zheng;Tom Vanackere;Margot Niels;Athina Papadopoulou;Sarah Uvin;Peter De Heyn;Sandeep Saseendran;Simone Atzeni;Bart Kuyken,2026,2026-05-27,arXiv,,2605.28765,https://arxiv.org/abs/2605.28765,arxiv_preprint,arxiv,CC-BY-NC-SA-4.0,drive_doc;tmp_eo_md;local_corpus,lithium_niobate,mzm,2,yes,@local_corpus,arXiv only; no journal version found by exact-title Crossref search | simulation and design workflow paper
niels2025,High-Speed Lithium Tantalate-Based Silicon Photonic Modulators,Margot Niels,Margot Niels;Tom Vanackere;Ewoud Vissers;Tingting Zhai;Patrick Nenezic;Jakob Declercq;Cédric Bruynsteen;Shengpu Niu;Arno Moerman;Olivier Caytan;Nishant Singh;Sam Lemey;Xin Yin;Sofie Janssen;Peter Verheyen;Neha Singh;Dieter Bode;Martin Davi;Filippo Ferraro;Philippe Absil;Sadhishkumar Balakrishnan;Joris Van Campenhout;Günther Roelkens;Bart Kuyken;Maximilien Billet,2025,2025-06-23,2025 Conference on Lasers and Electro-Optics Europe &amp; European Quantum Electronics Conference (CLEO/Europe-EQEC),10.1109/cleo/europe-eqec65582.2025.11111408,,https://doi.org/10.1109/cleo/europe-eqec65582.2025.11111408,conference,paywalled,https://doi.org/10.15223/policy-029;https://doi.org/10.15223/policy-037,local_corpus,lithium_tantalate,mzm,2,unknown,@corpus_A/2025__high-speed-lithium-tantalate-silicon-photonic-modulators__ugent.pdf,CLEO/Europe-EQEC 2025 summary; separate row from the arXiv 2503.10557 / Nature Photonics paper (different title)
oe2026,Differential Drive EML with Tandem Modulator Structure for 200G/Lane and Beyond Applications,Hideki Oe,Hideki Oe;Kyohei Maekawa;Kenta Sugawara;Masahiro Honda;Kosuke Saito;Fumihiro Nakajima;Takamitsu Kitamura;Tohma Watanabe;Kazuki Torii;Hirohiko Kobayashi;Kan Takada;Daisei Shoji,2026,2026-03-17,"Optical Fiber Communication Conference (OFC) 2026, paper Tu3J.4",10.1364/ofc.2026.tu3j.4,,https://doi.org/10.1364/ofc.2026.tu3j.4,conference,unknown,,ofc2026;local_corpus,inp_mqw,eam,2,no,@corpus_A/OFC2026/Tu3J.4-7df50f98-118c-435f-aeecea3c071f1341_so4440224.pdf,OFC 2026 code Tu3J.4 | published_on is the OFC 2026 presentation date from the conference schedule
ogiso2014,[011] waveguide stripe direction n‐i‐p‐n heterostructure InP optical modulator,Y. Ogiso,Y. Ogiso;Y. Ohiso;Y. Shibata;M. Kohtoku,2014,,"Electronics Letters 50(9), 688-690",10.1049/el.2014.0430,,https://doi.org/10.1049/el.2014.0430,journal,paywalled,http://onlinelibrary.wiley.com/termsAndConditions#vor,local_corpus,inp_mqw,phase_shifter,2,no,@corpus_A/2014__Electronics Letters - 2014 - Ogiso - 011  waveguide stripe direction n‐i‐p‐n heterostructure InP optical modulator.pdf,
ogiso2019,Ultra-High Bandwidth InP IQ Modulator for Beyond 100-GBd transmission,Y. Ogiso,Y. Ogiso;J. Ozaki;Y. Ueda;H. Wakita;M. Nagatani;H. Yamazaki;M. Nakamura;T. Kobayashi;S. Kanazawa;T. Fujii;Y. Hashizume;H. Tanobe;N. Nunoya;M. Ida;Y. Miyamoto;M. Ishikawa,2019,,Optical Fiber Communication Conference (OFC) 2019,10.1364/ofc.2019.m2f.2,,https://doi.org/10.1364/ofc.2019.m2f.2,conference,unknown,,local_corpus,inp_mqw,iq_mzm,2,no,,
ogiso2025,Uncooled O-band InP MZ Modulator PIC for 3.2 Tb/s (400 Gb/s/lane) Pluggable Transceiver,Yoshihiro Ogiso,Yoshihiro Ogiso;Josuke Ozaki;Kenta Sugiura;Hiroshi Yamazaki;Hiroki Taniguchi;Shigeru Kanazawa;Masanori Nakamura;Yutaka Miyamoto;Mitsuteru Ishikawa;Akimasa Kaneko,2025,,Optical Fiber Communication Conference (OFC) Postdeadline Papers 2025,10.1364/ofc.2025.th4d.1,,https://doi.org/10.1364/ofc.2025.th4d.1,conference,unknown,,local_corpus,inp_mqw,mzm,2,no,@corpus_A/2025__Uncooled_O-band_InP_MZ_Modulator_PIC_for_3.2_Tb_s_400_Gb_s_lane_Pluggable_Transceiver.pdf,Crossref lists this under OFC 2025 (postdeadline per local notes)
okuda2026,360 Gbps PAM4 Differentially Driven EML with 100 GHz 3-dB Bandwidth Dual Series-Connected EAMs for Next-Generation 3.2 Tbps Data Center Transceivers,Shinya Okuda,Shinya Okuda;Yohei Hokama;Kenichi Terao;Shunto Katsumi;Takaya Morikawa;Toshiya Tsuji;Chikara Watatani;Yoshimichi Morita;Masaaki Shimada;Takuma Fujita;Asami Uchiyama;Mizuki Shirao;Kyosuke Kuramoto;Eitaro Ishimura;Akihito Ono,2026,2026-03-17,"Optical Fiber Communication Conference (OFC) 2026, paper Tu3J.5",10.1364/ofc.2026.tu3j.5,,https://doi.org/10.1364/ofc.2026.tu3j.5,conference,unknown,,ofc2026;local_corpus,inp_mqw,eam,2,no,@corpus_A/OFC2026/Tu3J.5-d78046db-f9d7-4b2d-80617f3a2c5aec87_so4431224.pdf,OFC 2026 code Tu3J.5 | published_on is the OFC 2026 presentation date from the conference schedule
ozaki2023,Over-85-GHz-Bandwidth InP-Based Coherent Driver Modulator Capable of 1-Tb/s/λ-Class Operation,Josuke Ozaki,Josuke Ozaki;Yoshihiro Ogiso;Yasuaki Hashizume;Hiroshi Yamazaki;Kazuya Nagashima;Nobuhiro Nunoya;Mitsuteru Ishikawa,2023,2023-06-01,"Journal of Lightwave Technology 41(11), 3290-3296",10.1109/jlt.2023.3236962,,https://doi.org/10.1109/jlt.2023.3236962,journal,open_access,CC-BY-4.0,local_corpus,inp_mqw,iq_mzm,2,no,,"matched by description (JLT 2023, over-85-GHz InP coherent driver modulator) from local notes; the IEEE arnumber 10017358 in the notes was not verified"
ozaki2024,Net-1.8 Tbps/λ Transmission Enabled by C+L-band InP-based Coherent Driver Modulator,Josuke Ozaki,Josuke Ozaki;Yoshihiro Ogiso;Hiroshi Yamazaki;Masanori Nakamura;Kenta Sugiura;Kazuya Nagashima;Yasuaki Hashizume;Nobuhiro Nunoya;Yutaka Miyamoto;Mitsuteru Ishikawa,2024,,Optical Fiber Communication Conference (OFC) 2024,10.1364/ofc.2024.w3a.1,,https://doi.org/10.1364/ofc.2024.w3a.1,conference,unknown,,local_corpus,inp_mqw,iq_mzm,2,no,@corpus_A/2024__Net-1.8_Tbps__Transmission_Enabled_by_CL-band_InP-based_Coherent_Driver_Modulator.pdf,possible extended journal version (title differs): doi 10.1109/jlt.2024.3453510
picavet2024,Integration Of Solution‐Processed BaTiO3 Thin Films with High Pockels Coefficient on Photonic Platforms,Ewout Picavet,Ewout Picavet;Enes Lievens;Kobe De Geest;Hannes Rijckaert;Edgar Gutierrez Fernandez;Oier Bikondoa;Eduardo Solano;Petriina Paturi;Nishant Singh;Tinus Pannier;Jiayi Liu;Xin Yin;Dries Van Thourhout;Jeroen Beeckman;Klaartje De Buysser,2024,2024-05-25,Advanced Functional Materials 34(37),10.1002/adfm.202403024,,https://doi.org/10.1002/adfm.202403024,journal,paywalled,http://onlinelibrary.wiley.com/termsAndConditions#vor,local_corpus,barium_titanate,ring,2,no,,lead_title_mismatch: inventory title 'Solution-Processed Textured Barium Titanate Thin Films for Integrated Electro-Optic Modulators' differs from Crossref title for this DOI
qiu2026a,Barium Titanate DP-IQM Enabling Net 1 Tbps/λ ZR and Coherent-Lite Data Center Networks,Benton Qiu,Benton Qiu;Charles St-Arnault;Santiago Bernal;Aleksandar Nikic;Kaibo Zhang;Yixiang Hu;Pascal Stark;Wouter Diels;Felix Eltes;David V. Plant,2026,2026-03-19,"Optical Fiber Communication Conference (OFC) 2026, paper Th3J.4",10.1364/ofc.2026.th3j.4,,https://doi.org/10.1364/ofc.2026.th3j.4,conference,unknown,,ofc2026;local_corpus,barium_titanate,iq_mzm,2,unknown,@local_corpus,OFC 2026 code Th3J.4 | published_on is the OFC 2026 presentation date from the conference schedule
rakowski2026,An O-band Silicon Micro Ring Modulator for 200G/λ Applications with 1.6THz FSR,Michal Rakowski,Michal Rakowski;Teodor Stanev;Hanyi Ding;James Garofolo;Andy Stricker;Qidi Liu;Abdelsalam Aboketaf;Michelle Zhang;Ryan Sporer;Helen Wong;Siwei Zeng;Bradley Orner;Yusheng Bian;Bob Mulfinger;Rick Carter,2026,2026-03-16,"Optical Fiber Communication Conference (OFC) 2026, paper M2A.3",10.1364/ofc.2026.m2a.3,,https://doi.org/10.1364/ofc.2026.m2a.3,conference,unknown,,ofc2026;local_corpus,silicon_plasma_dispersion,ring,2,no,@local_corpus,OFC 2026 code M2A.3 | published_on is the OFC 2026 presentation date from the conference schedule
sayem2026a,Stable thin-film lithium tantalate modulators operating at high temperature for uncooled operation,Ayed Al Sayem,Ayed Al Sayem;Shiekh Zia Uddin;Ting-Chen Hu;Alaric Tate;Mark Cappuzzo;Rose Kopf;Mark Earnshaw,2026,2026-04-30,arXiv,,2604.27285,https://arxiv.org/abs/2604.27285,arxiv_preprint,arxiv,CC-BY-4.0,blog:OFS-102,lithium_tantalate,mzm,2,unknown,,arXiv only; no journal version found by exact-title Crossref search
sayem2026b,High-power handling and bias stability of thin-film Lithium Tantalate microring and coupling resonators,Ayed Sayem,Ayed Sayem;Shiekh Zia Uddin;Ting-Chen Hu;Alaric Tate;Mark Cappuzzo;Rose Kopf;Mark Earnshaw,2026,2026-01-31,arXiv,,2602.00922,https://arxiv.org/abs/2602.00922,arxiv_preprint,arxiv,CC-BY-4.0,drive_doc;tmp_eo_md;local_corpus,lithium_tantalate,ring,2,no,@local_corpus,arXiv only; no journal version found by exact-title Crossref search | arXiv v2 cached locally; lead URL was v1
shen2024,Photonic link from single-flux-quantum circuits to room temperature,Mohan Shen,Mohan Shen;Jiacheng Xie;Yuntao Xu;Sihao Wang;Risheng Cheng;Wei Fu;Yiyu Zhou;Hong X. Tang,2024,2023-09-06,"Nature Photonics 18(4), 371-378",10.1038/s41566-023-01370-2,2309.03284,https://doi.org/10.1038/s41566-023-01370-2,journal,arxiv,journal=https://www.springernature.com/gp/researchers/text-and-data-mining; arxiv=CC-BY-4.0,drive_doc;tmp_eo_md;local_corpus,lithium_niobate,other,2,no,@local_corpus,arXiv preprint and journal/proceedings version merged into one row (doi and arxiv_id both given) | platform lithium_niobate taken from local PDF text (abstract does not name the material); superconducting EO modulator for cryogenic readout
shen2026,Fully Integrated 1064 nm Transmitters with Widely Tunable GaAs Lasers and > 100-GHz Thin-Film LiNbO3 Modulators,Boqiang Shen,Boqiang Shen;Kewei Bian;Kaustubh Asawa;Igor Kudelin;Theodore Morin;Bowen Song;Yang Shen;Joel Guo;Jonathan Peters;Catherine Nguyen;Glenn Kim;Nathan Kim;Stephen Didde;Ryohei Omori;Daneil Lopez;Zeyu Zhang;Tin Komljenovic;Minh Tran;Yuan Yuan;Chong Zhang,2026,2026-03-19,"Optical Fiber Communication Conference (OFC) 2026, paper Th4A.5",10.1364/ofc.2026.th4a.5,,https://doi.org/10.1364/ofc.2026.th4a.5,conference,unknown,,ofc2026;local_corpus,lithium_niobate,mzm,2,unknown,@local_corpus,OFC 2026 code Th4A.5 | published_on is the OFC 2026 presentation date from the conference schedule
singer2025,Linear-drive amplifier-less 112 Gbit/s PAM4 operation of a silicon-organic hybrid (SOH) Mach-Zehnder modulator at 265 mV pp,S. Singer,S. Singer;A. Schwarzenberger;C. Eschenbaum;M. Martens;A. Mertens;G. Dagher;L. Valenziano;S. Sarwar;P. Erk;H. Kholeif;A. Kotz;T. Zwick;S. Bräse;W. Freude;S. Randel;C. Koos,2025,2025-09-15,"Optics Express 33(19), 40055",10.1364/oe.551866,,https://doi.org/10.1364/oe.551866,journal,open_access,Optica-OA-License-v2,drive_doc;tmp_eo_md,eo_polymer,mzm,2,no,,Crossref license is Optica OA license; local caches record an access challenge and no PDF
sobu2026,High Speed and Low Power Consumption Optical DAC Transmitter Using Fully Integrated CMOS and Silicon Segmented Modulator,Yohei Sobu,Yohei Sobu;Hanwei Chen;Shinsuke Tanaka,2026,2026-03-18,"Optical Fiber Communication Conference (OFC) 2026, paper W3F.4",10.1364/ofc.2026.w3f.4,,https://doi.org/10.1364/ofc.2026.w3f.4,conference,unknown,,ofc2026;local_corpus,silicon_plasma_dispersion,mzm,2,no,@local_corpus,OFC 2026 code W3F.4 | optical DAC transmitter with silicon segmented modulator | published_on is the OFC 2026 presentation date from the conference schedule
soni2023,High Bandwidth InP based Mach-Zehnder Modulator for 112 Gbps Transmission,Ankit Soni,Ankit Soni;Alexander Iatropolous;Jan Mink,2023,,,,,,,unknown,,local_corpus,inp_mqw,mzm,2,no,@corpus_A/2023__vtec-high-bandwidth-inp-mzm-112gbps.pdf,identity_unresolved | title and authors read from local PDF; year from local README and PDF creation date 2023-10; venue unknown (PDF metadata mentions OWCC); no Crossref or arXiv match; device mostly simulated per local README
starnault2026,Driver-less 448 Gbps PAM4 and 1.2 Tbps 16-QAM IMDD/Coherent-lite transmission using TFLN optical DACs,Charles St-Arnault,Charles St-Arnault;Benton Qiu;Derek Kita;Kenton Anzai;Christopher R. Cole;Ross Dickson;Bruce Beggs;Naim Ben-Hamida;Christian Reimer;David V. Plant,2026,2026-03-19,"Optical Fiber Communication Conference (OFC) 2026, paper Th4B.2",10.1364/ofc.2026.th4b.2,,https://doi.org/10.1364/ofc.2026.th4b.2,conference,unknown,,drive_doc;ofc2026;local_corpus,lithium_niobate,mzm,2,unknown,@local_corpus,OFC 2026 code Th4B.2 | published_on is the OFC 2026 presentation date from the conference schedule
sun2026,Inverse-Designed Etch-Stable Ring Modulators,Peng Sun,Peng Sun;Brett Klehn;Calvin Ma;Vesselin Velev;Itamar Priel;Liron Gantz,2026,2026-03-17,"Optical Fiber Communication Conference (OFC) 2026, paper Tu2J.3",10.1364/ofc.2026.tu2j.3,,https://doi.org/10.1364/ofc.2026.tu2j.3,conference,unknown,,ofc2026;local_corpus,other,ring,2,no,@local_corpus,OFC 2026 code Tu2J.3 | material not stated in abstract | published_on is the OFC 2026 presentation date from the conference schedule
taghavi2026,DC-to-GHz modulation in microring modulators using ferroelectric nematic liquid crystal-on-silicon in a foundry photonic process,Iman Taghavi,Iman Taghavi;Alexander Tofini;Edward K. Leung;Cory Pecinovsky;Nicolas A. F. Jaeger;Lukas Chrostowski;Sudip Shekhar,2026,2026-02-23,"Optica 13(7), 1368",10.1364/optica.591830,2602.20406,https://doi.org/10.1364/optica.591830,journal,arxiv,journal=Optica-OA-License-v2; arxiv=CC-BY-4.0,blog:OFS-69,ferroelectric_nematic_lc,ring,2,no,,arXiv preprint and journal/proceedings version merged into one row (doi and arxiv_id both given)
taghavi2026a,DC-to-GHz Modulators in Ferroelectric Nematic Liquid Crystal-on-Si Platforms,Iman Taghavi,Iman Taghavi;Cory Pecinovsky;Nicolas A.F. Jaeger;Lukas Chrostowski;Sudip Shekhar,2026,2026-03-19,"Optical Fiber Communication Conference (OFC) 2026, paper Th1H.3",10.1364/ofc.2026.th1h.3,,https://doi.org/10.1364/ofc.2026.th1h.3,conference,unknown,,ofc2026;local_corpus,ferroelectric_nematic_lc,ring,2,no,@local_corpus,OFC 2026 code Th1H.3 | published_on is the OFC 2026 presentation date from the conference schedule
theurer2026,High-Bandwidth-Density Uncooled EML Array for up to 770 Gb/s/mm and 11 km Fiber Reach,M. Theurer,M. Theurer;G. Vasudevan Rajeswari;J. Andree;C. Kottke;R. Freund;P. Runge;M. Moehrle;A. Sigmund;M. Schell,2026,2026-03-17,"Optical Fiber Communication Conference (OFC) 2026, paper Tu3J.3",10.1364/ofc.2026.tu3j.3,,https://doi.org/10.1364/ofc.2026.tu3j.3,conference,unknown,,ofc2026;local_corpus,inp_mqw,eam,2,no,@corpus_A/OFC2026/Tu3J.3-d354699a-4e7a-423f-bfc1c3c84c41b3fc_so4432275.pdf,OFC 2026 code Tu3J.3 | published_on is the OFC 2026 presentation date from the conference schedule
tiberi2026,67 GHz graphene electro-absorption modulators on silicon with 80 Gb/s C-band and 40 Gb/s O-band NRZ data rates,Matteo Tiberi,Matteo Tiberi;Alberto Montanaro;Chao Wen;Jincan Zhang;Marco Romagnoli;Vito Sorianello;Andrea C. Ferrari,2026,2026-03-19,"Optical Fiber Communication Conference (OFC) 2026, paper Th2A.12",10.1364/ofc.2026.th2a.12,,https://doi.org/10.1364/ofc.2026.th2a.12,conference,unknown,,ofc2026;local_corpus,other,eam,2,no,@local_corpus,OFC 2026 code Th2A.12 | graphene electro-absorption modulator; platform other | published_on is the OFC 2026 presentation date from the conference schedule
tobing2026,Photonics Heterogeneous Integration (PHI) of Thin-Film Lithium Niobate and Hydrogen-Free Silicon Nitride on a 200-mm Silicon Photonics Platform,L. Tobing,L. Tobing;B. Li;B. Pan;C. Lau;A. W. K. Fong;Y. Zhang;Y. Cao;J. Zhou;S. N. Foo;W. Q. Tan;C. Lee;J. O. Yoo;F. Masahisa;L. Xie;N. Venkataraman;S. C. Chong;T. Ghosh;M. Zhao;D. Zhu;K. W. Ang;N. Singh;L. W. Lim;X. Luo;Y.-C. Yeo,2026,2026-03-19,"Optical Fiber Communication Conference (OFC) 2026, paper Th1D.1",10.1364/ofc.2026.th1d.1,,https://doi.org/10.1364/ofc.2026.th1d.1,conference,unknown,,ofc2026;local_corpus,lithium_niobate,mzm,2,unknown,@local_corpus,OFC 2026 code Th1D.1 | published_on is the OFC 2026 presentation date from the conference schedule
torre2025,Folded electro-optical modulators operating at CMOS voltage level in a thin-film lithium niobate foundry process,Alberto Della Torre,Alberto Della Torre;Florian Dubois;Homa Zarebidaki;Andrea Volpini;Jacopo Leo;Arno Mettraux;Ayman Manzoor;Ivan Prieto;Davide Grassani;Olivier Dubochet;Michel Despont;Hamed Sattari,2025,2025-02-10,"Optics Express 33(4), 6747",10.1364/oe.548003,,https://doi.org/10.1364/oe.548003,journal,open_access,Optica-OA-License-v2,blog:OFS-37,lithium_niobate,mzm,2,unknown,,
wakita2024,100-GHz-bandwidth InP-based On-board Coherent Tx Front-end enabling 2-Tb/s/λ Optical Transmission,Hitoshi Wakita,Hitoshi Wakita;Munehiko Nagatani;Yoshihiro Ogiso;Masanori Nakamura;Fukutaro Hamaoka;Yuta Shiratori;Takayuki Kobayashi;Yutaka Miyamoto;Hiroyuki Takahashi,2024,,Optical Fiber Communication Conference (OFC) 2024,10.1364/ofc.2024.th4c.2,,https://doi.org/10.1364/ofc.2024.th4c.2,conference,unknown,,local_corpus,inp_mqw,iq_mzm,2,no,@corpus_A/2024__100-GHz-bandwidth_InP-based_On-board_Coherent_Tx_Front-end_enabling_2-Tb_s__Optical_Transmission.pdf,possible extended journal version (title differs): doi 10.1109/jlt.2024.3472732; system-level front-end paper that includes the InP IQ modulator
wang2026,Dual-band silicon nitride-loaded lithium niobate electro-optic modulator with a record-breaking speed of 600 Gbps,Ze Wang,Ze Wang;Liheng Wang;Pu Zhang;Yongheng Jiang;Xiaozhe Song;Xudong Zhou;Huifu Xiao;Mingrui Yuan;Mei Xian Low;Aditya Dubey;Thach Giang Nguyen;Guanghui Ren;Arnan Mitchell;Yonghui Tian,2026,2026-09-04,"Optica 13(9), 1827",10.1364/optica.609834,,https://doi.org/10.1364/optica.609834,journal,open_access,CC-BY-4.0,blog:OFS-118,lithium_niobate,mzm,2,unknown,,
weckenmann2026,Super-Channel Transmission with Ultra-Compact Microring Modulators Achieving Net 612.9 Gbps per Polarization,Erwan Weckenmann,Erwan Weckenmann;Arman Safarnejadian;Alireza Geravand;Jean-Michel Vallée;Zibo Zheng;Simon Levasseur;Ming Zeng;Leslie A. Rusch;Wei Shi,2026,2026-03-16,"Optical Fiber Communication Conference (OFC) 2026, paper M1B.3",10.1364/ofc.2026.m1b.3,,https://doi.org/10.1364/ofc.2026.m1b.3,conference,unknown,,ofc2026;local_corpus,silicon_plasma_dispersion,ring,2,no,@local_corpus,OFC 2026 code M1B.3 | published_on is the OFC 2026 presentation date from the conference schedule
wu2025,Heterogeneous Back‐End‐of‐Line Integration of Thin‐Film Lithium Niobate on Active Silicon Photonics for Single‐Chip Optical Transceivers,Lingfeng Wu,Lingfeng Wu;Zhonghao Zhou;Weilong Ma;Haohua Wang;Ziliang Ruan;Shiqing Gao;Zhishan Huang;Lu Qi;Jie Liu;Jing Feng;Changjian Guo;Dapeng Liu;Kaixuan Chen;Liu Liu,2026,2025-12-08,Laser & Photonics Reviews 20(18),10.1002/lpor.71344,2512.07196,https://doi.org/10.1002/lpor.71344,journal,arxiv,journal=http://onlinelibrary.wiley.com/termsAndConditions#vor; arxiv=arXiv-nonexclusive,blog:OFS-77;blog:OFS-118,lithium_niobate,mzm,2,unknown,,arXiv preprint and journal/proceedings version merged into one row (doi and arxiv_id both given)
xu2005,Micrometre-scale silicon electro-optic modulator,Qianfan Xu,Qianfan Xu;Bradley Schmidt;Sameer Pradhan;Michal Lipson,2005,,"Nature 435(7040), 325-327",10.1038/nature03569,,https://doi.org/10.1038/nature03569,journal,paywalled,http://www.springer.com/tdm,blog:OFS-69,silicon_plasma_dispersion,ring,2,no,,
yang2026,A Compact Mach-Zehnder Modulator in 300 mm Silicon Photonic Platform towards 400Gbps/lane Transmission,Fenghe Yang,Fenghe Yang;Erse Jia;Ying Wang;Xinran Zhao;Weisheng Wang;Haiwen Cai;Wei Chu,2026,2026-03-16,"Optical Fiber Communication Conference (OFC) 2026, paper M2A.6",10.1364/ofc.2026.m2a.6,,https://doi.org/10.1364/ofc.2026.m2a.6,conference,unknown,,ofc2026;local_corpus,silicon_plasma_dispersion,mzm,2,no,@corpus_A/OFC2026/M2A.6-4c3a6f95-57fc-456e-849910311c22c9a6_so4438534.pdf,OFC 2026 code M2A.6 | published_on is the OFC 2026 presentation date from the conference schedule | local NTT notes list this code under a different title (Slow-Light ... 94.7 GHz); API title kept
yao2024,Optimization of InP-based traveling-wave Mach-Zehnder modulator design using artificial neural network and heuristic algorithms,Ruoyun Yao,Ruoyun Yao;Weiwei Pan;Yu Cheng;Chen Ji,2024,2024-11-11,"Optics Express 32(24), 42993",10.1364/oe.536777,,https://doi.org/10.1364/oe.536777,journal,open_access,Optica-OA-License-v2,local_corpus,inp_mqw,mzm,2,no,,"lead gave only Optics Express URL (32(24) 42993); matched on journal, volume, issue and page; design is simulated per local README"
yin2025,High-speed micro-ring modulator using ferroelectric PLZT for integrated photonics,Yuexin Yin,Yuexin Yin;Shangci Yang;Sahar Alasvand Yazdani;Hiromu Sato;Guo-Wei Lu;Shiyoshi Yokoyama,2025,2025-12-01,APL Photonics 10(12),10.1063/5.0296778,,https://doi.org/10.1063/5.0296778,journal,open_access,CC-BY-4.0,blog:OFS-79,plzt,ring,2,no,,
yin2026,A 256 Gb/s Silicon Euler Microring Modulator with 3 THz FSR and >67 GHz Bandwidth,Yuchen Yin,Yuchen Yin;Aoxue Wang;Jiajian Chen;Yichen Xu;Weilu Wu;Xinyi Hu;Jinlong Xiang;Youlve Chen;Zhenyu Zhao;An He;Zongheng Weng;Yaotian Zhao;Wei Chu;Ting Wang;Yikai Su;Xuhan Guo,2026,2026-03-16,"Optical Fiber Communication Conference (OFC) 2026, paper M2A.1",10.1364/ofc.2026.m2a.1,,https://doi.org/10.1364/ofc.2026.m2a.1,conference,unknown,,ofc2026;local_corpus,silicon_plasma_dispersion,ring,2,no,@local_corpus,OFC 2026 code M2A.1 | published_on is the OFC 2026 presentation date from the conference schedule
yu2026,A 420 Gb/s/lane O-Band PAM-4 TOSA Based on Thin-Film Lithium Niobate for IM-DD Applications,Haijiang Yu,Haijiang Yu;Ming Su;Ruizhi Zhang;Hao Zhang;Peng Gao;Yuan Yao;Li huang;Shusheng Peng;Xiaoyu Li;Hongbo Zhan;Wenjia Xu;Xudong Gao;Chuanneng Luo;Madhav Bhatta;Changfei Hu,2026,2026-03-18,"Optical Fiber Communication Conference (OFC) 2026, paper W4J.4",10.1364/ofc.2026.w4j.4,,https://doi.org/10.1364/ofc.2026.w4j.4,conference,unknown,,ofc2026;local_corpus,lithium_niobate,mzm,2,unknown,@local_corpus,OFC 2026 code W4J.4 | published_on is the OFC 2026 presentation date from the conference schedule
zhang2026a,Ferroelectric Nematic Glass-Based Silicon Photonics Modulator for Net 400 Gbps IM/DD Transmission,Kaibo Zhang,Kaibo Zhang;Li-Yuan Chiang;Ching-Wen Huang;Charles St-Arnault;Benton Qiu;Jerome Jahn;James Christensen;Santiago Bernal;Codey Nacke;Pao-Chieh Huang;Neda Bathaei;Aleksandar Nikic;Yixiang Hu;Cory Pecinovsky;Chirag Patel;Pavel Savechenkov;Morten Nissov;Mark Harrison;Gianlorenzo Masini;David V. Plant,2026,2026-03-16,"Optical Fiber Communication Conference (OFC) 2026, paper M2B.4",10.1364/ofc.2026.m2b.4,,https://doi.org/10.1364/ofc.2026.m2b.4,conference,unknown,,ofc2026;local_corpus,ferroelectric_nematic_lc,mzm,2,no,@local_corpus,OFC 2026 code M2B.4 | published_on is the OFC 2026 presentation date from the conference schedule
zhou2026,400G/lane for Linear-drive Optics Applications,Jianying Zhou,Jianying Zhou;Lei Xin;Xuelei Zhang;Fangyuan Meng;Yang Liu;Qisheng Zhao;Jin Hong,2026,2026-03-19,"Optical Fiber Communication Conference (OFC) 2026, paper Th1C.3",10.1364/ofc.2026.th1c.3,,https://doi.org/10.1364/ofc.2026.th1c.3,conference,unknown,,ofc2026;local_corpus,lithium_niobate,mzm,2,unknown,@local_corpus,OFC 2026 code Th1C.3 | published_on is the OFC 2026 presentation date from the conference schedule
zhu2025a,Folded Sub-1V Vπ Thin Film Lithium Niobate Phase Modulator,Xiaofeng Zhu,Xiaofeng Zhu;Marco Moller de Freitas;Shouyuan Shi;Peng Yao;Fuquan Wang;Christopher J. Cullen;Maxwell Hinkle;Dennis W. Prather,2025,2025-03-01,"IEEE Photonics Technology Letters 37(5), 301-304",10.1109/lpt.2025.3544127,,https://doi.org/10.1109/lpt.2025.3544127,journal,open_access,CC-BY-4.0,blog:OFS-37,lithium_niobate,phase_shifter,2,unknown,,lead gave IEEE arnumber only; resolved by exact-title Crossref search (title has Vpi as symbol)
anderson2025,Quantum critical electro-optic and piezo-electric nonlinearities,Christopher P. Anderson,Christopher P. Anderson;Giovanni Scuri;Aaron Chan;Sungjun Eun;Alexander D. White;Geun Ho Ahn;Christine Jilly;Amir Safavi-Naeini;Kasper Van Gasse;Lu Li;Jelena Vučković,2025,2025-02-21,"Science 390(6771), 394-399",10.1126/science.adx8657,2502.15164,https://doi.org/10.1126/science.adx8657,journal,arxiv,CC-BY-4.0,blog:OFS-69,strontium_titanate,other,3,no,,arXiv preprint and journal/proceedings version merged into one row (doi and arxiv_id both given)
chelladurai2025,Barium titanate and lithium niobate permittivity and Pockels coefficients from megahertz to sub-terahertz frequencies,Daniel Chelladurai,Daniel Chelladurai;Manuel Kohli;Joel Winiger;David Moor;Andreas Messner;Yuriy Fedoryshyn;Mohammed Eleraky;Yuqi Liu;Hua Wang;Juerg Leuthold,2025,2025-03-17,"Nature Materials 24(6), 868-875",10.1038/s41563-025-02158-1,,https://doi.org/10.1038/s41563-025-02158-1,journal,open_access,CC-BY-4.0,drive_doc;local_corpus,barium_titanate,other,3,no,@corpus_B/raw_materials/originals/2025__chelladurai_et_al__bto-ln-permittivity-pockels-mhz-sub-thz.pdf,
dai2026,High-Performance Thin-Film Lithium Niobate Photonic Filters and Modulators,Daoxin Dai,Daoxin Dai;Weixun Zhu;Hongxuan Liu;Mingyu Zhu;Jianghao He;Liu Liu,2026,2026-03-17,"Optical Fiber Communication Conference (OFC) 2026, paper Tu3C.6",10.1364/ofc.2026.tu3c.6,,https://doi.org/10.1364/ofc.2026.tu3c.6,conference,unknown,,ofc2026;local_corpus,lithium_niobate,other,3,unknown,,OFC 2026 code Tu3C.6 | progress overview of TFLN filters and modulators | published_on is the OFC 2026 presentation date from the conference schedule
jaehyukshin2011,Conductor Loss of Capacitively Loaded Slow Wave Electrodes for High-Speed Photonic Devices,JaeHyuk Shin,JaeHyuk Shin;Steven R Sakamoto;Nadir Dagli,2011,,"Journal of Lightwave Technology 29(1), 48-52",10.1109/jlt.2010.2091624,,https://doi.org/10.1109/jlt.2010.2091624,journal,paywalled,https://ieeexplore.ieee.org/Xplorehelp/downloads/license-information/IEEE.html,local_corpus,algaas_gaas,other,3,no,@corpus_A/2012_Conductor_Loss_of_Capacitively_Loaded_Slow_Wave_Electrodes_for_High-Speed_Photonic_Devices.pdf,
leuthold2026,Tutorial: High-Speed Plasmonic Modulator and Detector for Data Communications,Juerg Leuthold,Juerg Leuthold;Jasmin Smajic;Yannik Salamin;Christian Haffner;Claudia Hoessbacher,2026,2026-03-19,"Optical Fiber Communication Conference (OFC) 2026, paper Th1H.5",10.1364/ofc.2026.th1h.5,,https://doi.org/10.1364/ofc.2026.th1h.5,conference,unknown,,ofc2026;local_corpus,other,plasmonic_mzm,3,no,,OFC 2026 code Th1H.5 | tutorial | published_on is the OFC 2026 presentation date from the conference schedule
meng2026,Heterogeneous photonic integration of single-crystalline nanomembranes,Yuan Meng,Yuan Meng;Wenbo Mao;Zhihao Xu;Di Jia;Mengxin Lin;Jisung Seo;Bora Kim;Xinyuan Zhang;Eugene Park;Seokje Lee;Jekyung Kim;Sangmoon Han;Ji-Yun Moon;Weijie Xu;Qian Zhang;Xiaoqing He;Mingfeng Chen;Sang Hyun Nam;Jianqi Hu;Justin S. Kim;Sejin Lee;Sanggeun Bae;Soo Ho Choi;Tae Hyung Kim;Yunseok Choi;Seung-Il Kim;Kyubeen Kim;Minho Jin;Chen Jiang;Yiheng Zhang;Young-Hoon Kim;Jae-Hyun Lee;Hobeom Kim;Sheng Ran;Xi Wang;Cheng-Wei Qiu;Frances M. Ross;Jeehwan Kim;Minjoo Larry Lee;Hyunseok Kim;Tobias J. Kippenberg;Lan Yang;Sang-Hoon Bae,2026,2026-09-16,"Nature 657(8132), 638-645",10.1038/s41586-026-11000-w,,https://doi.org/10.1038/s41586-026-11000-w,journal,paywalled,https://www.springernature.com/gp/researchers/text-and-data-mining,blog:OFS-118,other,other,3,unknown,,lead asked to check for modulator content; Crossref has no abstract so modulator content is unverified
ohata2026,High-Speed EMLs for AI/ML Applications,Nobuo Ohata,Nobuo Ohata;Mizuki Shirao;Shinya Okuda;Kei Masuyama;Asami Uchiyama;Kenichi Abe;Kiyotomo Hasegawa,2026,2026-03-17,"Optical Fiber Communication Conference (OFC) 2026, paper Tu3J.1",10.1364/ofc.2026.tu3j.1,,https://doi.org/10.1364/ofc.2026.tu3j.1,conference,unknown,,ofc2026;local_corpus,inp_mqw,eam,3,no,@local_corpus,OFC 2026 code Tu3J.1 | EML (EAM) review-style paper | published_on is the OFC 2026 presentation date from the conference schedule
patel2026,Si Microring Resonator Modulators at >200Gb/s,David Patel,David Patel,2026,2026-03-16,"Optical Fiber Communication Conference (OFC) 2026, paper M2A.7",10.1364/ofc.2026.m2a.7,,https://doi.org/10.1364/ofc.2026.m2a.7,conference,unknown,,ofc2026;local_corpus,silicon_plasma_dispersion,ring,3,no,@local_corpus,OFC 2026 code M2A.7 | review | published_on is the OFC 2026 presentation date from the conference schedule
smajic2024,Plasmonic Electro-Optic Modulators – A Review,J. Smajic,J. Smajic;J. Leuthold,2024,,"IEEE Journal of Selected Topics in Quantum Electronics 30(4: Adv. Mod. and Int. beyond Si), 1-13",10.1109/jstqe.2024.3396549,,https://doi.org/10.1109/jstqe.2024.3396549,review,open_access,CC-BY-4.0,drive_doc;tmp_eo_md;local_corpus,other,plasmonic_mzm,3,no,,
suceava2025,Colossal Cryogenic Electro‐Optic Response Through Metastability in Strained BaTiO 3 Thin Films,Albert Suceava,Albert Suceava;Sankalpa Hazra;Aiden Ross;Ian Reed Philippi;Dylan Sotir;Brynn Brower;Lei Ding;Yingxin Zhu;Zhiyu Zhang;Himirkanti Sarkar;Saugata Sarker;Yang Yang;Suchismita Sarker;Vladimir A. Stoica;Darrell G. Schlom;Long‐Qing Chen;Venkatraman Gopalan,2025,2025-10-11,Advanced Materials 38(3),10.1002/adma.202507564,2510.13256,https://doi.org/10.1002/adma.202507564,journal,arxiv,journal=CC-BY-4.0; arxiv=CC-BY-4.0,blog:OFS-69,barium_titanate,other,3,no,,arXiv preprint and journal/proceedings version merged into one row (doi and arxiv_id both given)
tatarczak2026,Scaling IM/DD Interconnects to 400 Gb/s per Lane: Component and System-Level Tradeoffs,Anna Tatarczak,Anna Tatarczak;Roberto Rodes;Andrei Kaikkonen;Young Kai Chen;Julie Eng,2026,2026-03-16,"Optical Fiber Communication Conference (OFC) 2026, paper M2B.6",10.1364/ofc.2026.m2b.6,,https://doi.org/10.1364/ofc.2026.m2b.6,conference,unknown,,ofc2026;local_corpus,other,other,3,no,@corpus_A/OFC2026/M2B.6-a7c5890c-b590-4e37-9c9252190d01ddae_so4392346.pdf,OFC 2026 code M2B.6 | review-style paper | published_on is the OFC 2026 presentation date from the conference schedule
ulrich2025,Engineering high Pockels coefficients in thin-film strontium titanate for cryogenic quantum electro-optic applications,Anja Ulrich,Anja Ulrich;Kamal Brahim;Andries Boelen;Michiel Debaets;Ahmed Khalil;Conglin Sun;Yishu Huang;Sandeep Seema Saseendran;Marina Baryshnikova;Paola Favia;Thomas Nuytten;Stefanie Sergeant;Kasper Van Gasse;Bart Kuyken;Kristiaan De Greve;Clement Merckling;Christian Haffner,2025,2025-02-20,"Science 390(6771), 390-393",10.1126/science.adx3741,2502.14349,https://doi.org/10.1126/science.adx3741,journal,arxiv,arXiv-nonexclusive,blog:OFS-69,strontium_titanate,other,3,no,,arXiv preprint and journal/proceedings version merged into one row (doi and arxiv_id both given)
xu2021,Electro‐Optic Activity in Excess of 1000 pm V−1 Achieved via Theory‐Guided Organic Chromophore Design,Huajun Xu,Huajun Xu;Delwin L. Elder;Lewis E. Johnson;Yovan de Coene;Scott R. Hammond;Wouter Vander Ghinst;Koen Clays;Larry R. Dalton;Bruce H. Robinson,2021,2021-09-20,Advanced Materials 33(45),10.1002/adma.202104174,,https://doi.org/10.1002/adma.202104174,journal,paywalled,http://onlinelibrary.wiley.com/termsAndConditions#vor,blog:OFS-69,eo_polymer,other,3,no,,
yamaguchi2026,Integrated Electro-Optic Frequency-Domain Equalizer for Ultra-Broadband Optical Modulator,Yuya Yamaguchi,Yuya Yamaguchi;Paikun Zhu;Pham Tien Dat;Shingo Takano;Shotaro Hirata;Yu Kataoka;Junichiro Ichikawa;Ryo Shimizu;Kouichi Akahane;Naokatsu Yamamoto;Atsushi Kanno;Tetsuya Kawanishi,2026,2026-03-18,"Optical Fiber Communication Conference (OFC) 2026, paper W1A.1",10.1364/ofc.2026.w1a.1,,https://doi.org/10.1364/ofc.2026.w1a.1,conference,unknown,,ofc2026;local_corpus,lithium_niobate,mzm,3,unknown,@local_corpus,OFC 2026 code W1A.1 | review of integrated EO frequency-domain equalizer for TFLN modulators | published_on is the OFC 2026 presentation date from the conference schedule
