org_name,org_type,country,region,parent_org,notes
1FINITY Inc.,company,JP,east_asia,,"Kawasaki, Kanagawa"
AIXTRON Ltd,company,GB,europe,,"Swavesey, Cambridge; tiberi2025 affiliation"
AMO GmbH,company,DE,europe,,Aachen; zwickel2020 p.1 affiliation 3 (author affiliation only; no fabrication role stated)
"Advanced Fiber Resources (Zhuhai), Ltd.",company,CN,east_asia,,Zhuhai
Advanced Micro Foundry,foundry,SG,southeast_asia,,"Singapore; named as fabricating the silicon devices (geravand2025 via CMC Microsystems MPW service; zhong2026); country from the paper text, address not given"
"Agency for Science, Technology and Research",research_institute,SG,southeast_asia,,Singapore; affiliation 2 is the Institute of Materials Research and Engineering of A*STAR
Bauman Moscow State Technical University,university,RU,europe,,Moscow; FMN Laboratory; lotkov2024
Bauman Moscow State Technical University Nanofabrication Facility,facility,RU,europe,Bauman Moscow State Technical University,"Named in lotkov2024 acknowledgements as BMSTU Nanofabrication Facility (FMN Laboratory, FMNS REC, ID 74300); country from host institution"
Baylor University,university,US,north_america,,"Waco, Texas; Department of Electrical and Computer Engineering; hsu2024 p.1"
Beijing Information Science and Technology University,university,CN,east_asia,,"Beijing; affiliation 3 (Key Laboratory of Information and Communication Systems, Ministry of Information Industry); han2023 p.1"
Binnig and Rohrer Nanotechnology Center,facility,CH,europe,,"Cleanroom named in acknowledgements; host institution and address not stated in the paper, country entered from outside the paper; sabatti2024 p.4 names it 'BRNC of ETH Zurich and IBM Ruschlikon'"
Brazilian Center for Research in Energy and Materials,research_institute,BR,other,,"Campinas; CNPEM, parent of the national laboratory below; navarro2026"
Brazilian Nanotechnology National Laboratory,national_lab,BR,other,Brazilian Center for Research in Energy and Materials,Campinas 13083-200; LNNano; navarro2026
CMC Microsystems,other,CA,north_america,,Multi-project wafer service provider named in geravand2025 Methods and acknowledgements; country entered from outside the paper
California Institute of Technology,university,US,north_america,,"Pasadena, CA; Division of Physics, Mathematics and Astronomy and Alliance for Quantum Technologies (affiliation 4); name as in the affiliation (PDF text extraction spacing garbled)"
CamGraPhIC srl,company,IT,europe,,Pisa; written CamGraPhiC in giambra2021
Center for Advanced Electronic Materials and Devices,facility,CN,east_asia,Shanghai Jiao Tong University,AEMD; acknowledged for device fabrication support; also author affiliation 2; country from host institution
Center for Nanoscale Systems,facility,US,north_america,Harvard University,Acknowledgements: device fabrication performed at the center for nanoscale systems (CNS) at Harvard University; country from host institution
Centre Suisse d'Electronique et de Microtechnique,research_institute,CH,europe,,"Neuchatel; paper writes ""Centre Suisse d'Electronique et de Microtechnique (CSEM)""; named as the TFLN multi-project fabrication run used (larocque2024)"
"Cetus Photonics, Inc.",company,US,north_america,,Address not stated in the paper
China Information and Communication Technologies Group Corporation,company,CN,east_asia,,Wuhan; National Information Optoelectronics Innovation Center and State Key Laboratory of Optical Communication Technologies and Networks; paper abbreviation CICT
"Chongqing United Microelectronics Center Co., Ltd",company,CN,east_asia,,Chongqing address in the paper; source of the Si/SiN photonics PDK used
Ciena Corporation,company,CA,north_america,,Quebec City and Ottawa addresses in the paper
City University of Hong Kong,university,HK,east_asia,,"Kowloon, Hong Kong; Department of Electrical Engineering and State Key Laboratory of Terahertz and Millimeter Waves"
City University of New York Advanced Science Research Center NanoFabrication Facility,facility,US,north_america,City University of New York,Cleanroom named in acknowledgements; country from host institution
Columbia Nano Initiative,facility,US,north_america,Columbia University,Shared labs named in acknowledgements; country from host institution
Columbia University,university,US,north_america,,"New York, NY; Department of Electrical Engineering"
CompoundTek Pte,foundry,SG,southeast_asia,,"Named in Methods (p.14) as fabricating the 200 mm SOI wafer run; paper gives no address, country entered from outside the paper"
Cornell High Energy Synchrotron Source,facility,US,north_america,Cornell University,"Ithaca, NY affiliation of Suchismita Sarker"
Cornell NanoScale Facility,facility,US,north_america,Cornell University,"Acknowledgment: work performed in part at the facility (National Nanotechnology Coordinated Infrastructure member); host institution not named in the paper beyond the facility name, country from the facility name"
Cornell University,university,US,north_america,,"Ithaca, NY; School of Electrical and Computer Engineering"
DRS Daylight Solutions,company,US,north_america,,"San Diego, CA"
Dream Photonics Inc.,company,CA,north_america,,"Vancouver, BC"
Dukhov Automatics Research Institute,research_institute,RU,europe,,Moscow; written Dukhov Automatics Research Institute (VNIIA) in lotkov2024
EPFL Center of MicroNano Technology,facility,CH,europe,Swiss Federal Institute of Technology Lausanne,Cleanroom named in acknowledgements; country from host institution
EPFL Institute of Physics cleanroom,facility,CH,europe,Swiss Federal Institute of Technology Lausanne,Paper writes the Institute of Physics (IPHYS) cleanroom; the EPFL prefix and host are inferred from the affiliation; country from host institution
ETH Zurich,university,CH,europe,,Institute of Electromagnetic Fields; name as in affiliation
East China Normal University,university,CN,east_asia,,Shanghai; State Key Laboratory of Precision Spectroscopy
Enosemi Inc,company,US,north_america,,"Seattle, WA; affiliation line adds 'acquired by AMD'; name as printed on page 1"
FIRST cleanroom of ETH Zurich,facility,CH,europe,ETH Zurich,Cleanroom named in acknowledgements as written in the paper (acronym not expanded there); country from host institution
Federal University of Mato Grosso,university,BR,other,,"Cuiaba, Mato Grosso; Programa de Pos-Graduacao em Fisica; written Universidade Federal de Mato Grosso in navarro2026"
Flux Photonics Inc.,company,US,north_america,,"Pacifica, CA address in the paper"
Fraunhofer Heinrich Hertz Institute,research_institute,DE,europe,,Berlin; name as written in the affiliation; fabricated the InP MZM on its InP platform
Freedom Photonics,company,US,north_america,,"41 Aero Camino, Goleta, CA; name as written in the affiliation"
Fudan University,university,CN,east_asia,,"Shanghai; Future Information Innovative College, affiliation 2"
George Washington University,university,US,north_america,,"Washington, DC; Department of Electrical and Computer Engineering; heidari2022 and gui2022"
Georgia Institute of Technology,university,US,north_america,,"Atlanta, GA; Department of Electrical and Computer Engineering (taghavi2022a); page-1 affiliation labels are swapped in the arXiv text, assignment follows Crossref"
Ghent University,university,BE,europe,,"Department of Information Technology (INTEC), Photonics Research Group and IDLab, Ghent University-imec"
Graphenea Semiconductor SLU,company,ES,europe,,San Sebastian; name as written in the affiliation
Graz University of Technology,university,AT,europe,,Graz; Institute of Experimental Physics; affiliation 4 in sun2026a p.1
Hainan Normal University,university,CN,east_asia,,Haikou; School of Physics and Electronic Engineering; sia2022 p.1
Harbin Institute of Technology (Shenzhen),university,CN,east_asia,,Shenzhen; Department of Electronic and Information Engineering; shen2021 p.1
Harvard University,university,US,north_america,,"Cambridge, MA; John A. Paulson School of Engineering and Applied Sciences"
Hefei National Laboratory,national_lab,CN,east_asia,,"Hefei, Anhui"
Hewlett Packard Enterprise,company,US,north_america,,"Milpitas, California; Hewlett Packard Labs (Large-Scale Integrated Photonics group); huang2026a p.1"
Huawei Technologies,company,CN,east_asia,,Shenzhen; B & P Laboratory; name as written in the affiliation
Huazhong University of Science and Technology,university,CN,east_asia,,"Wuhan; Wuhan National Laboratory for Optoelectronics, School of Optical and Electronic Information"
HyperLight,company,US,north_america,,"501 Massachusetts Avenue, Cambridge, Massachusetts; name as written in the affiliation"
IHP - Leibniz-Institut für innovative Mikroelektronik,research_institute,DE,europe,,Frankfurt (Oder); name as written in the paper; fabricated the devices on its 200 mm BiCMOS pilot line
INPHOTEC,other,IT,europe,,"Pisa; name as written in the giambra2021 affiliation, expansion not given in the paper"
Infinera Corporation,company,US,north_america,,"Wolf p.1 affiliation 4, present address, Sunnyvale, California."
Institute for Electronics and Nanotechnology,facility,US,north_america,Georgia Institute of Technology,"Paper writes 'Georgia Tech IEN' (NNCI member, acknowledgements: work performed in part there); expansion of the acronym and host institution entered from outside the paper"
Institute for Theoretical and Applied Electromagnetics of the Russian Academy of Sciences,research_institute,RU,europe,,"Moscow; written Institute for Theoretical and Applied Electromagnetics RAS in lotkov2024, RAS expanded"
Institute of Microelectronics,research_institute,SG,southeast_asia,,Named as A*Star Institute of Microelectronics in Kieninger p.2; A*Star IME in Wolf p.4; fabrication in Singapore. Unit name expanded from Kieninger; parent acronym not guessed.
"Institute of Optics and Precision Mechanics, Chinese Academy of Sciences",research_institute,CN,east_asia,,Xi'an; affiliation 2 of feng2022 (Crossref writes Xi'an Institute of Optics and Precision Mechanics)
"Institute of Physics, Chinese Academy of Sciences",research_institute,CN,east_asia,,Beijing National Laboratory for Condensed Matter Physics; affiliation 6
Institute of Science Tokyo,university,JP,east_asia,,"Meguro-ku, Tokyo; Department of Electrical and Electronic Engineering"
Intel Corporation,company,US,north_america,,"Santa Clara, California; photonics fab fabricated the passive Si microring on 300 mm SOI; hsu2024 p.1, p.6"
International Business Machines Corporation Research Zurich,company,CH,europe,,"Affiliation 'IBM Research - Europe, Zurich', Rüschlikon address in the paper; acronym expanded per schema convention"
Irvine Materials Research Institute,facility,US,north_america,"University of California, Irvine",affiliation 10 in sun2026a p.1; shared materials characterization centre of the host university
Istituto Italiano di Tecnologia,research_institute,IT,europe,,Pisa (Center for Nanotechnology Innovation @NEST) and Genova (Graphene Labs); giambra2021 affiliations
"Istituto Nanoscienze, Consiglio Nazionale delle Ricerche",research_institute,IT,europe,,"Pisa (NEST); written Istituto Nanoscienze-CNR in giambra2021, CNR expanded"
Johns Hopkins University,university,US,north_america,,"Baltimore, MD; gui2022 affiliation of J. B. Khurgin"
KEEQuant GmbH,company,DE,europe,,Fuerth; current affiliation of M. Baier
KU Leuven,university,BE,europe,,"Leuven; Department of Electrical Engineering (ESAT), Department of Materials Engineering (MTM), Department of Physics and Astronomy"
Karlsruhe Institute of Technology,university,DE,europe,,"Institute of Photonics and Quantum Electronics (IPQ) and Institute of Microstructure Technology (IMT), Karlsruhe"
Kavli Institute at Cornell for Nanoscale Science,research_institute,US,north_america,Cornell University,"Ithaca, NY affiliation of Darrell G. Schlom"
Kyushu University,university,JP,east_asia,,"Kasuga, Fukuoka; Institute for Materials Chemistry and Engineering and Department of Molecular and Material Science"
"La Luce Cristallina, Inc.",company,US,north_america,,"Austin, Texas; affiliation 3 in sun2026a p.1"
Lanzhou University,university,CN,east_asia,,"Lanzhou, Gansu; affiliation 3 (Institute of Microelectronics and Key Laboratory for Magnetism and Magnetic Materials of MOE, School of Physical Science and Technology)"
Leibniz-Institut für Kristallzüchtung,research_institute,DE,europe,,"Max-Born-Straße 2, 12489 Berlin; affiliation of Darrell G. Schlom"
Ligentec SA,foundry,CH,europe,,Ecublens; SiN photonic foundry; named as fabricating the SiN wafers
"Lightmatter, Inc.",company,US,north_america,,"Boston, MA; present address of an author"
Lomonosov Moscow State University,university,RU,europe,,Moscow; Faculty of Physics; lotkov2024
Lumiphase AG,company,CH,europe,,Stafa; BTO growth and integration
Luxtelligence SA,company,CH,europe,,Saint-Sulpice; affiliation 5 in the OFC paper (li2026a); written LUXTELLIGENCE SA there
MACOM Technology Solutions,company,US,north_america,,"Santa Clara, CA; EML driver"
Massachusetts Institute of Technology,university,US,north_america,,"Cambridge, MA; Research Laboratory of Electronics (larocque2024 affiliation 1; holzgrafe2020 affiliation 3)"
McGill University,university,CA,north_america,,"Montreal, QC; Department of Electrical and Computer Engineering"
Micram Microelectronic GmbH,company,DE,europe,,"Wolf p.1 affiliation 5, Bochum."
Monarch Quantum,company,US,north_america,,"San Diego, California; affiliation 8 in sun2026a p.1"
NLM Photonics,company,US,north_america,,"Seattle, WA (4000 Mason Road); name as printed on page 1"
NTT Innovative Devices Corporation,company,JP,east_asia,,"Atsugi City, Kanagawa; paper writes the affiliation as given; separate legal entity from Nippon Telegraph and Telephone Corporation, parent relation not stated in the paper"
"NTT Research, Inc.",company,US,north_america,,"Sunnyvale, CA address in the paper"
NUFAB facility of the NUANCE Center,facility,US,north_america,Northwestern University,Named in acknowledgements as the NUFAB facility of Northwestern University's NUANCE Center (acronyms not expanded in the paper); country from host institution
Nanjing University of Aeronautics and Astronautics,university,CN,east_asia,,"Nanjing; Key Laboratory of Radar Imaging and Microwave Photonics, College of Electronic and Information Engineering; affiliation from the Crossref record, absent from the cached preprint"
Nankai University,university,CN,east_asia,,"Tianjin; School of Physics and TEDA Applied Physics Institute, Academy for Advanced Interdisciplinary Studies"
Nanofabrication Platform of Nankai University,facility,CN,east_asia,Nankai University,Acknowledgements: thanked for fabricating samples; country from host institution
Nanosystem Fabrication Facility,facility,HK,east_asia,The Hong Kong University of Science and Technology,Acknowledged for device fabrication in chen2024 (paper writes Nanosystem Fabrication Facility (CWB) of HKUST); country from host institution
Nanyang Technological University,university,SG,southeast_asia,,Singapore; School of Electrical & Electronic Engineering
National Information Optoelectronics Innovation Center,research_institute,CN,east_asia,,"Wuhan; hu2023 p.1 affiliation 3, listed separately, relation to China Information and Communication Technologies Group Corporation not stated there; xu2020 p.1 prints it as part of that group"
National Institute of Advanced Industrial Science and Technology,research_institute,JP,east_asia,,"Tsukuba, Ibaraki; paper abbreviation AIST"
National Institute of Information and Communications Technology,research_institute,JP,east_asia,,"Koganei, Tokyo; paper abbreviation NICT; kawahara2025 p.1"
National Institute of Standards and Technology,national_lab,US,north_america,,"Boulder, CO; Time and Frequency Division; present address of an author"
National Inter-University Consortium for Telecommunications,consortium,IT,europe,,"Pisa; Photonic Networks and Technologies Lab; written CNIT in giambra2021 and tiberi2025, expansion from outside the paper"
National Sun Yat-sen University,university,TW,east_asia,,Kaohsiung; Department of Photonics
National University of Singapore,university,SG,southeast_asia,,Singapore; Department of Electrical and Computer Engineering
Nippon Telegraph and Telephone Corporation,company,JP,east_asia,,"Paper writes the affiliation as 'NTT Corporation' (NTT Device Innovation Center; NTT Device Technology Laboratories), Atsugi-shi, Kanagawa"
Nissan Chemical Corporation,company,JP,east_asia,,Funabashi; lu2020 p.1 affiliation 4
Nokia Bell Labs,company,US,north_america,,"Murray Hill, NJ"
Nokia Corporation,company,US,north_america,,"Sunnyvale, CA"
Northwestern University,university,US,north_america,,"Evanston, Illinois; Department of Materials Science and Engineering, McCormick School of Engineering"
Oregon State University,university,US,north_america,,"Corvallis, Oregon; School of Electrical Engineering and Computer Science; cleanroom (Materials Synthesis and Characterization Facility) used for the TCO gate processing; hsu2024 p.1, p.12"
Paderborn University,university,DE,europe,,"Paderborn; Mesoscopic Quantum Optics and Integrated Quantum Optics, Department Physics"
Peking University,university,CN,east_asia,,"Beijing; affiliations 1 (State Key Laboratory of Advanced Optical Communication Systems and Networks, School of Electronics) and 5 (Frontiers Science Center for Nano-optoelectronics); han2023 p.1"
Peking University Yangtze Delta Institute of Optoelectronics,research_institute,CN,east_asia,Peking University,Nantong; affiliation 6; han2023 p.1
Peng Cheng Laboratory,research_institute,CN,east_asia,,Shenzhen; affiliation 2; han2023 p.1
Phase Sensitive Innovations,company,US,north_america,,"Newark, DE; name as written in the affiliation line"
Photonics Electronics Technology Research Association,consortium,JP,east_asia,,"Bunkyo-ku, Tokyo; paper abbreviation PETRA"
"Platform for the Accelerated Realization, Analysis, and Discovery of Interface Materials (PARADIM)",facility,US,north_america,Cornell University,"Ithaca, NY affiliation of Dylan Sotir"
"Polaris Electro-Optics, Inc.",company,US,north_america,,"USA in chiang2025; Broomfield, CO address in taghavi2026 (written without Inc. there)"
Raytheon BBN Technologies,company,US,north_america,,"Cambridge, MA"
Rhinopix Technology Limited,company,HK,east_asia,,Hong Kong; affiliation 4; wang2026b p.1
SLAC National Accelerator Laboratory,national_lab,US,north_america,Stanford University,"Menlo Park, CA; paper lists it as SLAC National Accelerator Laboratory, Stanford University"
San Diego Nanotechnology Infrastructure,facility,US,north_america,"University of California, San Diego",Acknowledged for part of the work (valdez2023); country from host institution
Sandia National Laboratories,national_lab,US,north_america,,"Albuquerque, NM; Applied Microphotonic Systems (author affiliation in valdez2022, weigel2018); Si photonics foundry process named in weigel2018 (its ref. 4); fabrication assistance acknowledged in valdez2023"
Scuola Normale Superiore,university,IT,europe,,Pisa (NEST); giambra2021 affiliation
Scuola Superiore Sant'Anna,university,IT,europe,,Pisa; Tecip Institute; giambra2021 affiliation
Semiconductor Manufacturing International Corporation,foundry,CN,east_asia,,"Named as fabricating the low-speed silicon DDMZM (yue2023 p.8, p.15); location not given in the paper, country entered from outside the paper"
Shandong Normal University,university,CN,east_asia,,Jinan; Collaborative Innovation Center of Light Manipulations and Applications
"Shanghai Institute of Optics and Fine Mechanics, Chinese Academy of Sciences",research_institute,CN,east_asia,,Shanghai; State Key Laboratory of High Field Laser Physics and CAS Center for Excellence in Ultra-intense Laser Science; paper abbreviation SIOM
Shanghai Jiao Tong University,university,CN,east_asia,,"Shanghai; affiliations 1 (State Key Laboratory of Advanced Optical Communication Systems and Networks, Department of Electronic Engineering) and 2 (Center for Advanced Electronic Materials and Devices)"
Shanghai Research Center for Quantum Sciences,research_institute,CN,east_asia,,Shanghai 201315; affiliation 4; hu2026a p.1
Shanxi University,university,CN,east_asia,,"Taiyuan, Shanxi; Collaborative Innovation Center of Extreme Optics"
SilOriX GmbH,company,DE,europe,,Karlsruhe; schwarzenberger2026 p.1; supplier of the SOXD-100 material
South China Normal University,university,CN,east_asia,,Guangzhou; affiliations 2 and 3 (South China Academy of Advanced Optoelectronics; National Center for International Research on Green Optoelectronics)
Stanford Nano Shared Facilities,facility,US,north_america,Stanford University,"Named in the acknowledgements; host institution not stated as such in the paper, country from the Stanford name"
Stanford Nanofabrication Facility,facility,US,north_america,Stanford University,"Named in the acknowledgements; host institution not stated as such in the paper, country from the Stanford name"
Stanford University,university,US,north_america,,"Ginzton Laboratory, Stanford address in the paper"
"Sumitomo Electric Industries, Ltd.",company,JP,east_asia,,"Yokohama, Kanagawa"
Sun Yat-sen University,university,CN,east_asia,,Guangzhou; State Key Laboratory of Optoelectronic Materials and Technologies and School of Physics and Engineering
Swiss Federal Institute of Technology Lausanne,university,CH,europe,,"Institutes of Physics and of Electrical and Micro Engineering, Lausanne; name as written in the affiliation (EPFL)"
Takeda Sentanchi Super Cleanroom,facility,JP,east_asia,The University of Tokyo,Cleanroom named in acknowledgements; country from host institution; full name as written in akazawa2026; soma2025 writes 'Takeda Cleanroom'
Technical University Berlin,university,DE,europe,,Berlin; affiliation 2 (name as written in the paper)
Technical University of Denmark,university,DK,europe,,Lyngby; Department of Electrical and Photonics Engineering
Texas A&M University,university,US,north_america,,"College Station, Texas; Department of Electrical and Computer Engineering; huang2026a p.1"
The Hong Kong Polytechnic University,university,HK,east_asia,,"Affiliation address reads ""Hong Kong, China""; Photonics Research Center, Departments of Electronic and Information Engineering and of Electrical Engineering"
The Hong Kong University of Science and Technology,university,HK,east_asia,,Parent of the fabrication facility named in the chen2024 acknowledgements (paper writes HKUST; acronym expanded); not an author affiliation
The Pennsylvania State University,university,US,north_america,,"University Park, PA; name as in the affiliation; departments of Materials Science and Engineering, Physics, Engineering Science and Mechanics, Nuclear Engineering, and Materials Research Institute"
The University of Aizu,university,JP,east_asia,,Fukushima; lu2020 p.1 affiliation 2
The University of Texas at Austin,university,US,north_america,,"Austin, TX; Microelectronics Research Center, Electrical and Computer Engineering Department; heidari2022"
The University of Tokyo,university,JP,east_asia,,"Bunkyo-ku, Tokyo; School of Engineering"
Tohoku University,university,JP,east_asia,,Sendai; Research Institute of Electrical Communication
Tokai University,university,JP,east_asia,,Kanagawa; lu2020 p.1 affiliation 5
Tsinghua University,university,CN,east_asia,,"Beijing; affiliations 1 (State Key Laboratory of New Ceramic Materials) and 2 (BNRist, Department of Electronic Engineering)"
Tulane University,university,US,north_america,,"New Orleans, LA"
U.S. Army Combat Capabilities Development Command Army Research Laboratory,national_lab,US,north_america,,"Adelphi, MD"
University of Bristol,university,GB,europe,,"Bristol; Quantum Engineering Technology Labs, Department of Electrical and Electronic Engineering (Crossref: School of Electrical, Electronic and Mechanical Engineering)"
University of British Columbia,university,CA,north_america,,"Vancouver, BC; Department of Electrical and Computer Engineering (also Quantum Matter Institute)"
University of Cagliari,university,IT,europe,,Cagliari; Department of Physics
"University of California, Irvine",university,US,north_america,,"Irvine, California; Department of Materials Science and Engineering and Department of Physics and Astronomy; affiliations 6 and 9 in sun2026a p.1"
"University of California, San Diego",university,US,north_america,,"La Jolla, CA; Electrical & Computer Engineering"
"University of California, Santa Barbara",university,US,north_america,,"Santa Barbara, CA; Department of Electrical and Computer Engineering; written without comma in the paper"
University of Cambridge,university,GB,europe,,Cambridge Graphene Centre; written Cambridge University in giambra2021
University of Campinas,university,BR,other,,Campinas-SP; School of Electrical and Computer Engineering
University of Chinese Academy of Sciences,university,CN,east_asia,,Beijing
"University of Colorado, Boulder",university,US,north_america,,"Boulder, CO; Department of Physics; present address of an author"
University of Delaware,university,US,north_america,,"Newark, DE; School of Electrical and Computer Engineering"
University of Freiburg,university,DE,europe,,"Institute for Anatomy and Cell Biology; present address of one author in schwarzenberger2026 p.1, printed 'University Freiburg'"
University of Illinois Chicago,university,US,north_america,,"Chicago, IL; Department of Electrical and Computer Engineering; paper writes ""University of Illinois - Chicago"""
University of Illinois at Urbana-Champaign,university,US,north_america,,"Urbana, IL; Department of Electrical & Computer Engineering and Department of Mechanical Science and Engineering"
University of Michigan,university,US,north_america,,"Ann Arbor, MI; Department of Physics"
University of Muenster,university,DE,europe,,"Wolf p.1 affiliation 3, present address; spelling as in the paper."
University of Pittsburgh,university,US,north_america,,"Pittsburgh, PA; Department of Electrical and Computer Engineering"
University of Rochester,university,US,north_america,,"Rochester, NY; Department of Electrical and Computer Engineering and Institute of Optics"
University of Southampton,university,GB,europe,,Southampton; Optoelectronics Research Centre; sia2022 p.1
University of Washington,university,US,north_america,,"Seattle, Washington; affiliations in both source PDFs, p.1."
Université Laval,university,CA,north_america,,"Quebec City; Department of Electrical and Computer Engineering and Centre d'optique, photonique et laser (COPL)"
Université Libre de Bruxelles,university,BE,europe,,Brussels address in the paper (OPERA-Photonique; Laboratoire d'Information Quantique)
Virginia Tech,university,US,north_america,,"Blacksburg, VA; Bradley Department of Electrical and Computer Engineering; name as written in the affiliation"
Xidian University,university,CN,east_asia,,"Guangzhou Institute of Technology and School of Microelectronics (State Key Laboratory of Wide Bandgap Semiconductor Devices and Integrated Technology); affiliations from the Crossref record, absent from the cached preprint"
Yale University,university,US,north_america,,"New Haven, CT; Department of Electrical Engineering"
Yokohama National University,university,JP,east_asia,,"Yokohama, Kanagawa; Department of Electrical and Computer Engineering; kawahara2025 p.1"
Zhangjiang Laboratory,research_institute,CN,east_asia,,Shanghai; affiliation 4; han2023 p.1
Zhejiang University,university,CN,east_asia,,"Hangzhou; affiliations 1 (State Key Laboratory for Modern Optical Instrumentation, Centre for Optical and Electromagnetic Research, International Research Center for Advanced Photonics)"
d.lab,facility,JP,east_asia,The University of Tokyo,"Cleanroom facilities of d.lab in the University of Tokyo (fukui2025 acknowledgements, p.8); country from host institution"
imec,research_institute,BE,europe,,"Leuven, Kapeldreef 75; paper writes 'imec'; named as fabricating the Si-PIC wafers on its 200 mm pilot line"
