paper_id,author_index,author,person_id
aihara2026,1,Takuma Aihara,takuma-aihara
aihara2026,2,Tatsurou Hiraki,tatsurou-hiraki
aihara2026,3,Yoshiho Maeda,yoshiho-maeda
aihara2026,4,Takuro Fujii,takuro-fujii
aihara2026,5,Masashi Ota,masashi-ota
aihara2026,6,Tomonari Sato,tomonari-sato
aihara2026,7,Shinji Matsuo,shinji-matsuo
aimone2026,1,Alessandro Aimone,alessandro-aimone
aimone2026,2,Philipp Thomas,philipp-thomas
aimone2026,3,Callum Deakin,callum-deakin
aimone2026,4,Kwangwoong Kim,kwangwoong-kim
aimone2026,5,Tam Huynh,tam-huynh
aimone2026,6,Xi Chen,xi-chen
aimone2026,7,Mark Earnshaw,mark-earnshaw
aimone2026,8,Yves Baeyens,yves-baeyens
aimone2026,9,Shahriar Shahramian,shahriar-shahramian
aimone2026,10,Nicolas Fontaine,nicolas-k-fontaine
akazawa2026,1,Tomohiro Akazawa,tomohiro-akazawa
akazawa2026,2,Rui Tang,rui-tang
akazawa2026,3,Hanzhi Tang,hanzhi-tang
akazawa2026,4,Makoto Okano,makoto-okano
akazawa2026,5,Yangyang Wan,yangyang-wan
akazawa2026,6,Nobuyuki Matsuda,nobuyuki-matsuda
akazawa2026,7,Kasidit Toprasertpong,0000-0003-4206-8698
akazawa2026,8,Shinichi Takagi,0000-0002-5601-2604
akazawa2026,9,Mitsuru Takenaka,0000-0002-9852-1474
anderson2025,1,Christopher P. Anderson,0000-0002-5624-0025
anderson2025,2,Giovanni Scuri,0000-0003-1050-3114
anderson2025,3,Aaron Chan,0009-0005-8871-0473
anderson2025,4,Sungjun Eun,0000-0002-5581-0233
anderson2025,5,Alexander D. White,0000-0002-5387-310X
anderson2025,6,Geun Ho Ahn,0000-0002-4761-7804
anderson2025,7,Christine Jilly,0000-0003-4879-8739
anderson2025,8,Amir Safavi-Naeini,0000-0001-6176-1274
anderson2025,9,Kasper Van Gasse,0000-0002-4286-585X
anderson2025,10,Lu Li,0000-0002-8054-7406
anderson2025,11,Jelena Vučković,0000-0002-4603-9686
arabjuneghani2022,1,Farzaneh Arab Juneghani,farzaneh-arab-juneghani
arabjuneghani2022,2,Milad Gholipour Vazimali,milad-gholipour-vazimali
arabjuneghani2022,3,Jie Zhao,jie-zhao
arabjuneghani2022,4,Xi Chen,xi-chen
arabjuneghani2022,5,Son Thai Le,son-thai-le
arabjuneghani2022,6,Haoshuo Chen,0000-0002-6637-9346
arabjuneghani2022,7,Ehsan Ordouie,ehsan-ordouie
arabjuneghani2022,8,Nicolas K Fontaine,nicolas-k-fontaine
arabjuneghani2022,9,Sasan Fathpour,0000-0002-8395-9094
bao2026a,1,Shenlei Bao,shenlei-bao
bao2026a,2,Yihao Yang,yihao-yang
bao2026a,3,Chao Cheng,chao-cheng
bao2026a,4,Xianglin Bu,xianglin-bu
bao2026a,5,Jintao Xue,jintao-xue
bao2026a,6,Wenfu Zhang,wenfu-zhang
bao2026a,7,Binhao Wang,binhao-wang
bao2026b,1,Shenlei Bao,shenlei-bao
bao2026b,2,Chao Cheng,chao-cheng
bao2026b,3,Xianglin Bu,xianglin-bu
bao2026b,4,Yihao Yang,yihao-yang
bao2026b,5,Houyou Lai,houyou-lai
bao2026b,6,Jintao Xue,jintao-xue
bao2026b,7,Wenfu Zhang,wenfu-zhang
bao2026b,8,Binhao Wang,binhao-wang
berman2026,1,Sarah Berman,sarah-berman
berman2026,2,Sina Dereshgi,sina-dereshgi
berman2026,3,David Barton,david-barton
bhasker2026,1,Prashanth Bhasker,prashanth-bhasker
bhasker2026,2,Sumeeta Arora,sumeeta-arora
bhasker2026,3,Hui Fu,hui-fu
bhasker2026,4,Chris Fuchs,chris-fuchs
bhasker2026,5,Ayman Kanan,ayman-kanan
bhasker2026,6,John E. Johnson,john-e-johnson
boynton2020,1,Nicholas Boynton,nicholas-boynton
boynton2020,2,Hong Cai,hong-cai
boynton2020,3,Michael Gehl,michael-gehl
boynton2020,4,Shawn Arterburn,shawn-arterburn
boynton2020,5,Christina Dallo,christina-dallo
boynton2020,6,Andrew Pomerene,andrew-t-pomerene
boynton2020,7,Andrew Starbuck,andrew-l-starbuck
boynton2020,8,Dana Hood,dana-hood
boynton2020,9,Douglas C. Trotter,douglas-c-trotter
boynton2020,10,Thomas Friedmann,thomas-a-friedmann
boynton2020,11,Christopher T. DeRose,christopher-t-derose
boynton2020,12,Anthony Lentine,anthony-l-lentine
cai2025,1,Jiachen Cai,0009-0006-6217-7313
cai2025,2,Alexander Kotz,0000-0002-0459-6759
cai2025,3,Hugo Larocque,0009-0009-5849-780X
cai2025,4,Chengli Wang,chengli-wang
cai2025,5,Xinru Ji,0000-0001-7057-7786
cai2025,6,Junyin Zhang,0000-0001-7597-8941
cai2025,7,Daniel Drayss,daniel-drayss
cai2025,8,Jiale Sun,jiale-sun
cai2025,9,Shuhang Zheng,shuhang-zheng
cai2025,10,Xin Ou,0000-0002-0316-9958
cai2025,11,Christian Koos,0000-0003-2690-0691
cai2025,12,Tobias J. Kippenberg,0000-0002-3408-886X
cai2026,1,Zixuan Cai,zixuan-cai
cai2026,2,Xu Wang,xu-wang
cai2026,3,Fengxin Yu,fengxin-yu
cai2026,4,Jinwen Song,jinwen-song
cai2026,5,Wei Chu,wei-chu
cai2026,6,Haiwen Cai,haiwen-cai
cai2026,7,Xiao Hu,xiao-hu
celik2022,1,Oguz Tolga Celik,0000-0002-6454-2306
celik2022,2,Christopher J. Sarabalis,0000-0003-3570-7391
celik2022,3,Felix M. Mayor,0000-0001-9849-3517
celik2022,4,Hubert S. Stokowski,0000-0001-6416-9639
celik2022,5,Jason F. Herrmann,jason-f-herrmann
celik2022,6,Timothy P. McKenna,0000-0001-8132-7336
celik2022,7,Nathan R. A. Lee,nathan-r-a-lee
celik2022,8,Wentao Jiang,wentao-jiang
celik2022,9,Kevin K. S. Multani,kevin-k-s-multani
celik2022,10,Amir H. Safavi-Naeini,0000-0001-6176-1274
chelladurai2025,1,Daniel Chelladurai,0000-0003-3877-600X
chelladurai2025,2,Manuel Kohli,0000-0002-5528-5352
chelladurai2025,3,Joel Winiger,0009-0009-6376-1660
chelladurai2025,4,David Moor,0000-0002-0930-4604
chelladurai2025,5,Andreas Messner,0000-0002-7849-9644
chelladurai2025,6,Yuriy Fedoryshyn,0000-0002-6482-7870
chelladurai2025,7,Mohammed Eleraky,0000-0001-6432-3624
chelladurai2025,8,Yuqi Liu,0000-0002-7968-0074
chelladurai2025,9,Hua Wang,hua-wang
chelladurai2025,10,Juerg Leuthold,0000-0003-0111-8169
chen2022,1,Gengxin Chen,gengxin-chen
chen2022,2,Kaixuan Chen,0000-0002-2538-6793
chen2022,3,Ranfeng Gan,ranfeng-gan
chen2022,4,Ziliang Ruan,ziliang-ruan
chen2022,5,Zong Wang,zong-wang
chen2022,6,Pucheng Huang,pucheng-huang
chen2022,7,Chao Lu,chao-lu
chen2022,8,Alan Pak Tao Lau,alan-pak-tao-lau
chen2022,9,Daoxin Dai,0000-0002-2769-3009
chen2022,10,Changjian Guo,0000-0002-8079-460X
chen2022,11,Liu Liu,0000-0002-3651-544X
chen2023,1,Gengxin Chen,gengxin-chen
chen2023,2,Haohua Wang,haohua-wang
chen2023,3,Bin Chen,bin-chen
chen2023,4,Ziliang Ruan,ziliang-ruan
chen2023,5,Changjian Guo,0000-0002-8079-460X
chen2023,6,Kaixuan Chen,0000-0002-2538-6793
chen2023,7,Liu Liu,0000-0002-3651-544X
chen2023a,1,Nuo Chen,nuo-chen
chen2023a,2,Kangping Lou,kangping-lou
chen2023a,3,Yalong Yu,yalong-yu
chen2023a,4,Xuanjian He,xuanjian-he
chen2023a,5,Tao Chu,0000-0002-3190-7452
chen2024,1,Yikun Chen,0000-0001-9957-7851
chen2024,2,Hanke Feng,hanke-feng
chen2024,3,Zhenzheng Wang,0009-0005-4058-5458
chen2024,4,Ke Zhang,ke-zhang
chen2024,5,Xiangzhi Xie,xiangzhi-xie
chen2024,6,Yuansong Zeng,yuansong-zeng
chen2024,7,Yujie Ren,yujie-ren
chen2024,8,Cheng Wang,0000-0002-1939-1422
chen2025,1,Guanyu Chen,0000-0001-7388-7149
chen2025,2,Yushan Liu,yushan-liu
chen2025,3,Bangtong Ge,bangtong-ge
chen2025,4,Mingjie Zou,mingjie-zou
chen2025,5,Chunde Li,chunde-li
chen2025,6,Yuxin Liang,yuxin-liang
chen2025,7,Yu Yu,yu-yu
chen2025,8,Tao Zhu,tao-zhu
chen2025,9,Hua Yu,hua-yu
chen2026,1,Haiwei Chen,0000-0003-3285-0686
chen2026,2,Zhilin Ye,zhilin-ye
chen2026,3,Kaiyan Pan,kaiyan-pan
chen2026,4,Heyi Cai,heyi-cai
chen2026,5,Nan Jiang,nan-jiang
chen2026,6,Gang Zhao,gang-zhao
chen2026,7,Shining Zhu,shining-zhu
chen2026,8,Xiaopeng Hu,0000-0002-1630-109X
chiang2025,1,Li-Yuan Chiang,liyuan-chiang
chiang2025,2,Gianlorenzo Masini,gianlorenzo-masini
chiang2025,3,Rih-You Chen,rihyou-chen
chiang2025,4,Chirag Patel,chirag-patel
chiang2025,5,Pavel Savechenkov,pavel-savechenkov
chiang2025,6,Yi-Jen Chiu,yijen-chiu
chiang2025,7,Cory Pecinovsky,cory-pecinovsky
chiang2025,8,Jason W. Sickler,jason-w-sickler
churaev2023,1,Mikhail Churaev,0000-0002-1864-3288
churaev2023,2,Rui Ning Wang,0000-0002-5704-3971
churaev2023,3,Annina Riedhauser,annina-riedhauser
churaev2023,4,Viacheslav Snigirev,viacheslav-snigirev
churaev2023,5,Terence Blésin,0000-0003-3468-5493
churaev2023,6,Charles Möhl,0000-0003-3483-4700
churaev2023,7,Miles H. Anderson,miles-h-anderson
churaev2023,8,Anat Siddharth,0000-0003-4066-7304
churaev2023,9,Youri Popoff,youri-popoff
churaev2023,10,Ute Drechsler,ute-drechsler
churaev2023,11,Daniele Caimi,daniele-caimi
churaev2023,12,Simon Hönl,0000-0003-4093-0520
churaev2023,13,Johann Riemensberger,0000-0002-3468-6501
churaev2023,14,Junqiu Liu,junqiu-liu
churaev2023,15,Paul Seidler,0000-0002-1084-4640
churaev2023,16,Tobias J. Kippenberg,0000-0002-3408-886X
deng2026,1,Chenguang Deng,chenguang-deng
deng2026,2,Yutong He,yutong-he
deng2026,3,Wenfeng Yang,0009-0003-5074-2731
deng2026,4,Han Yu,han-yu
deng2026,5,Zijian Hong,0000-0002-3491-0884
deng2026,6,Hao Liu,hao-liu
deng2026,7,Haojie Han,haojie-han
deng2026,8,Wei Li,wei-li
deng2026,9,Yunpeng Ma,yunpeng-ma
deng2026,10,Zhongshan Zhang,zhongshan-zhang
deng2026,11,Yongjun Wu,yongjun-wu
deng2026,12,Jing Ma,0000-0003-0103-9858
deng2026,13,Bing Xiong,0000-0002-1015-4578
deng2026,14,Changzheng Sun,changzheng-sun
deng2026,15,Rong Yu,0000-0003-1687-3597
deng2026,16,Jing-Feng Li,0000-0002-0185-0512
deng2026,17,Ji Zhou,ji-zhou
deng2026,18,Yi Luo,yi-luo
deng2026,19,Qian Li,0000-0001-7922-598X
deng2026a,1,Ruogu Deng,ruogu-deng
deng2026a,2,Erse Jia,erse-jia
deng2026a,3,Yizhou Xu,yizhou-xu
deng2026a,4,Han Liu,han-liu
deng2026a,5,Jun Li,jun-li
deng2026a,6,Jingbo Wang,jingbo-wang
deng2026a,7,Bolun Cui,bolun-cui
deng2026a,8,Guike Li,guike-li
deng2026a,9,Jian Liu,jian-liu
deng2026a,10,Zhao Zhang,zhao-zhang
deng2026a,11,Haiwen Cai,haiwen-cai
deng2026a,12,Wei Chu,wei-chu
deng2026a,13,Fenghe Yang,fenghe-yang
deng2026a,14,Nan Qi,nan-qi
deng2026a,15,Liyuan Liu,liyuan-liu
derose2012,1,Christopher T. DeRose,christopher-t-derose
derose2012,2,Douglas C. Trotter,douglas-c-trotter
derose2012,3,William A. Zortman,william-a-zortman
derose2012,4,Michael R. Watts,michael-r-watts
didier2026,1,Pierre Didier,0000-0001-5503-998X
didier2026,2,Prakhar Jain,prakhar-jain
didier2026,3,Mathieu Bertrand,0000-0001-9016-8103
didier2026,4,Jost Kellner,0000-0003-4037-7489
didier2026,5,Oliver Pitz,0009-0007-5746-8244
didier2026,6,Zhecheng Dai,zhecheng-dai
didier2026,7,Tristan Kuttner,0009-0002-2609-4271
didier2026,8,Mattias Beck,0000-0002-0260-5797
didier2026,9,Baile Chen,0000-0002-3265-5787
didier2026,10,Jérôme Faist,0000-0003-4429-7988
didier2026,11,Rachel Grange,0000-0001-7469-9756
dong2026,1,Po Dong,po-dong
dong2026,2,Venkatesh Doddapaneni,venkatesh-doddapaneni
dong2026,3,Michael Kossey,michael-kossey
dong2026,4,Craig Schulz,craig-schulz
dong2026,5,Andrei Kaikkonen,andrei-kaikkonen
dong2026,6,Roberto Rodes,roberto-rodes
dong2026,7,Dun Mao,dun-mao
dong2026,8,Jaime Kwan,jaime-kwan
dong2026,9,Taylor Fryett,taylor-fryett
dong2026,10,Bo Feng,bo-feng
dong2026,11,Argishti Melikyan,argishti-melikyan
dong2026,12,Chengpin Yu,chengpin-yu
dong2026,13,Jack Xu,jack-xu
eltes2020,1,Felix Eltes,0000-0003-3882-8121
eltes2020,2,Gerardo E. Villarreal-Garcia,gerardo-e-villarrealgarcia
eltes2020,3,Daniele Caimi,daniele-caimi
eltes2020,4,Heinz Siegwart,heinz-siegwart
eltes2020,5,Antonio A. Gentile,antonio-a-gentile
eltes2020,6,Andy Hart,andy-hart
eltes2020,7,Pascal Stark,0000-0002-7389-5592
eltes2020,8,Graham D. Marshall,graham-d-marshall
eltes2020,9,Mark G. Thompson,0000-0002-2865-9558
eltes2020,10,Jorge Barreto,0000-0001-5662-7345
eltes2020,11,Jean Fompeyrine,jean-fompeyrine
eltes2020,12,Stefan Abel,0000-0001-9688-7168
eltes2023,1,Felix Eltes,0000-0003-3882-8121
eltes2023,2,Weijia Li,0000-0002-6578-3152
eltes2023,3,Essam Berikaa,0000-0002-2782-2341
eltes2023,4,Md Samiul Alam,0000-0001-7712-9353
eltes2023,5,Santiago Bernal,santiago-bernal
eltes2023,6,Cyriel Minkenberg,cyriel-minkenberg
eltes2023,7,David V. Plant,david-v-plant
eltes2023,8,Stefan Abel,0000-0001-9688-7168
falcone2026,1,Virginia Falcone,virginia-falcone
falcone2026,2,Eleni Prountzou,0009-0008-6204-2042
falcone2026,3,Jost Kellner,0000-0003-4037-7489
falcone2026,4,Ülle-Linda Talts,ullelinda-talts
falcone2026,5,Rachel Grange,0000-0001-7469-9756
feng2022,1,Hanke Feng,hanke-feng
feng2022,2,Ke Zhang,ke-zhang
feng2022,3,Wenzhao Sun,wenzhao-sun
feng2022,4,Yangming Ren,yangming-ren
feng2022,5,Yiwen Zhang,0000-0003-0507-4175
feng2022,6,Wenfu Zhang,wenfu-zhang
feng2022,7,Cheng Wang,0000-0002-1939-1422
fukui2025,1,Taichiro Fukui,0000-0002-6534-1477
fukui2025,2,Kei Sumita,0000-0002-2720-5546
fukui2025,3,Hiroki Miyano,0009-0007-9307-0532
fukui2025,4,Go Soma,0000-0002-9960-9937
fukui2025,5,Warakorn Yanwachirakul,0000-0002-3195-5569
fukui2025,6,Eisaku Kato,eisaku-kato
fukui2025,7,Ryota Tanomura,0000-0001-7205-3003
fukui2025,8,Jiahao Liu,jiahao-liu
fukui2025,9,Toshiki Yamada,0000-0002-9503-171X
fukui2025,10,Akira Otomo,0009-0005-2897-862X
fukui2025,11,Kasidit Toprasertpong,0000-0003-4206-8698
fukui2025,12,Mitsuru Takenaka,0000-0002-9852-1474
fukui2025,13,Shinichi Takagi,0000-0002-5601-2604
fukui2025,14,Yoshiaki Nakano,0000-0002-2713-9542
fukui2025,15,Takuo Tanemura,0000-0002-6086-1510
gao2024,1,Lang Gao,lang-gao
gao2024,2,Youting Liang,youting-liang
gao2024,3,Jinming Chen,0000-0003-3425-196X
gao2024,4,Jianping Yu,jianping-yu
gao2024,5,Jia Qi,jia-qi
gao2024,6,Lvbin Song,lvbin-song
gao2024,7,Jian Liu,jian-liu-2
gao2024,8,Zhaoxiang Liu,zhaoxiang-liu
gao2024,9,Zhiwei Fang,0000-0002-8047-1763
gao2024,10,Hongxin Qi,hongxin-qi
gao2024,11,Ya Cheng,0000-0001-8269-5907
geravand2025,1,Alireza Geravand,0000-0003-1706-6447
geravand2025,2,Zibo Zheng,0000-0002-4060-4891
geravand2025,3,Farshid Shateri,farshid-shateri
geravand2025,4,Simon Levasseur,0009-0001-4088-7502
geravand2025,5,Leslie A. Rusch,0000-0002-3888-3596
geravand2025,6,Wei Shi,0000-0001-5781-9912
giambra2021,1,Marco A. Giambra,0000-0002-1566-2395
giambra2021,2,Vaidotas Mišeikis,0000-0001-6263-4250
giambra2021,3,Sergio Pezzini,0000-0003-4289-907X
giambra2021,4,Simone Marconi,simone-marconi
giambra2021,5,Alberto Montanaro,alberto-montanaro
giambra2021,6,Filippo Fabbri,0000-0003-1142-0441
giambra2021,7,Vito Sorianello,vito-sorianello
giambra2021,8,Andrea C. Ferrari,0000-0003-0907-9993
giambra2021,9,Camilla Coletti,0000-0002-8134-7633
giambra2021,10,Marco Romagnoli,marco-romagnoli
gong2026,1,Ming Gong,ming-gong
gong2026,2,Qidi Liu,qidi-liu
gong2026,3,Hanyi Ding,hanyi-ding
gong2026,4,Minerva Webster-Pact,minerva-websterpact
gong2026,5,Kevin Dezfulian,kevin-dezfulian
gong2026,6,Yusheng Bian,yusheng-bian
gong2026,7,Sujith Chandran,sujith-chandran
gong2026,8,Teodor Stanev,teodor-stanev
gong2026,9,Massimo Sorbara,massimo-sorbara
gong2026,10,Won Suk Lee,won-suk-lee
gong2026,11,Michal Rakowski,michal-rakowski
gong2026,12,Takako Hirokawa,takako-hirokawa
gong2026,13,Yahui Xiao,yahui-xiao
gong2026,14,Bob Mulfinger,bob-mulfinger
gong2026,15,Janet Tinkler,janet-tinkler
gong2026,16,Andrea Paganini,andrea-paganini
gong2026,17,Ken Giewont,ken-giewont
gong2026,18,Rick Carter,rick-carter
gong2026,19,Ted Letavic,ted-letavic
gui2022,1,Yaliang Gui,0000-0002-6085-3334
gui2022,2,Behrouz Movahhed Nouri,behrouz-movahhed-nouri
gui2022,3,Mario Miscuglio,mario-miscuglio
gui2022,4,Rubab Amin,rubab-amin
gui2022,5,Hao Wang,hao-wang
gui2022,6,Jacob B. Khurgin,0000-0003-0725-8736
gui2022,7,Hamed Dalir,0000-0002-9998-3830
gui2022,8,Volker J. Sorger,volker-j-sorger
guo2026,1,Changjian Guo,0000-0002-8079-460X
guo2026,2,Xingjie Li,xingjie-li
guo2026,3,Xiaofeng Wu,xiaofeng-wu
guo2026,4,Jiajie Deng,jiajie-deng
guo2026,5,Jiayu Huang,jiayu-huang
guo2026,6,Yunjie Wang,yunjie-wang
guo2026,7,Wenchang Yang,wenchang-yang
guo2026,8,Weilong Ma,weilong-ma
guo2026,9,Ziliang Ruan,ziliang-ruan
guo2026,10,Kaixuan Chen,0000-0002-2538-6793
guo2026,11,Sailing He,sailing-he
guo2026,12,Liu Liu,0000-0002-3651-544X
gupta2023,1,Y Durvasa Gupta,0000-0003-3636-1855
gupta2023,2,Guillaume Binet,guillaume-binet
gupta2023,3,Wouter Diels,0000-0002-9587-7627
gupta2023,4,Oliver Abdeen,oliver-abdeen
gupta2023,5,Tom Gaertner,tom-gaertner
gupta2023,6,Moritz Baier,moritz-baier
gupta2023,7,Martin Schell,martin-schell
han2023,1,Changhao Han,0009-0009-4746-7007
han2023,2,Zhao Zheng,0009-0005-3856-7488
han2023,3,Haowen Shu,0000-0002-5429-8661
han2023,4,Ming Jin,0000-0002-0491-4649
han2023,5,Jun Qin,0000-0002-8168-5034
han2023,6,Ruixuan Chen,ruixuan-chen
han2023,7,Yuansheng Tao,yuansheng-tao
han2023,8,Bitao Shen,bitao-shen
han2023,9,Bowen Bai,bowen-bai
han2023,10,Fenghe Yang,fenghe-yang
han2023,11,Yimeng Wang,yimeng-wang
han2023,12,Haoyu Wang,haoyu-wang
han2023,13,Feifan Wang,0000-0002-1465-8116
han2023,14,Zixuan Zhang,0009-0008-8958-4917
han2023,15,Shaohua Yu,shaohua-yu
han2023,16,Chao Peng,0000-0002-0200-0798
han2023,17,Xingjun Wang,0000-0001-8206-2544
he2019,1,Mingbo He,mingbo-he
he2019,2,Mengyue Xu,0000-0001-6261-0347
he2019,3,Yuxuan Ren,yuxuan-ren
he2019,4,Jian Jian,jian-jian
he2019,5,Ziliang Ruan,ziliang-ruan
he2019,6,Yongsheng Xu,yongsheng-xu
he2019,7,Shengqian Gao,shengqian-gao
he2019,8,Shihao Sun,shihao-sun
he2019,9,Xueqin Wen,xueqin-wen
he2019,10,Lidan Zhou,lidan-zhou
he2019,11,Lin Liu,lin-liu
he2019,12,Changjian Guo,0000-0002-8079-460X
he2019,13,Hui Chen,hui-chen
he2019,14,Siyuan Yu,siyuan-yu
he2019,15,Liu Liu,0000-0002-3651-544X
he2019,16,Xinlun Cai,0000-0002-5544-7307
heidari2022,1,Elham Heidari,elham-heidari
heidari2022,2,Hamed Dalir,0000-0002-9998-3830
heidari2022,3,Farzad Mokhtari Koushyar,farzad-mokhtari-koushyar
heidari2022,4,Behrouz Movahhed Nouri,behrouz-movahhed-nouri
heidari2022,5,Chandraman Patil,chandraman-patil
heidari2022,6,Mario Miscuglio,mario-miscuglio
heidari2022,7,Deji Akinwande,deji-akinwande
heidari2022,8,Volker J. Sorger,volker-j-sorger
hess2026,1,Samuel Hess,samuel-hess
hess2026,2,Laurenz Kulmer,0000-0001-9414-6497
hess2026,3,Chenrui Xu,chenrui-xu
hess2026,4,Tobias Blatter,0000-0002-2211-5955
hess2026,5,Vladimir Shadymov,vladimir-shadymov
hess2026,6,Matthew Garrett,matthew-garrett
hess2026,7,Benedikt Baeuerle,benedikt-baeuerle
hess2026,8,Wolfgang Heni,0000-0003-0861-2530
hess2026,9,Claudia Hoessbacher,claudia-hoessbacher
hess2026,10,Oskars Ozolins,oskars-ozolins
hess2026,11,Juerg Leuthold,0000-0003-0111-8169
hillier2025,1,James Arthur Hillier,0000-0002-3784-9337
hillier2025,2,Arezou Meighan,arezou-meighan
hillier2025,3,Qian Hu,0000-0003-1933-1670
hillier2025,4,Haoshuo Chen,0000-0002-6637-9346
hillier2025,5,Weiming Yao,weiming-yao
hillier2025,6,Rainier Van Dommele,rainier-van-dommele
hillier2025,7,Luc Augustin,0000-0002-0260-9800
hillier2025,8,Michael Wale,michael-wale
hillier2025,9,Kevin Williams,kevin-williams
holzgrafe2020,1,Jeffrey Holzgrafe,0000-0001-6012-1451
holzgrafe2020,2,Neil Sinclair,neil-sinclair
holzgrafe2020,3,Di Zhu,0000-0003-0210-1860
holzgrafe2020,4,Amirhassan Shams-Ansari,0000-0002-2165-7832
holzgrafe2020,5,Marco Colangelo,marco-colangelo
holzgrafe2020,6,Yaowen Hu,yaowen-hu
holzgrafe2020,7,Mian Zhang,0000-0001-9838-3895
holzgrafe2020,8,Karl K. Berggren,karl-k-berggren
holzgrafe2020,9,Marko Lončar,0000-0002-5029-5017
horst2025,1,Yannik Horst,0000-0002-3826-3362
horst2025,2,David Moor,0000-0002-0930-4604
horst2025,3,Daniel Chelladurai,0000-0003-3877-600X
horst2025,4,Tobias Blatter,0000-0002-2211-5955
horst2025,5,Sónia Fernandes,sonia-fernandes
horst2025,6,Laurenz Kulmer,0000-0001-9414-6497
horst2025,7,Michael Baumann,0000-0001-7692-5913
horst2025,8,Hande Ibili,hande-ibili
horst2025,9,Christian Funck,christian-funck
horst2025,10,Killian Keller,0000-0003-3180-8400
horst2025,11,Marcel Destraz,0000-0002-1947-7779
horst2025,12,Wolfgang Heni,0000-0003-0861-2530
horst2025,13,Loïc Chérix,loic-cherix
horst2025,14,Yuqi Liu,0000-0002-7968-0074
horst2025,15,Hua Wang,hua-wang
horst2025,16,Stefan M. Koepfli,0000-0003-0291-2065
horst2025,17,Juerg Leuthold,0000-0003-0111-8169
hou2024,1,Songyan Hou,0000-0003-0488-8142
hou2024,2,Hao Hu,hao-hu
hou2024,3,Weichuan Xing,weichuan-xing
hou2024,4,Zhihong Liu,zhihong-liu
hou2024,5,Jincheng Zhang,jincheng-zhang
hou2024,6,Yue Hao,yue-hao
hsu2024,1,Wei-Che Hsu,weiche-hsu
hsu2024,2,Nabila Nujhat,nabila-nujhat
hsu2024,3,Benjamin Kupp,0000-0001-9210-9991
hsu2024,4,John F. Conley Jr.,0000-0001-7407-9290
hsu2024,5,Haisheng Rong,0000-0003-1064-3395
hsu2024,6,Ranjeet Kumar,0000-0002-1780-9506
hsu2024,7,Alan X. Wang,0000-0002-0553-498X
hu2023,1,Fangchen Hu,0000-0003-3859-1558
hu2023,2,Yuguang Zhang,yuguang-zhang
hu2023,3,Hongguang Zhang,hongguang-zhang
hu2023,4,Zhongya Li,zhongya-li
hu2023,5,Sizhe Xing,sizhe-xing
hu2023,6,Jianyang Shi,0000-0002-5478-3704
hu2023,7,Junwen Zhang,0000-0001-8041-1608
hu2023,8,Xi Xiao,0000-0003-3696-877X
hu2023,9,Nan Chi,0000-0003-4966-3844
hu2023,10,Zhixue He,zhixue-he
hu2023,11,Shaohua Yu,shaohua-yu
hu2026,1,Fangchen Hu,0009-0007-1328-1082
hu2026,2,Fengxin Yu,fengxin-yu
hu2026,3,Xingyu Liu,xingyu-liu
hu2026,4,Aoxue Wang,aoxue-wang
hu2026,5,Xiao Hu,xiao-hu
hu2026,6,Haiwen Cai,haiwen-cai
hu2026,7,Wei Chu,wei-chu
hu2026a,1,Qiyue Hu,qiyue-hu
hu2026a,2,Junxia Zhou,junxia-zhou
hu2026a,3,Zhe Wang,zhe-wang
hu2026a,4,Botao Fu,botao-fu
hu2026a,5,Jinming Chen,0000-0003-3425-196X
hu2026a,6,Yunpeng Song,yunpeng-song
hu2026a,7,Mengqi Li,mengqi-li
hu2026a,8,Dewei Zhang,dewei-zhang
hu2026a,9,Yuheng Chen,yuheng-chen
hu2026a,10,Jinxin Huang,jinxin-huang
hu2026a,11,Min Wang,min-wang
hu2026a,12,Jia Qi,jia-qi
hu2026a,13,Ya Cheng,0000-0001-8269-5907
huang2026,1,Yinshan Huang,yinshan-huang
huang2026,2,Long Wang,long-wang
huang2026,3,Mingxuan Li,mingxuan-li
huang2026,4,Ding Yan,ding-yan
huang2026,5,Shuai Yuan,shuai-yuan
huang2026,6,Guiling Wu,guiling-wu
huang2026,7,Liang Zhou,liang-zhou
huang2026a,1,Zhihong Huang,zhihong-huang
huang2026a,2,Yuan Yuan,yuan-yuan
huang2026a,3,Yiwei Peng,yiwei-peng
huang2026a,4,Marco Fiorentino,marco-fiorentino
huang2026a,5,Raymond G. Beausoleil,raymond-g-beausoleil
huang2026a,6,Samuel Palermo,samuel-palermo
hulyal2026,1,Shivaprasad U. Hulyal,shivaprasad-u-hulyal
hulyal2026,2,Dengyang Fang,0000-0003-4529-6098
hulyal2026,3,Jiachen Cai,0009-0006-6217-7313
hulyal2026,4,Alexander Kotz,0000-0002-0459-6759
hulyal2026,5,Xin Ou,0000-0002-0316-9958
hulyal2026,6,Christian Koos,0000-0003-2690-0691
hulyal2026,7,Tobias J. Kippenberg,0000-0002-3408-886X
johnson2025,1,Lewis E. Johnson,lewis-e-johnson
johnson2025,2,Ari Novack,ari-novack
johnson2025,3,Scott R. Hammond,scott-r-hammond
johnson2025,4,Meisam Bahadori,meisam-bahadori
johnson2025,5,Kevin M. O'Malley,kevin-m-o-malley
johnson2025,6,Delwin L. Elder,delwin-l-elder
johnson2025,7,Matthew Streshinsky,matthew-streshinsky
johnson2025,8,Brad Booth,brad-booth
karakida2026,1,Seidai Karakida,0009-0006-6509-0707
karakida2026,2,Koto Ariu,0009-0006-4141-0438
karakida2026,3,Yusuke Tsubai,0009-0002-7617-5686
karakida2026,4,Go Soma,0000-0002-9960-9937
karakida2026,5,Takuo Tanemura,0000-0002-6086-1510
kari2025,1,Sadra Rahimi Kari,sadra-rahimi-kari
kari2025,2,Paolo Pintus,paolo-pintus
kari2025,3,John E. Bowers,john-e-bowers
kari2025,4,Matt Robbins,matt-robbins
kari2025,5,Nathan Youngblood,nathan-youngblood
kawahara2025,1,Keisuke Kawahara,0000-0003-1542-057X
kawahara2025,2,Tai Tsuchizawa,tai-tsuchizawa
kawahara2025,3,Noritsugu Yamamoto,0000-0003-3701-7319
kawahara2025,4,Yuriko Maegami,0000-0003-2218-3912
kawahara2025,5,Koji Yamada,0000-0002-8355-7060
kawahara2025,6,Shinsuke Hara,0000-0002-5183-9725
kawahara2025,7,Toshihiko Baba,toshihiko-baba
kawahara2026,1,Keisuke Kawahara,0000-0003-1542-057X
kawahara2026,2,Tai Tsuchizawa,tai-tsuchizawa
kawahara2026,3,Noritsugu Yamamoto,0000-0003-3701-7319
kawahara2026,4,Yuriko Maegami,0000-0003-2218-3912
kawahara2026,5,Koji Yamada,0000-0002-8355-7060
kawahara2026,6,Nobuhiko Nishiyama,nobuhiko-nishiyama
kawahara2026,7,Toshihiko Baba,toshihiko-baba
kharel2021,1,Prashanta Kharel,0000-0002-3552-1549
kharel2021,2,Christian Reimer,0000-0002-8038-7561
kharel2021,3,Kevin Luke,kevin-luke
kharel2021,4,Lingyan He,0000-0002-3551-8083
kharel2021,5,Mian Zhang,0000-0001-9838-3895
kholeif2026,1,H. Kholeif,0009-0001-2303-1438
kholeif2026,2,A. Schwarzenberger,0000-0002-3029-6426
kholeif2026,3,A. Kotz,0000-0002-0459-6759
kholeif2026,4,S. Sarwar,0000-0002-0971-8452
kholeif2026,5,D. Fang,0000-0003-4529-6098
kholeif2026,6,P. Erk,peter-erk
kholeif2026,7,S. Bräse,0000-0003-4845-3191
kholeif2026,8,A. Kuzmin,0000-0002-0124-5347
kholeif2026,9,W. Freude,0000-0002-8797-7687
kholeif2026,10,C. Koos,0000-0003-2690-0691
kieninger2020,1,Clemens Kieninger,clemens-kieninger
kieninger2020,2,Christoph Füllner,christoph-fullner
kieninger2020,3,Heiner Zwickel,0000-0002-4712-3548
kieninger2020,4,Yasar Kutuvantavida,yasar-kutuvantavida
kieninger2020,5,Juned N. Kemal,0000-0003-4153-5880
kieninger2020,6,Carsten Eschenbaum,0000-0002-1399-6041
kieninger2020,7,Delwin L. Elder,delwin-l-elder
kieninger2020,8,Larry R. Dalton,larry-r-dalton
kieninger2020,9,Wolfgang Freude,0000-0002-8797-7687
kieninger2020,10,Sebastian Randel,sebastian-randel
kieninger2020,11,Christian Koos,0000-0003-2690-0691
kim2025,1,Gwan In Kim,gwan-in-kim
kim2025,2,Jieun Yim,jieun-yim
kim2025,3,Gaurav Bahl,0000-0001-7801-2739
kohli2023,1,M. Kohli,0000-0002-5528-5352
kohli2023,2,D. Chelladurai,0000-0003-3877-600X
kohli2023,3,A. Messner,0000-0002-7849-9644
kohli2023,4,Y. Horst,0000-0002-3826-3362
kohli2023,5,D. Moor,0000-0002-0930-4604
kohli2023,6,J. Winiger,0009-0009-6376-1660
kohli2023,7,T. Blatter,0000-0002-2211-5955
kohli2023,8,T. Buriakova,tatiana-buriakova
kohli2023,9,C. Convertino,0000-0002-7842-6066
kohli2023,10,F. Eltes,0000-0003-3882-8121
kohli2023,11,M. Zervas,0009-0008-8610-2185
kohli2023,12,Y. Fedoryshyn,0000-0002-6482-7870
kohli2023,13,U. Koch,0000-0001-8796-2146
kohli2023,14,J. Leuthold,0000-0003-0111-8169
kohli2025,1,Manuel Kohli,0000-0002-5528-5352
kohli2025,2,Daniel Chelladurai,0000-0003-3877-600X
kohli2025,3,Laurenz Kulmer,0000-0001-9414-6497
kohli2025,4,Tobias Blatter,0000-0002-2211-5955
kohli2025,5,Yannik Horst,0000-0002-3826-3362
kohli2025,6,Killian Keller,0000-0003-3180-8400
kohli2025,7,Michael Doderer,michael-doderer
kohli2025,8,Joel Winiger,0009-0009-6376-1660
kohli2025,9,David Moor,0000-0002-0930-4604
kohli2025,10,Andreas Messner,0000-0002-7849-9644
kohli2025,11,Tatiana Buriakova,tatiana-buriakova
kohli2025,12,Clarissa Convertino,0000-0002-7842-6066
kohli2025,13,Felix Eltes,0000-0003-3882-8121
kohli2025,14,Yuriy Fedoryshyn,0000-0002-6482-7870
kohli2025,15,Ueli Koch,0000-0001-8796-2146
kohli2025,16,Juerg Leuthold,0000-0003-0111-8169
kotz2026,1,A. Kotz,0000-0002-0459-6759
kotz2026,2,M. Kelany,mohamed-kelany
kotz2026,3,A. Schwarzenberger,0000-0002-3029-6426
kotz2026,4,H. Kholeif,0009-0001-2303-1438
kotz2026,5,C. Wilhelm,christoph-wilhelm
kotz2026,6,S. Singer,0009-0005-7104-3096
kotz2026,7,C. Eschenbaum,0000-0002-1399-6041
kotz2026,8,A. Mertens,adrian-mertens
kotz2026,9,M. Martens,0009-0004-3988-2757
kotz2026,10,S. Sarwar,0000-0002-0971-8452
kotz2026,11,P. Erk,peter-erk
kotz2026,12,A. Kuzmin,0000-0002-0124-5347
kotz2026,13,S. Bräse,0000-0003-4845-3191
kotz2026,14,S. Randel,sebastian-randel
kotz2026,15,W. Freude,0000-0002-8797-7687
kotz2026,16,C. Koos,0000-0003-2690-0691
larocque2024,1,Hugo Larocque,0009-0009-5849-780X
larocque2024,2,Dashiell L. P. Vitullo,dashiell-l-p-vitullo
larocque2024,3,Alexander Sludds,alexander-sludds
larocque2024,4,Hamed Sattari,hamed-sattari
larocque2024,5,Ian Christen,ian-christen
larocque2024,6,Gregory Choong,gregory-choong
larocque2024,7,Iván Prieto,ivan-prieto
larocque2024,8,Jacopo Leo,jacopo-leo
larocque2024,9,Homa Zarebidaki,homa-zarebidaki
larocque2024,10,Sanjaya Lohani,sanjaya-lohani
larocque2024,11,Brian T. Kirby,brian-t-kirby
larocque2024,12,Öney Soykal,oney-soykal
larocque2024,13,Moe Soltani,moe-soltani
larocque2024,14,Amir H. Ghadimi,amir-h-ghadimi
larocque2024,15,Dirk R. Englund,0000-0002-1043-3489
larocque2024,16,Mikkel Heuck,mikkel-heuck
lee2020,1,Brian S. Lee,0000-0002-8040-3576
lee2020,2,Bumho Kim,bumho-kim
lee2020,3,Alexandre P. Freitas,0000-0003-1474-5938
lee2020,4,Aseema Mohanty,aseema-mohanty
lee2020,5,Yibo Zhu,yibo-zhu
lee2020,6,Gaurang R. Bhatt,gaurang-r-bhatt
lee2020,7,James Hone,james-hone
lee2020,8,Michal Lipson,michal-lipson
lee2020a,1,Brian S. Lee,0000-0002-8040-3576
lee2020a,2,Alexandre P. Freitas,0000-0003-1474-5938
lee2020a,3,Andres Gil-Molina,andres-gilmolina
lee2020a,4,Euijae Shim,euijae-shim
lee2020a,5,Yibo Zhu,yibo-zhu
lee2020a,6,James Hone,james-hone
lee2020a,7,Michal Lipson,michal-lipson
lee2026,1,Chun-Ho Lee,0000-0003-1985-9109
lee2026,2,Xinyi Ren,xinyi-ren
lee2026,3,Xinzhou Su,0000-0003-2520-4475
lee2026,4,Wonho Lee,0000-0001-8159-9067
lee2026,5,Zile Jiang,zile-jiang
lee2026,6,Yue Yu,yue-yu
lee2026,7,Huibin Zhou,0000-0001-5570-0950
lee2026,8,Yue Zuo,0009-0007-2104-3711
lee2026,9,Shaoyuan Ou,shaoyuan-ou
lee2026,10,Reshma Kopparapu,reshma-kopparapu
lee2026,11,Adam T. Heiniger,0000-0003-0964-3048
lee2026,12,Moshe Tur,moshe-tur
lee2026,13,Alan E. Willner,0000-0002-7339-4376
lee2026,14,Zaijun Chen,zaijun-chen
lee2026,15,Mengjie Yu,0000-0002-7815-4195
li2020,1,Mingxiao Li,0000-0003-4951-6887
li2020,2,Jingwei Ling,0000-0002-7576-0878
li2020,3,Yang He,yang-he
li2020,4,Usman A. Javid,usman-a-javid
li2020,5,Shixin Xue,shixin-xue
li2020,6,Qiang Lin,qiang-lin
li2022b,1,Chijun Li,chijun-li
li2022b,2,Bin Chen,bin-chen
li2022b,3,Ziliang Ruan,ziliang-ruan
li2022b,4,Haoyuan Wu,haoyuan-wu
li2022b,5,Yujun Zhou,yujun-zhou
li2022b,6,Jie Liu,jie-liu
li2022b,7,Pengxin Chen,0000-0003-0589-9601
li2022b,8,Kaixuan Chen,0000-0002-2538-6793
li2022b,9,Changjian Guo,0000-0002-8079-460X
li2022b,10,Liu Liu,0000-0002-3651-544X
li2024,1,Weijia Li,0000-0002-6578-3152
li2024,2,Felix Eltes,0000-0003-3882-8121
li2024,3,Essam Berikaa,0000-0002-2782-2341
li2024,4,Md Samiul Alam,0000-0001-7712-9353
li2024,5,Santiago Bernal,santiago-bernal
li2024,6,Cyriel Minkenberg,cyriel-minkenberg
li2024,7,Stefan Abel,0000-0001-9688-7168
li2024,8,David V. Plant,david-v-plant
li2025a,1,Chenlei Li,chenlei-li
li2025a,2,Jianghao He,jianghao-he
li2025a,3,Ming Zhang,ming-zhang
li2025a,4,Yeyu Tong,yeyu-tong
li2025a,5,Weixi Liu,weixi-liu
li2025a,6,Siyuan Wang,siyuan-wang
li2025a,7,Lijia Song,lijia-song
li2025a,8,Hongxuan Liu,hongxuan-liu
li2025a,9,Hengzhen Cao,hengzhen-cao
li2025a,10,Liu Liu,0000-0002-3651-544X
li2025a,11,Yaocheng Shi,yaocheng-shi
li2025a,12,Daoxin Dai,0000-0002-2769-3009
li2025b,1,Haoyang Li,haoyang-li
li2025b,2,Robert Thomas,robert-thomas
li2025b,3,Pisu Jiang,pisu-jiang
li2025b,4,Krishna C. Balram,0000-0002-7132-733X
li2026,1,Zihan Li,zihan-li
li2026,2,Alexander Kotz,0000-0002-0459-6759
li2026,3,Adrian Schwarzenberger,0000-0002-3029-6426
li2026,4,Christian Koos,0000-0003-2690-0691
li2026,5,Tobias J. Kippenberg,0000-0002-3408-886X
li2026a,1,Zihan Li,zihan-li
li2026a,2,Alexander Kotz,0000-0002-0459-6759
li2026a,3,Adrian Schwarzenberger,0000-0002-3029-6426
li2026a,4,Christian Koos,0000-0003-2690-0691
li2026a,5,Tobias Kippenberg,0000-0002-3408-886X
li2026aa,1,Qiyuan Li,qiyuan-li
li2026aa,2,Qiyuan Yi,qiyuan-yi
li2026aa,3,Aolong Sun,aolong-sun
li2026aa,4,Chenglin Shang,chenglin-shang
li2026aa,5,Yiqi Dai,yiqi-dai
li2026aa,6,Sizhe Xing,sizhe-xing
li2026aa,7,Jinlai Cui,jinlai-cui
li2026aa,8,Yupeng Zhu,yupeng-zhu
li2026aa,9,Jiayi Li,jiayi-li
li2026aa,10,Jun Zheng,jun-zheng
li2026aa,11,Junwen Zhang,0000-0001-8041-1608
li2026aa,12,Nan Chi,0000-0003-4966-3844
li2026aa,13,An Pan,an-pan
li2026aa,14,Cheng Zeng,cheng-zeng
li2026aa,15,Jinsong Xia,0000-0002-9650-7839
li2026aa,16,Shuang Zheng,shuang-zheng
li2026aa,17,Li Shen,0000-0001-7502-3643
li2026aa,18,Minming Zhang,minming-zhang
li2026b,1,Dan Li,dan-li
li2026b,2,Yevhenii Osadchuk,yevhenii-osadchuk
li2026b,3,Armands Ostrovskis,armands-ostrovskis
li2026b,4,Tianyu Jiang,tianyu-jiang
li2026b,5,Francesco Da Ros,francesco-da-ros
li2026b,6,Richard Schatz,richard-schatz
li2026b,7,Darko Zibar,darko-zibar
li2026b,8,Minkyu Kim,minkyu-kim
li2026b,9,Peter De Heyn,peter-de-heyn
li2026b,10,Lu Zhang,lu-zhang
li2026b,11,Xianbin Yu,xianbin-yu
li2026b,12,Vjaceslavs Bobrovs,vjaceslavs-bobrovs
li2026b,13,Xiaodan Pang,xiaodan-pang
li2026b,14,Oskars Ozolins,oskars-ozolins
li2026ba,1,Zihan Li,zihan-li
li2026ba,2,Alexander Kotz,0000-0002-0459-6759
li2026ba,3,Adrian Schwarzenberger,0000-0002-3029-6426
li2026ba,4,Christian Koos,0000-0003-2690-0691
li2026ba,5,Tobias J. Kippenberg,0000-0002-3408-886X
lin2025,1,Mengxin Lin,0009-0002-4288-824X
lin2025,2,Zihan Li,zihan-li
lin2025,3,Alexander Kotz,0000-0002-0459-6759
lin2025,4,Hugo Larocque,0009-0009-5849-780X
lin2025,5,Nikolai Kuznetsov,0000-0002-5609-5331
lin2025,6,Jiale Sun,jiale-sun
lin2025,7,Yichi Zhang,yichi-zhang
lin2025,8,Shuhang Zheng,shuhang-zheng
lin2025,9,Johann Riemensberger,0000-0002-3468-6501
lin2025,10,Christian Koos,0000-0003-2690-0691
lin2025,11,Tobias J. Kippenberg,0000-0002-3408-886X
lin2025a,1,Hong-Lin Lin,honglin-lin
lin2025a,2,Pragati Aashna,pragati-aashna
lin2025a,3,Yu Cao,yu-cao
lin2025a,4,Aaron Danner,aaron-danner
lin2026,1,Ming-Wei Lin,mingwei-lin
lin2026,2,Ching-Wei Peng,chingwei-peng
lin2026,3,Hsiang-Chih Kao,hsiangchih-kao
lin2026,4,Pei-En Huang,peien-huang
lin2026,5,Hann-Huei Tsai,hannhuei-tsai
lin2026,6,Ying-Zong Juang,yingzong-juang
lin2026,7,Ming-Chang Lee,mingchang-lee
lin2026a,1,Chupao Lin,chupao-lin
lin2026a,2,Patrick Nenezic,0009-0004-4823-5500
lin2026a,3,Arno Moerman,0000-0003-0945-2786
lin2026a,4,Konstantinos Akritidis,konstantinos-akritidis
lin2026a,5,Tom Vanackere,0000-0003-4692-9467
lin2026a,6,Simone Atzeni,simone-atzeni
lin2026a,7,Margot Niels,0009-0003-9297-2156
lin2026a,8,He Li,he-li
lin2026a,9,Valeria Bonito Oliva,valeria-bonito-oliva
lin2026a,10,Maximilien Billet,0000-0002-5784-5050
lin2026a,11,Bart Kuyken,0000-0002-8745-7833
liu2021,1,Xuecheng Liu,xuecheng-liu
liu2021,2,Bing Xiong,0000-0002-1015-4578
liu2021,3,Changzheng Sun,changzheng-sun
liu2021,4,Jian Wang,jian-wang
liu2021,5,Zhibiao Hao,zhibiao-hao
liu2021,6,Lai Wang,lai-wang
liu2021,7,Yanjun Han,yanjun-han
liu2021,8,Hongtao Li,hongtao-li
liu2021,9,Jiadong Yu,jiadong-yu
liu2021,10,Yi Luo,yi-luo
liu2023,1,Hongxuan Liu,hongxuan-liu
liu2023,2,Bingcheng Pan,bingcheng-pan
liu2023,3,Yishu Huang,yishu-huang
liu2023,4,Jianghao He,jianghao-he
liu2023,5,Ming Zhang,ming-zhang
liu2023,6,Zejie Yu,0000-0002-3067-3965
liu2023,7,Liu Liu,0000-0002-3651-544X
liu2023,8,Yaocheng Shi,yaocheng-shi
liu2023,9,Daoxin Dai,0000-0002-2769-3009
liu2025,1,Hao Liu,hao-liu
liu2025,2,Yutong He,yutong-he
liu2025,3,Bing Xiong,0000-0002-1015-4578
liu2025,4,Changzheng Sun,changzheng-sun
liu2025,5,Zhibiao Hao,zhibiao-hao
liu2025,6,Lai Wang,lai-wang
liu2025,7,Jian Wang,jian-wang
liu2025,8,Yanjun Han,yanjun-han
liu2025,9,Hongtao Li,hongtao-li
liu2025,10,Lin Gan,lin-gan
liu2025,11,Yi Luo,yi-luo
liu2025b,1,Yang Liu,yang-liu
liu2025b,2,Zihan Zhou,zihan-zhou
liu2025b,3,Peiqi Zhou,peiqi-zhou
liu2025b,4,Changqing Wang,changqing-wang
liu2025b,5,Qiansheng Wang,qiansheng-wang
liu2025b,6,Ye Liu,ye-liu
liu2025b,7,Dong Wang,dong-wang
liu2025b,8,Daigao Chen,daigao-chen
liu2025b,9,Lei Wang,lei-wang
liu2025b,10,Xi Xiao,0000-0003-3696-877X
liu2025c,1,Jikun Liu,jikun-liu
liu2025c,2,Weiye Liu,weiye-liu
liu2025c,3,Wei Wu,wei-wu
liu2025c,4,Ziang Guo,ziang-guo
liu2025c,5,Changrui Zhu,changrui-zhu
liu2025c,6,Lun Qu,lun-qu
liu2025c,7,Pengfei Zhu,pengfei-zhu
liu2025c,8,Yiting Zhang,yiting-zhang
liu2025c,9,Zhihao Chen,zhihao-chen
liu2025c,10,Qinglian Li,qinglian-li
liu2025c,11,Dahuai Zheng,dahuai-zheng
liu2025c,12,Hongde Liu,hongde-liu
liu2025c,13,Shaowei Wang,shaowei-wang
liu2025c,14,Wei Cai,wei-cai
liu2025c,15,Mengxin Ren,mengxin-ren
liu2025c,16,Jingjun Xu,jingjun-xu
liu2026a,1,Xingyu Liu,xingyu-liu
liu2026a,2,Xu Wang,xu-wang
liu2026a,3,Fangchen Hu,0000-0003-3859-1558
liu2026a,4,Zixuan Cai,zixuan-cai
liu2026a,5,Wei Chu,wei-chu
liu2026a,6,Haibin Zhao,haibin-zhao
liu2026a,7,Haiwen Cai,haiwen-cai
liu2026a,8,Fengxin Yu,fengxin-yu
liu2026a,9,Xiao Hu,xiao-hu
liu2026b,1,Qian Liu,qian-liu
liu2026b,2,Chao Cheng,chao-cheng
liu2026b,3,Yangming Ren,yangming-ren
liu2026b,4,Xinyu Li,xinyu-li
liu2026b,5,Wenfu Zhang,wenfu-zhang
liu2026b,6,Binhao Wang,binhao-wang
liu2026c,1,Qian Liu,qian-liu
liu2026c,2,Jintao Xue,jintao-xue
liu2026c,3,Chao Cheng,chao-cheng
liu2026c,4,Yangming Ren,yangming-ren
liu2026c,5,Xinyu Li,xinyu-li
liu2026c,6,Wenfu Zhang,wenfu-zhang
liu2026c,7,Binhao Wang,binhao-wang
liu2026d,1,Tianyi Liu,0000-0002-3062-3634
liu2026d,2,Engjell Bebeti,engjell-bebeti
liu2026d,3,John N. Straguzzi,john-n-straguzzi
liu2026d,4,Joyce K. S. Poon,joyce-k-s-poon
liu2026d,5,Wesley D. Sacher,wesley-d-sacher
lotkov2024,1,Evgeniy S. Lotkov,evgeniy-s-lotkov
lotkov2024,2,Alexander S. Baburin,alexander-s-baburin
lotkov2024,3,Ali S. Amiraslanov,ali-s-amiraslanov
lotkov2024,4,Evgeniy Chubchev,evgeniy-chubchev
lotkov2024,5,Alexander Dorofeenko,alexander-dorofeenko
lotkov2024,6,Evgeniy Andrianov,evgeniy-andrianov
lotkov2024,7,Ilya A. Ryzhikov,ilya-a-ryzhikov
lotkov2024,8,Evgeny S. Sergeev,evgeny-s-sergeev
lotkov2024,9,Kirill Buzaverov,kirill-buzaverov
lotkov2024,10,Sergei S. Avdeev,sergei-s-avdeev
lotkov2024,11,Alex Kramarenko,alex-kramarenko
lotkov2024,12,Sergei Bukatin,sergei-bukatin
lotkov2024,13,Victor I. Polozov,victor-i-polozov
lotkov2024,14,Olga S. Sorokina,olga-s-sorokina
lotkov2024,15,Yuri V. Panfilov,yuri-v-panfilov
lotkov2024,16,Daria P. Kulikova,daria-p-kulikova
lotkov2024,17,Alexander V. Baryshev,alexander-v-baryshev
lotkov2024,18,Ilya A. Rodionov,ilya-a-rodionov
lu2020,1,Guo-Wei Lu,0000-0002-0739-1556
lu2020,2,Jianxun Hong,0000-0003-4707-9679
lu2020,3,Feng Qiu,feng-qiu
lu2020,4,Andrew M. Spring,andrew-m-spring
lu2020,5,Tsubasa Kashino,tsubasa-kashino
lu2020,6,Juro Oshima,juro-oshima
lu2020,7,Masa-aki Ozawa,masaaki-ozawa
lu2020,8,Hideyuki Nawata,hideyuki-nawata
lu2020,9,Shiyoshi Yokoyama,0000-0002-0434-9950
luan2026,1,Chao Luan,0009-0004-0177-8452
luan2026,2,Deming Kong,deming-kong
luan2026,3,Yong Liu,yong-liu
luan2026,4,Yunhong Ding,yunhong-ding
luan2026,5,Hao Hu,hao-hu-2
luan2026a,1,Chao Luan,0009-0004-0177-8452
luan2026a,2,Deming Kong,deming-kong
luan2026a,3,Yunhong Ding,yunhong-ding
luan2026a,4,Hao Hu,hao-hu-2
mao2022,1,Jiawei Mao,0000-0003-0320-2268
mao2022,2,Hiromu Sato,0000-0002-0443-9497
mao2022,3,Guo-Wei Lu,0000-0002-0739-1556
mao2022,4,Shiyoshi Yokoyama,0000-0002-0434-9950
mao2024,1,Jiawei Mao,0000-0003-0320-2268
mao2024,2,Futa Uemura,futa-uemura
mao2024,3,Sahar Alasvand Yazdani,sahar-alasvand-yazdani
mao2024,4,Yuexin Yin,yuexin-yin
mao2024,5,Hiromu Sato,0000-0002-0443-9497
mao2024,6,Guo-Wei Lu,0000-0002-0739-1556
mao2024,7,Shiyoshi Yokoyama,0000-0002-0434-9950
meng2023,1,Xiangyu Meng,xiangyu-meng
meng2023,2,Can Yuan,can-yuan
meng2023,3,Xingran Cheng,xingran-cheng
meng2023,4,Shuai Yuan,shuai-yuan-2
meng2023,5,Chenglin Shang,chenglin-shang
meng2023,6,An Pan,an-pan
meng2023,7,Zhicheng Qu,zhicheng-qu
meng2023,8,Xuanhao Wang,xuanhao-wang
meng2023,9,Peijie Zhang,peijie-zhang
meng2023,10,Chengcheng Gui,chengcheng-gui
meng2023,11,Chao Chen,chao-chen
meng2023,12,Cheng Zeng,cheng-zeng
meng2023,13,Jinsong Xia,0000-0002-9650-7839
montifiore2026,1,Nick Montifiore,0009-0001-4067-286X
montifiore2026,2,Andrei Isichenko,0000-0002-5373-4396
montifiore2026,3,Nitesh Chauhan,0000-0002-7375-3690
montifiore2026,4,Jiawei Wang,0000-0002-5796-5220
montifiore2026,5,Andrew S. Hunter,0009-0006-5366-1541
montifiore2026,6,Mark W. Harrington,mark-w-harrington
montifiore2026,7,Rahul Chawlani,0009-0007-0513-7216
montifiore2026,8,Ryan Q. Rudy,ryan-q-rudy
montifiore2026,9,Iain Kierzewski,iain-kierzewski
montifiore2026,10,Michael Pushkarsky,michael-pushkarsky
montifiore2026,11,Daniel J. Blumenthal,0000-0002-1735-7220
multani2025,1,Kevin K. S. Multani,kevin-k-s-multani
multani2025,2,Jason F. Herrmann,jason-f-herrmann
multani2025,3,Emilio A. Nanni,emilio-a-nanni
multani2025,4,Amir H. Safavi-Naeini,0000-0001-6176-1274
murai2025,1,Toshiya Murai,0000-0002-0990-7384
murai2025,2,Rai Kou,0000-0002-1418-9137
murai2025,3,Guangwei Cong,0000-0003-3519-635X
murai2025,4,Masahiko Imai,masahiko-imai
murai2025,5,Kazumasa Takabayashi,kazumasa-takabayashi
murai2025,6,Koji Yamada,0000-0002-8355-7060
navarro2026,1,Leonard Barboza Navarro,leonard-barboza-navarro
navarro2026,2,Maria Carolina Volpato,maria-carolina-volpato
navarro2026,3,Alisson Ronieri Cadore,alisson-ronieri-cadore
navarro2026,4,Pierre-Louis de Assis,pierrelouis-de-assis
nelan2022,1,Sean P. Nelan,0000-0003-4303-3294
nelan2022,2,Andrew Mercante,andrew-mercante
nelan2022,3,Shouyuan Shi,shouyuan-shi
nelan2022,4,Peng Yao,peng-yao
nelan2022,5,Eliezer Shahid,0000-0002-9641-2493
nelan2022,6,Benjamin A. Shopp,benjamin-a-shopp
nelan2022,7,Cooper D. Hurley,cooper-d-hurley
nelan2022,8,Mathew Zablocki,mathew-zablocki
nelan2022,9,Dennis W. Prather,dennis-w-prather
nelan2022a,1,Sean P. Nelan,0000-0003-4303-3294
nelan2022a,2,Andrew Mercante,andrew-mercante
nelan2022a,3,Shouyuan Shi,shouyuan-shi
nelan2022a,4,Peng Yao,peng-yao
nelan2022a,5,Eliezer Shahid,0000-0002-9641-2493
nelan2022a,6,Benjamin Shopp,benjamin-a-shopp
nelan2022a,7,Dennis W. Prather,dennis-w-prather
nenezic2026,1,Patrick Nenezic,0009-0004-4823-5500
nenezic2026,2,Ewoud Vissers,0000-0002-5765-0552
nenezic2026,3,Arno Moerman,0000-0003-0945-2786
nenezic2026,4,Laurens Bogaert,0000-0003-3971-5938
nenezic2026,5,Simone Atzeni,simone-atzeni
nenezic2026,6,Xiujun Zheng,xiujun-zheng
nenezic2026,7,Tom Vanackere,0000-0003-4692-9467
nenezic2026,8,Margot Niels,0009-0003-9297-2156
nenezic2026,9,Athina Papadopoulou,athina-papadopoulou
nenezic2026,10,Sarah Uvin,sarah-uvin
nenezic2026,11,Peter De Heyn,peter-de-heyn
nenezic2026,12,Sandeep Saseendran,sandeep-seema-saseendran
nenezic2026,13,Maximilien Billet,0000-0002-5784-5050
nenezic2026,14,Bart Kuyken,0000-0002-8745-7833
niels2025a,1,Margot Niels,0009-0003-9297-2156
niels2025a,2,Tom Vanackere,0000-0003-4692-9467
niels2025a,3,Tom Vandekerckhove,0000-0002-5639-9300
niels2025a,4,Stijn Poelman,0000-0002-8374-1466
niels2025a,5,Tom Reep,0000-0002-5223-5480
niels2025a,6,Günther Roelkens,0000-0002-4667-5092
niels2025a,7,Maximilien Billet,0000-0002-5784-5050
niels2025a,8,Bart Kuyken,0000-0002-8745-7833
niels2026,1,Margot Niels,0009-0003-9297-2156
niels2026,2,Tom Vanackere,0000-0003-4692-9467
niels2026,3,Ewoud Vissers,0000-0002-5765-0552
niels2026,4,Tingting Zhai,0009-0005-8862-7434
niels2026,5,Patrick Nenezic,0009-0004-4823-5500
niels2026,6,Jakob Declercq,0000-0003-1972-6218
niels2026,7,Cédric Bruynsteen,cedric-bruynsteen
niels2026,8,Shengpu Niu,shengpu-niu
niels2026,9,Arno Moerman,0000-0003-0945-2786
niels2026,10,Olivier Caytan,0000-0002-1524-971X
niels2026,11,Nishant Singh,0000-0003-0609-1145
niels2026,12,Sam Lemey,0000-0003-1366-2604
niels2026,13,Xin Yin,0000-0002-9672-6652
niels2026,14,Sofie Janssen,sofie-janssen
niels2026,15,Peter Verheyen,peter-verheyen
niels2026,16,Neha Singh,neha-singh
niels2026,17,Dieter Bode,dieter-bode
niels2026,18,Martin Davi,martin-davi
niels2026,19,Filippo Ferraro,filippo-ferraro
niels2026,20,Philippe Absil,philippe-absil
niels2026,21,Sadhishkumar Balakrishnan,sadhishkumar-balakrishnan
niels2026,22,Joris Van Campenhout,0000-0003-0778-2669
niels2026,23,Günther Roelkens,0000-0002-4667-5092
niels2026,24,Bart Kuyken,0000-0002-8745-7833
niels2026,25,Maximilien Billet,0000-0002-5784-5050
oe2026,1,Hideki Oe,hideki-oe
oe2026,2,Kyohei Maekawa,kyohei-maekawa
oe2026,3,Kenta Sugawara,kenta-sugawara
oe2026,4,Masahiro Honda,masahiro-honda
oe2026,5,Kosuke Saito,kosuke-saito
oe2026,6,Fumihiro Nakajima,fumihiro-nakajima
oe2026,7,Takamitsu Kitamura,takamitsu-kitamura
oe2026,8,Tohma Watanabe,tohma-watanabe
oe2026,9,Kazuki Torii,kazuki-torii
oe2026,10,Hirohiko Kobayashi,hirohiko-kobayashi
oe2026,11,Kan Takada,kan-takada
oe2026,12,Daisei Shoji,daisei-shoji
ogiso2016,1,Y. Ogiso,0000-0002-5466-6989
ogiso2016,2,J. Ozaki,josuke-ozaki
ogiso2016,3,N. Kashio,n-kashio
ogiso2016,4,N. Kikuchi,n-kikuchi
ogiso2016,5,H. Tanobe,hiromasa-tanobe
ogiso2016,6,Y. Ohiso,y-ohiso
ogiso2016,7,M. Kohtoku,m-kohtoku
ogiso2020,1,Yoshihiro Ogiso,0000-0002-5466-6989
ogiso2020,2,Yasuaki Hashizume,yasuaki-hashizume
ogiso2020,3,Hiromasa Tanobe,hiromasa-tanobe
ogiso2020,4,Nobuhiro Nunoya,nobuhiro-nunoya
ogiso2020,5,Minoru Ida,0000-0003-1475-6047
ogiso2020,6,Yutaka Miyamoto,yutaka-miyamoto
ogiso2020,7,Mitsuteru Ishikawa,mitsuteru-ishikawa
ogiso2020,8,Josuke Ozaki,josuke-ozaki
ogiso2020,9,Yuta Ueda,0000-0003-0978-5126
ogiso2020,10,Hitoshi Wakita,hitoshi-wakita
ogiso2020,11,Munehiko Nagatani,munehiko-nagatani
ogiso2020,12,Hiroshi Yamazaki,0000-0001-9434-2957
ogiso2020,13,Masanori Nakamura,0000-0003-1145-8036
ogiso2020,14,Takayuki Kobayashi,takayuki-kobayashi
ogiso2020,15,Shigeru Kanazawa,0000-0001-7606-6215
ogiso2024,1,Yoshihiro Ogiso,0000-0002-5466-6989
ogiso2024,2,Josuke Ozaki,josuke-ozaki
ogiso2024,3,Kenta Sugiura,kenta-sugiura
ogiso2024,4,Yusuke Saito,yusuke-saito
ogiso2024,5,Mitsuteru Ishikawa,mitsuteru-ishikawa
ohata2026,1,Nobuo Ohata,nobuo-ohata
ohata2026,2,Mizuki Shirao,mizuki-shirao
ohata2026,3,Shinya Okuda,shinya-okuda
ohata2026,4,Kei Masuyama,kei-masuyama
ohata2026,5,Asami Uchiyama,asami-uchiyama
ohata2026,6,Kenichi Abe,kenichi-abe
ohata2026,7,Kiyotomo Hasegawa,kiyotomo-hasegawa
okuda2026,1,Shinya Okuda,shinya-okuda
okuda2026,2,Yohei Hokama,yohei-hokama
okuda2026,3,Kenichi Terao,kenichi-terao
okuda2026,4,Shunto Katsumi,shunto-katsumi
okuda2026,5,Takaya Morikawa,takaya-morikawa
okuda2026,6,Toshiya Tsuji,toshiya-tsuji
okuda2026,7,Chikara Watatani,chikara-watatani
okuda2026,8,Yoshimichi Morita,yoshimichi-morita
okuda2026,9,Masaaki Shimada,masaaki-shimada
okuda2026,10,Takuma Fujita,takuma-fujita
okuda2026,11,Asami Uchiyama,asami-uchiyama
okuda2026,12,Mizuki Shirao,mizuki-shirao
okuda2026,13,Kyosuke Kuramoto,kyosuke-kuramoto
okuda2026,14,Eitaro Ishimura,eitaro-ishimura
okuda2026,15,Akihito Ono,akihito-ono
pan2021,1,Bingcheng Pan,bingcheng-pan
pan2021,2,Jinyao Hu,jinyao-hu
pan2021,3,Yishu Huang,yishu-huang
pan2021,4,Lijia Song,lijia-song
pan2021,5,Jingyi Wang,jingyi-wang
pan2021,6,Pengxin Chen,0000-0003-0589-9601
pan2021,7,Zejie Yu,0000-0002-3067-3965
pan2021,8,Liu Liu,0000-0002-3651-544X
pan2021,9,Daoxin Dai,0000-0002-2769-3009
patel2026,1,David Patel,david-patel
porto2026,1,S. Porto,s-porto
porto2026,2,F. Sang,f-sang
porto2026,3,J. Lavrencik,j-lavrencik
porto2026,4,P. Abolghasem,p-abolghasem
porto2026,5,A. Rundquist,a-rundquist
porto2026,6,J. Macario,j-macario
porto2026,7,A. Meighan,a-meighan
porto2026,8,C. Ozdemir,c-ozdemir
porto2026,9,Y.-P. Wang,y-p-wang
porto2026,10,W. Fu,w-fu
porto2026,11,S. Sakpal,s-sakpal
porto2026,12,P. Gavrilovic,p-gavrilovic
porto2026,13,T. Frost,t-frost
porto2026,14,J. Zhang,j-zhang
porto2026,15,P. Turla,p-turla
porto2026,16,J. Anthony,j-anthony
porto2026,17,K. Hoshino,k-hoshino
porto2026,18,C. DiGiovanni,c-digiovanni
porto2026,19,A. Diba,a-diba
porto2026,20,S. Barik,s-barik
porto2026,21,M. Kuntz,m-kuntz
porto2026,22,V. Lal,v-lal
porto2026,23,P. Evans,p-evans
porto2026,24,M. Ziari,m-ziari
powell2024,1,Keith Powell,keith-powell
powell2024,2,Dylan Renaud,0000-0002-7709-9606
powell2024,3,Xudong Li,xudong-li
powell2024,4,Daniel Assumpcao,0000-0002-0374-9901
powell2024,5,C. J. Xin,c-j-xin
powell2024,6,Neil Sinclair,neil-sinclair
powell2024,7,Marko Lončar,0000-0002-5029-5017
powell2024a,1,Keith Powell,keith-powell
powell2024a,2,Xudong Li,xudong-li
powell2024a,3,Daniel Assumpcao,0000-0002-0374-9901
powell2024a,4,Letícia Magalhães,leticia-magalhaes
powell2024a,5,Neil Sinclair,neil-sinclair
powell2024a,6,Marko Lončar,0000-0002-5029-5017
prountzou2026,1,Eleni Prountzou,0009-0008-6204-2042
prountzou2026,2,Helena C. Weigand,0000-0003-0558-5899
prountzou2026,3,Virginia Falcone,virginia-falcone
prountzou2026,4,Ülle-Linda Talts,ullelinda-talts
prountzou2026,5,Morgan Trassin,0000-0002-0240-0257
prountzou2026,6,Rachel Grange,0000-0001-7469-9756
qi2024,1,Yifan Qi,yifan-qi
qi2024,2,Gongcheng Yue,gongcheng-yue
qi2024,3,Ting Hao,ting-hao
qi2024,4,Yang Li,yang-li
qiu2026,1,Benton Qiu,benton-qiu
qiu2026,2,Charles St-Arnault,charles-starnault
qiu2026,3,Jonathan Cauchon,jonathan-cauchon
qiu2026,4,Cyriel Minkenberg,cyriel-minkenberg
qiu2026,5,Thomas Kornher,thomas-kornher
qiu2026,6,Charles Laperle,charles-laperle
qiu2026,7,Wouter Diels,0000-0002-9587-7627
qiu2026,8,Stefan Abel,0000-0001-9688-7168
qiu2026,9,Naim Ben-Hamida,naim-benhamida
qiu2026,10,Bruce Beggs,bruce-beggs
qiu2026,11,François Pelletier,francois-pelletier
qiu2026,12,Lukas Czornomaz,lukas-czornomaz
qiu2026,13,Xiangfeng Chen,xiangfeng-chen
qiu2026,14,Felix Eltes,0000-0003-3882-8121
qiu2026,15,David V. Plant,david-v-plant
qiu2026a,1,Benton Qiu,benton-qiu
qiu2026a,2,Charles St-Arnault,charles-starnault
qiu2026a,3,Santiago Bernal,santiago-bernal
qiu2026a,4,Aleksandar Nikic,aleksandar-nikic
qiu2026a,5,Kaibo Zhang,kaibo-zhang
qiu2026a,6,Yixiang Hu,yixiang-hu
qiu2026a,7,Pascal Stark,0000-0002-7389-5592
qiu2026a,8,Wouter Diels,0000-0002-9587-7627
qiu2026a,9,Felix Eltes,0000-0003-3882-8121
qiu2026a,10,David V. Plant,david-v-plant
rahman2025,1,Arif Rahman,arif-rahman
rahman2025,2,Forrest Valdez,0000-0001-8224-4380
rahman2025,3,Viphretuo Mere,viphretuo-mere
rahman2025,4,Camiel Op de Beeck,camiel-op-de-beeck
rahman2025,5,Pieter Wuytens,pieter-wuytens
rahman2025,6,Shayan Mookherjea,0000-0001-9864-2367
rakowski2026,1,Michal Rakowski,michal-rakowski
rakowski2026,2,Teodor Stanev,teodor-stanev
rakowski2026,3,Hanyi Ding,hanyi-ding
rakowski2026,4,James Garofolo,james-garofolo
rakowski2026,5,Andy Stricker,andy-stricker
rakowski2026,6,Qidi Liu,qidi-liu
rakowski2026,7,Abdelsalam Aboketaf,abdelsalam-aboketaf
rakowski2026,8,Michelle Zhang,michelle-zhang
rakowski2026,9,Ryan Sporer,ryan-sporer
rakowski2026,10,Helen Wong,helen-wong
rakowski2026,11,Siwei Zeng,siwei-zeng
rakowski2026,12,Bradley Orner,bradley-orner
rakowski2026,13,Yusheng Bian,yusheng-bian
rakowski2026,14,Bob Mulfinger,bob-mulfinger
rakowski2026,15,Rick Carter,rick-carter
renaud2023,1,Dylan Renaud,0000-0002-7709-9606
renaud2023,2,Daniel Rimoli Assumpcao,0000-0002-0374-9901
renaud2023,3,Graham Joe,graham-joe
renaud2023,4,Amirhassan Shams-Ansari,0000-0002-2165-7832
renaud2023,5,Di Zhu,0000-0003-0210-1860
renaud2023,6,Yaowen Hu,yaowen-hu
renaud2023,7,Neil Sinclair,neil-sinclair
renaud2023,8,Marko Loncar,0000-0002-5029-5017
sabatti2024,1,Alessandra Sabatti,0009-0003-3233-5147
sabatti2024,2,Jost Kellner,0000-0003-4037-7489
sabatti2024,3,Fabian Kaufmann,0000-0002-3164-8833
sabatti2024,4,Robert J. Chapman,0000-0002-0368-8483
sabatti2024,5,Giovanni Finco,0000-0002-1218-1924
sabatti2024,6,Tristan Kuttner,0009-0002-2609-4271
sabatti2024,7,Andreas Maeder,0000-0002-1915-4718
sabatti2024,8,Rachel Grange,0000-0001-7469-9756
sayem2026,1,Ayed Al Sayem,ayed-al-sayem
sayem2026,2,Ting-Chen Hu,tingchen-hu
sayem2026,3,Mark Cappuzzo,mark-cappuzzo
sayem2026,4,Alaric Tate,alaric-tate
sayem2026,5,Rose Kopf,rose-kopf
sayem2026,6,Mark Earnshaw,mark-earnshaw
sayem2026a,1,Ayed Al Sayem,ayed-al-sayem
sayem2026a,2,Shiekh Zia Uddin,shiekh-zia-uddin
sayem2026a,3,Ting-Chen Hu,tingchen-hu
sayem2026a,4,Alaric Tate,alaric-tate
sayem2026a,5,Mark Cappuzzo,mark-cappuzzo
sayem2026a,6,Rose Kopf,rose-kopf
sayem2026a,7,Mark Earnshaw,mark-earnshaw
sayem2026b,1,Ayed Al Sayem,ayed-al-sayem
sayem2026b,2,Shiekh Zia Uddin,shiekh-zia-uddin
sayem2026b,3,Ting-Chen Hu,tingchen-hu
sayem2026b,4,Alaric Tate,alaric-tate
sayem2026b,5,Mark Cappuzzo,mark-cappuzzo
sayem2026b,6,Rose Kopf,rose-kopf
sayem2026b,7,Mark Earnshaw,mark-earnshaw
sayem2026c,1,Ayed Al Sayem,ayed-al-sayem
sayem2026c,2,Shiekh Zia Uddin,shiekh-zia-uddin
sayem2026c,3,Ting-Chen Hu,tingchen-hu
sayem2026c,4,Alaric Tate,alaric-tate
sayem2026c,5,Mark Cappuzzo,mark-cappuzzo
sayem2026c,6,Rose Kopf,rose-kopf
sayem2026c,7,Mark Earnshaw,mark-earnshaw
schwarzenberger2023,1,A. Schwarzenberger,0000-0002-3029-6426
schwarzenberger2023,2,A. Mertens,adrian-mertens
schwarzenberger2023,3,H. Kholeif,0009-0001-2303-1438
schwarzenberger2023,4,A. Kotz,0000-0002-0459-6759
schwarzenberger2023,5,C. Eschenbaum,0000-0002-1399-6041
schwarzenberger2023,6,L. E. Johnson,lewis-e-johnson
schwarzenberger2023,7,D. L. Elder,delwin-l-elder
schwarzenberger2023,8,S. R. Hammond,scott-r-hammond
schwarzenberger2023,9,K. O'Malley,k-o-malley
schwarzenberger2023,10,L. Dalton,larry-r-dalton
schwarzenberger2023,11,S. Randel,sebastian-randel
schwarzenberger2023,12,W. Freude,0000-0002-8797-7687
schwarzenberger2023,13,C. Koos,0000-0003-2690-0691
schwarzenberger2023a,1,A. Schwarzenberger,0000-0002-3029-6426
schwarzenberger2023a,2,H. Kholeif,0009-0001-2303-1438
schwarzenberger2023a,3,A. Kotz,0000-0002-0459-6759
schwarzenberger2023a,4,A. Kuzmin,0000-0002-0124-5347
schwarzenberger2023a,5,A. Mertens,adrian-mertens
schwarzenberger2023a,6,C. Eschenbaum,0000-0002-1399-6041
schwarzenberger2023a,7,G. Ramann,g-ramann
schwarzenberger2023a,8,J. Zyskind,j-zyskind
schwarzenberger2023a,9,M. Lebby,m-lebby
schwarzenberger2023a,10,S. Randel,sebastian-randel
schwarzenberger2023a,11,W. Freude,0000-0002-8797-7687
schwarzenberger2023a,12,C. Koos,0000-0003-2690-0691
schwarzenberger2026,1,Adrian Schwarzenberger,0000-0002-3029-6426
schwarzenberger2026,2,Alexander Kotz,0000-0002-0459-6759
schwarzenberger2026,3,Dengyang Fang,0000-0003-4529-6098
schwarzenberger2026,4,Hend Kholeif,0009-0001-2303-1438
schwarzenberger2026,5,Carsten Eschenbaum,0000-0002-1399-6041
schwarzenberger2026,6,Lukas Grünewald,0000-0002-5898-0713
schwarzenberger2026,7,Christoph Wilhelm,christoph-wilhelm
schwarzenberger2026,8,Stefan Singer,0009-0005-7104-3096
schwarzenberger2026,9,Mohamed Kelany,mohamed-kelany
schwarzenberger2026,10,Cheng Feng,0000-0002-2562-7112
schwarzenberger2026,11,Malte Martens,0009-0004-3988-2757
schwarzenberger2026,12,Adrian Mertens,adrian-mertens
schwarzenberger2026,13,Sidra Sarwar,0000-0002-0971-8452
schwarzenberger2026,14,Patrick Kern,patrick-kern
schwarzenberger2026,15,Masis Sirim,0009-0002-5751-9906
schwarzenberger2026,16,Peter Erk,peter-erk
schwarzenberger2026,17,Artem Kuzmin,0000-0002-0124-5347
schwarzenberger2026,18,Yolita M. Eggeler,yolita-m-eggeler
schwarzenberger2026,19,Stefan Bräse,0000-0003-4845-3191
schwarzenberger2026,20,Sebastian Randel,sebastian-randel
schwarzenberger2026,21,Wolfgang Freude,0000-0002-8797-7687
schwarzenberger2026,22,Christian Koos,0000-0003-2690-0691
schwarzenberger2026a,1,A. Schwarzenberger,0000-0002-3029-6426
schwarzenberger2026a,2,S. Sarwar,0000-0002-0971-8452
schwarzenberger2026a,3,C. Eschenbaum,0000-0002-1399-6041
schwarzenberger2026a,4,A. Mertens,adrian-mertens
schwarzenberger2026a,5,M. Martens,0009-0004-3988-2757
schwarzenberger2026a,6,L. Grünewald,0000-0002-5898-0713
schwarzenberger2026a,7,A. Kotz,0000-0002-0459-6759
schwarzenberger2026a,8,D. Fang,0000-0003-4529-6098
schwarzenberger2026a,9,A. Sherifaj,a-sherifaj
schwarzenberger2026a,10,S. Singer,0009-0005-7104-3096
schwarzenberger2026a,11,H. Kholeif,0009-0001-2303-1438
schwarzenberger2026a,12,P. Kern,patrick-kern
schwarzenberger2026a,13,P. Erk,peter-erk
schwarzenberger2026a,14,A. Kuzmin,0000-0002-0124-5347
schwarzenberger2026a,15,Y. M. Eggeler,yolita-m-eggeler
schwarzenberger2026a,16,S. Bräse,0000-0003-4845-3191
schwarzenberger2026a,17,S. Randel,sebastian-randel
schwarzenberger2026a,18,W. Freude,0000-0002-8797-7687
schwarzenberger2026a,19,C. Koos,0000-0003-2690-0691
shamsansari2021,1,Amirhassan Shams-Ansari,0000-0002-2165-7832
shamsansari2021,2,Dylan Renaud,0000-0002-7709-9606
shamsansari2021,3,Rebecca Cheng,rebecca-cheng
shamsansari2021,4,Linbo Shao,0000-0002-0615-7848
shamsansari2021,5,Lingyan He,0000-0002-3551-8083
shamsansari2021,6,Di Zhu,0000-0003-0210-1860
shamsansari2021,7,Mengjie Yu,0000-0002-7815-4195
shamsansari2021,8,Hannah R. Grant,hannah-r-grant
shamsansari2021,9,Leif Johansson,leif-johansson
shamsansari2021,10,Mian Zhang,0000-0001-9838-3895
shamsansari2021,11,Marko Lončar,0000-0002-5029-5017
shen2021,1,Weihong Shen,0000-0001-9949-7843
shen2021,2,Gangqiang Zhou,0000-0003-2791-0453
shen2021,3,Jiangbing Du,0000-0002-6333-824X
shen2021,4,Linjie Zhou,linjie-zhou
shen2021,5,Ke Xu,0000-0003-1935-8910
shen2021,6,Zuyuan He,zuyuan-he
shen2024,1,Mohan Shen,mohan-shen
shen2024,2,Jiacheng Xie,0000-0002-8797-7871
shen2024,3,Yuntao Xu,yuntao-xu
shen2024,4,Sihao Wang,sihao-wang
shen2024,5,Risheng Cheng,0000-0003-2095-463X
shen2024,6,Wei Fu,wei-fu
shen2024,7,Yiyu Zhou,0000-0001-5543-9211
shen2024,8,Hong X. Tang,0000-0001-5374-2137
shen2025,1,Jian Shen,0000-0001-7590-8839
shen2025,2,Yong Zhang,0000-0003-4857-8031
shen2025,3,Lei Zhang,lei-zhang
shen2025,4,Jingchi Li,jingchi-li
shen2025,5,Chenglong Feng,chenglong-feng
shen2025,6,Yongheng Jiang,yongheng-jiang
shen2025,7,Hongwei Wang,hongwei-wang
shen2025,8,Xingfeng Li,0000-0002-9368-8443
shen2025,9,Yu He,yu-he
shen2025,10,Xingchen Ji,xingchen-ji
shen2025,11,Guofeng Yin,guofeng-yin
shen2025,12,Yonghui Tian,yonghui-tian
shen2025,13,Xi Xiao,0000-0003-3696-877X
shen2025,14,Yikai Su,0000-0002-1526-8187
shen2026,1,Boqiang Shen,boqiang-shen
shen2026,2,Kewei Bian,kewei-bian
shen2026,3,Kaustubh Asawa,kaustubh-asawa
shen2026,4,Igor Kudelin,igor-kudelin
shen2026,5,Theodore Morin,theodore-morin
shen2026,6,Bowen Song,bowen-song
shen2026,7,Yang Shen,yang-shen
shen2026,8,Joel Guo,joel-guo
shen2026,9,Jonathan Peters,jonathan-peters
shen2026,10,Catherine Nguyen,catherine-nguyen
shen2026,11,Glenn Kim,glenn-kim
shen2026,12,Nathan Kim,nathan-kim
shen2026,13,Stephen Didde,stephen-didde
shen2026,14,Ryohei Omori,ryohei-omori
shen2026,15,Daneil Lopez,daneil-lopez
shen2026,16,Zeyu Zhang,zeyu-zhang
shen2026,17,Tin Komljenovic,tin-komljenovic
shen2026,18,Minh Tran,minh-tran
shen2026,19,Yuan Yuan,yuan-yuan-2
shen2026,20,Chong Zhang,chong-zhang
sia2022,1,Jia Xu Brian Sia,jia-xu-brian-sia
sia2022,2,Xiang Li,xiang-li
sia2022,3,X. Guo,x-guo
sia2022,4,Jiawei Wang,jiawei-wang
sia2022,5,Wanjun Wang,wanjun-wang
sia2022,6,Zhongliang Qiao,zhongliang-qiao
sia2022,7,Callum G. Littlejohns,callum-g-littlejohns
sia2022,8,Chongyang Liu,chongyang-liu
sia2022,9,Kian Siong Ang,kian-siong-ang
sia2022,10,Graham T. Reed,graham-t-reed
sia2022,11,Hong Wang,hong-wang
singer2025,1,S. Singer,0009-0005-7104-3096
singer2025,2,A. Schwarzenberger,0000-0002-3029-6426
singer2025,3,C. Eschenbaum,0000-0002-1399-6041
singer2025,4,M. Martens,0009-0004-3988-2757
singer2025,5,A. Mertens,adrian-mertens
singer2025,6,G. Dagher,g-dagher
singer2025,7,L. Valenziano,l-valenziano
singer2025,8,S. Sarwar,0000-0002-0971-8452
singer2025,9,P. Erk,peter-erk
singer2025,10,H. Kholeif,0009-0001-2303-1438
singer2025,11,A. Kotz,0000-0002-0459-6759
singer2025,12,T. Zwick,thomas-zwick
singer2025,13,S. Bräse,0000-0003-4845-3191
singer2025,14,W. Freude,0000-0002-8797-7687
singer2025,15,S. Randel,sebastian-randel
singer2025,16,C. Koos,0000-0003-2690-0691
sobu2026,1,Yohei Sobu,yohei-sobu
sobu2026,2,Hanwei Chen,hanwei-chen
sobu2026,3,Shinsuke Tanaka,shinsuke-tanaka
soma2025,1,Go Soma,0000-0002-9960-9937
soma2025,2,Koto Ariu,0009-0006-4141-0438
soma2025,3,Seidai Karakida,0009-0006-6509-0707
soma2025,4,Yusuke Tsubai,0009-0002-7617-5686
soma2025,5,Takuo Tanemura,0000-0002-6086-1510
starnault2026,1,Charles St-Arnault,charles-starnault
starnault2026,2,Benton Qiu,benton-qiu
starnault2026,3,Derek Kita,derek-kita
starnault2026,4,Kenton Anzai,kenton-anzai
starnault2026,5,Christopher R. Cole,christopher-r-cole
starnault2026,6,Ross Dickson,ross-dickson
starnault2026,7,Bruce Beggs,bruce-beggs
starnault2026,8,Naim Ben-Hamida,naim-benhamida
starnault2026,9,Christian Reimer,0000-0002-8038-7561
starnault2026,10,David V. Plant,david-v-plant
steckler2025,1,Daniel Steckler,0000-0001-9645-1807
steckler2025,2,Stefan Lischke,0000-0003-1361-2842
steckler2025,3,Yuji Yamamoto,yuji-yamamoto
steckler2025,4,Wei-Chen Wen,0000-0001-6804-9562
steckler2025,5,Anna Peczek,anna-peczek
steckler2025,6,Johannes Beyer,0009-0008-5083-7964
steckler2025,7,Aleksandra Kroh,aleksandra-kroh
steckler2025,8,Oksana Fursenko,oksana-fursenko
steckler2025,9,Florian Bärwolf,0000-0002-3640-9700
steckler2025,10,Steffen Marschmeyer,steffen-marschmeyer
steckler2025,11,Philipp Kulse,philipp-kulse
steckler2025,12,Dirk Wolansky,dirk-wolansky
steckler2025,13,Lars Zimmermann,0000-0002-0927-4986
su2026,1,Wenqu Su,wenqu-su
su2026,2,Guanyu Chen,0000-0001-7388-7149
su2026,3,Tao Zhu,tao-zhu
su2026,4,Hua Yu,hua-yu
suceava2025,1,Albert Suceava,0000-0001-7661-9596
suceava2025,2,Sankalpa Hazra,0000-0002-9126-8058
suceava2025,3,Aiden Ross,0009-0001-8195-6172
suceava2025,4,Ian Reed Philippi,ian-reed-philippi
suceava2025,5,Dylan Sotir,0000-0001-7575-8885
suceava2025,6,Brynn Brower,brynn-brower
suceava2025,7,Lei Ding,lei-ding
suceava2025,8,Yingxin Zhu,yingxin-zhu
suceava2025,9,Zhiyu Zhang,0009-0001-8537-417X
suceava2025,10,Himirkanti Sarkar,0000-0003-4084-7532
suceava2025,11,Saugata Sarker,0000-0001-6812-1747
suceava2025,12,Yang Yang,0000-0002-0025-5914
suceava2025,13,Suchismita Sarker,0000-0002-8820-1143
suceava2025,14,Vladimir A. Stoica,0000-0002-2734-7819
suceava2025,15,Darrell G. Schlom,0000-0003-2493-6113
suceava2025,16,Long-Qing Chen,0000-0003-3359-3781
suceava2025,17,Venkatraman Gopalan,0000-0001-6866-3677
sun2026,1,Peng Sun,peng-sun
sun2026,2,Brett Klehn,brett-klehn
sun2026,3,Calvin Ma,calvin-ma
sun2026,4,Vesselin Velev,vesselin-velev
sun2026,5,Itamar Priel,itamar-priel
sun2026,6,Liron Gantz,liron-gantz
sun2026a,1,Zhongpeng Sun,zhongpeng-sun
sun2026a,2,Kerolos M. A. Yousef,kerolos-m-a-yousef
sun2026a,3,Michael Domm,michael-domm
sun2026a,4,Agham Posadas,agham-posadas
sun2026a,5,Xudong Li,xudong-li
sun2026a,6,Marcus Ossiander,marcus-ossiander
sun2026a,7,Maryna L. Meretska,maryna-l-meretska
sun2026a,8,Yiwei Ju,yiwei-ju
sun2026a,9,Isabel Barth,isabel-barth
sun2026a,10,Jason Tischler,jason-tischler
sun2026a,11,Theodore P. Letsou,theodore-p-letsou
sun2026a,12,Moaz Waqar,moaz-waqar
sun2026a,13,Amirhassan Shams-Ansari,0000-0002-2165-7832
sun2026a,14,Xiaoqing Pan,xiaoqing-pan
sun2026a,15,Alexander A. Demkov,alexander-a-demkov
sun2026a,16,Federico Capasso,federico-capasso
taghavi2022a,1,Iman Taghavi,0000-0002-2955-9209
taghavi2022a,2,Razi Dehghannasiri,razi-dehghannasiri
taghavi2022a,3,Tianren Fan,0000-0002-7047-2260
taghavi2022a,4,Alexander Tofini,alexander-tofini
taghavi2022a,5,Hesam Moradinejad,0000-0001-7977-492X
taghavi2022a,6,Ali. A. Efterkhar,ali-a-efterkhar
taghavi2022a,7,Sudip Shekhar,0000-0003-0383-1929
taghavi2022a,8,Lukas Chrostowski,0000-0002-2963-9284
taghavi2022a,9,Nicolas A. F. Jaeger,nicolas-a-f-jaeger
taghavi2022a,10,Ali Adibi,ali-adibi
taghavi2024,1,Iman Taghavi,0000-0002-2955-9209
taghavi2024,2,Omid Esmaeeli,omid-esmaeeli
taghavi2024,3,Sheri Jahan Chowdhury,0009-0005-7980-5665
taghavi2024,4,Kashif Masud Awan,kashif-masud-awan
taghavi2024,5,Mustafa Hammood,mustafa-hammood
taghavi2024,6,Matthew Mitchell,matthew-mitchell
taghavi2024,7,Donald Witt,0009-0002-8250-4538
taghavi2024,8,Cory Pecinovsky,cory-pecinovsky
taghavi2024,9,Jason Sickler,jason-w-sickler
taghavi2024,10,Jeff F. Young,jeff-f-young
taghavi2024,11,Nicolas A. F. Jaeger,nicolas-a-f-jaeger
taghavi2024,12,Sudip Shekhar,0000-0003-0383-1929
taghavi2024,13,Lukas Chrostowski,0000-0002-2963-9284
taghavi2026,1,Iman Taghavi,0000-0002-2955-9209
taghavi2026,2,Alexander Tofini,alexander-tofini
taghavi2026,3,Edward K. Leung,0009-0007-2090-3126
taghavi2026,4,Cory Pecinovsky,cory-pecinovsky
taghavi2026,5,Nicolas A. F. Jaeger,nicolas-a-f-jaeger
taghavi2026,6,Lukas Chrostowski,0000-0002-2963-9284
taghavi2026,7,Sudip Shekhar,0000-0003-0383-1929
taghavi2026a,1,Iman Taghavi,0000-0002-2955-9209
taghavi2026a,2,Cory Pecinovsky,cory-pecinovsky
taghavi2026a,3,Nicolas A.F. Jaeger,nicolas-a-f-jaeger
taghavi2026a,4,Lukas Chrostowski,0000-0002-2963-9284
taghavi2026a,5,Sudip Shekhar,0000-0003-0383-1929
tan2024,1,Ying Tan,0000-0002-2009-8266
tan2024,2,Shengpu Niu,shengpu-niu
tan2024,3,Maximilien Billet,0000-0002-5784-5050
tan2024,4,Nishant Singh,0000-0003-0609-1145
tan2024,5,Margot Niels,0009-0003-9297-2156
tan2024,6,Tom Vanackere,0000-0003-4692-9467
tan2024,7,Joris Van Kerrebrouck,0000-0002-6611-7979
tan2024,8,Gunther Roelkens,0000-0002-4667-5092
tan2024,9,Bart Kuyken,0000-0002-8745-7833
tan2024,10,Dries Van Thourhout,0000-0003-0111-431X
tanaka2026,1,Hajime Tanaka,hajime-tanaka
tanaka2026,2,Naotaka Kasuya,naotaka-kasuya
tanaka2026,3,Taichi Misawa,taichi-misawa
tanaka2026,4,Yohei Sobu,yohei-sobu
tanaka2026,5,Shuntaro Maeda,shuntaro-maeda
tanaka2026,6,Kento Komatsu,kento-komatsu
tanaka2026,7,Naoko Inoue,naoko-inoue
tanaka2026,8,Takehiko Kikuchi,takehiko-kikuchi
tanaka2026,9,Takuya Mitarai,takuya-mitarai
tanaka2026,10,Shun Kimura,shun-kimura
tanaka2026,11,Naoki Fujiwara,naoki-fujiwara
tanaka2026,12,Nobuhiko Nishiyama,nobuhiko-nishiyama
tanaka2026,13,Takuo Tanemura,0000-0002-6086-1510
tanaka2026,14,Shinsuke Tanaka,shinsuke-tanaka
tanaka2026,15,Hideki Yagi,hideki-yagi
tatarczak2026,1,Anna Tatarczak,anna-tatarczak
tatarczak2026,2,Roberto Rodes,roberto-rodes
tatarczak2026,3,Andrei Kaikkonen,andrei-kaikkonen
tatarczak2026,4,Young Kai Chen,young-kai-chen
tatarczak2026,5,Julie Eng,julie-eng
theurer2026,1,M. Theurer,m-theurer
theurer2026,2,G. Vasudevan Rajeswari,g-vasudevan-rajeswari
theurer2026,3,J. Andree,jonathan-andree
theurer2026,4,C. Kottke,c-kottke
theurer2026,5,R. Freund,ronald-freund
theurer2026,6,P. Runge,patrick-runge
theurer2026,7,M. Moehrle,m-moehrle
theurer2026,8,A. Sigmund,a-sigmund
theurer2026,9,M. Schell,martin-schell
thiele2022,1,Frederik Thiele,0000-0003-0663-5587
thiele2022,2,Felix vom Bruch,felix-vom-bruch
thiele2022,3,Julian Brockmeier,julian-brockmeier
thiele2022,4,Maximilian Protte,maximilian-protte
thiele2022,5,Thomas Hummel,thomas-hummel
thiele2022,6,Raimund Ricken,raimund-ricken
thiele2022,7,Viktor Quiring,viktor-quiring
thiele2022,8,Sebastian Lengeling,sebastian-lengeling
thiele2022,9,Harald Herrmann,harald-herrmann
thiele2022,10,Christof Eigner,0000-0002-5693-3083
thiele2022,11,Christine Silberhorn,christine-silberhorn
thiele2022,12,Tim J Bartley,tim-j-bartley
tiberi2025,1,M. Tiberi,matteo-tiberi
tiberi2025,2,A. Montanaro,alberto-montanaro
tiberi2025,3,C. Wen,chao-wen
tiberi2025,4,J. Zhang,j-zhang-2
tiberi2025,5,O. Balci,o-balci
tiberi2025,6,S. M. Shinde,s-m-shinde
tiberi2025,7,S. Sharma,s-sharma
tiberi2025,8,A. Meersha,a-meersha
tiberi2025,9,H. Shekhar,h-shekhar
tiberi2025,10,J. E. Muench,j-e-muench
tiberi2025,11,B. R. Conran,b-r-conran
tiberi2025,12,K. B. K. Teo,k-b-k-teo
tiberi2025,13,M. Ebert,m-ebert
tiberi2025,14,X. Yan,x-yan
tiberi2025,15,Y. Tran,y-tran
tiberi2025,16,M. Banakar,m-banakar
tiberi2025,17,C. Littlejohns,callum-g-littlejohns
tiberi2025,18,G. T. Reed,graham-t-reed
tiberi2025,19,M. Romagnoli,marco-romagnoli
tiberi2025,20,A. Ruocco,a-ruocco
tiberi2025,21,V. Sorianello,vito-sorianello
tiberi2025,22,A. C. Ferrari,0000-0003-0907-9993
tiberi2026,1,Matteo Tiberi,matteo-tiberi
tiberi2026,2,Alberto Montanaro,alberto-montanaro
tiberi2026,3,Chao Wen,chao-wen
tiberi2026,4,Jincan Zhang,jincan-zhang
tiberi2026,5,Marco Romagnoli,marco-romagnoli
tiberi2026,6,Vito Sorianello,vito-sorianello
tiberi2026,7,Andrea C. Ferrari,0000-0003-0907-9993
tobing2026,1,L. Tobing,l-tobing
tobing2026,2,B. Li,b-li
tobing2026,3,B. Pan,b-pan
tobing2026,4,C. Lau,c-lau
tobing2026,5,A. W. K. Fong,a-w-k-fong
tobing2026,6,Y. Zhang,y-zhang
tobing2026,7,Y. Cao,y-cao
tobing2026,8,J. Zhou,j-zhou
tobing2026,9,S. N. Foo,s-n-foo
tobing2026,10,W. Q. Tan,w-q-tan
tobing2026,11,C. Lee,c-lee
tobing2026,12,J. O. Yoo,j-o-yoo
tobing2026,13,F. Masahisa,f-masahisa
tobing2026,14,L. Xie,l-xie
tobing2026,15,N. Venkataraman,n-venkataraman
tobing2026,16,S. C. Chong,s-c-chong
tobing2026,17,T. Ghosh,t-ghosh
tobing2026,18,M. Zhao,m-zhao
tobing2026,19,D. Zhu,d-zhu
tobing2026,20,K. W. Ang,k-w-ang
tobing2026,21,N. Singh,n-singh
tobing2026,22,L. W. Lim,l-w-lim
tobing2026,23,X. Luo,x-luo
tobing2026,24,Y.-C. Yeo,y-c-yeo
tran2026,1,Son Tran,son-tran
tran2026,2,Sebastian Lauck,sebastian-lauck
tran2026,3,Gerrit Fiol,gerrit-fiol
tran2026,4,Jonathan Andree,jonathan-andree
tran2026,5,Felix Ganzer,felix-ganzer
tran2026,6,Robert Emmerich,robert-emmerich
tran2026,7,Colja Schubert,colja-schubert
tran2026,8,Patrick Runge,patrick-runge
tran2026,9,Martin Schell,martin-schell
tran2026,10,Ronald Freund,ronald-freund
tran2026,11,Shawn Parker,shawn-parker
tran2026,12,Trong Phan,trong-phan
tran2026,13,Billy Allen,billy-allen
ulrich2025,1,Anja Ulrich,0000-0002-7767-6039
ulrich2025,2,Kamal Brahim,0000-0002-8687-8302
ulrich2025,3,Andries Boelen,0000-0002-5380-7348
ulrich2025,4,Michiel Debaets,0009-0005-5853-9548
ulrich2025,5,Ahmed Khalil,0000-0002-7971-8781
ulrich2025,6,Conglin Sun,conglin-sun
ulrich2025,7,Yishu Huang,yishu-huang-2
ulrich2025,8,Sandeep Seema Saseendran,sandeep-seema-saseendran
ulrich2025,9,Marina Baryshnikova,marina-baryshnikova
ulrich2025,10,Paola Favia,0000-0002-1019-3497
ulrich2025,11,Thomas Nuytten,0000-0002-5921-6928
ulrich2025,12,Stefanie Sergeant,0000-0001-9923-0903
ulrich2025,13,Kasper Van Gasse,0000-0002-4286-585X
ulrich2025,14,Bart Kuyken,0000-0002-8745-7833
ulrich2025,15,Kristiaan De Greve,0000-0002-1314-9715
ulrich2025,16,Clement Merckling,0000-0003-3084-2543
ulrich2025,17,Christian Haffner,0000-0002-8947-5293
ummethala2021,1,Sandeep Ummethala,0000-0001-5223-953X
ummethala2021,2,Juned N. Kemal,0000-0003-4153-5880
ummethala2021,3,Ahmed S. Alam,0000-0003-3117-1446
ummethala2021,4,Matthias Lauermann,matthias-lauermann
ummethala2021,5,Artem Kuzmin,0000-0002-0124-5347
ummethala2021,6,Yasar Kutuvantavida,yasar-kutuvantavida
ummethala2021,7,Sree H. Nandam,sree-h-nandam
ummethala2021,8,Lothar Hahn,lothar-hahn
ummethala2021,9,Delwin L. Elder,delwin-l-elder
ummethala2021,10,Larry R. Dalton,larry-r-dalton
ummethala2021,11,Thomas Zwick,thomas-zwick
ummethala2021,12,Sebastian Randel,sebastian-randel
ummethala2021,13,Wolfgang Freude,0000-0002-8797-7687
ummethala2021,14,Christian Koos,0000-0003-2690-0691
valdez2022,1,Forrest Valdez,0000-0001-8224-4380
valdez2022,2,Viphretuo Mere,viphretuo-mere
valdez2022,3,Xiaoxi Wang,xiaoxi-wang
valdez2022,4,Nicholas Boynton,nicholas-boynton
valdez2022,5,Thomas A. Friedmann,thomas-a-friedmann
valdez2022,6,Shawn Arterburn,shawn-arterburn
valdez2022,7,Christina Dallo,christina-dallo
valdez2022,8,Andrew T. Pomerene,andrew-t-pomerene
valdez2022,9,Andrew L. Starbuck,andrew-l-starbuck
valdez2022,10,Douglas C. Trotter,douglas-c-trotter
valdez2022,11,Anthony L. Lentine,anthony-l-lentine
valdez2022,12,Shayan Mookherjea,0000-0001-9864-2367
valdez2023,1,Forrest Valdez,0000-0001-8224-4380
valdez2023,2,Viphretuo Mere,viphretuo-mere
valdez2023,3,Xiaoxi Wang,xiaoxi-wang
valdez2023,4,Shayan Mookherjea,0000-0001-9864-2367
valdez2023a,1,Forrest Valdez,0000-0001-8224-4380
valdez2023a,2,Viphretuo Mere,viphretuo-mere
valdez2023a,3,Shayan Mookherjea,0000-0001-9864-2367
valdez2026,1,Forrest Valdez,0000-0001-8224-4380
valdez2026,2,Boris Zabelich,boris-zabelich
valdez2026,3,Viphretuo Mere,viphretuo-mere
valdez2026,4,Pragati Aashna,pragati-aashna
valdez2026,5,Radha Krishnan,radha-krishnan
valdez2026,6,Camiel Op de Beeck,camiel-op-de-beeck
valdez2026,7,Arif Rahman,arif-rahman
valdez2026,8,Shayan Mookherjea,0000-0001-9864-2367
valdez2026,9,Pieter Wuytens,pieter-wuytens
vanackere2023,1,T. Vanackere,0000-0003-4692-9467
vanackere2023,2,T. Vandekerckhove,0000-0002-5639-9300
vanackere2023,3,L. Bogaert,0000-0003-3971-5938
vanackere2023,4,M. Billet,0000-0002-5784-5050
vanackere2023,5,S. Poelman,0000-0002-8374-1466
vanackere2023,6,S. Cuyvers,0000-0002-0943-9779
vanackere2023,7,J. Van Kerrebrouck,0000-0002-6611-7979
vanackere2023,8,A. Moerman,0000-0003-0945-2786
vanackere2023,9,O. Caytan,0000-0002-1524-971X
vanackere2023,10,N. Singh,0000-0003-0609-1145
vanackere2023,11,S. Lemey,0000-0003-1366-2604
vanackere2023,12,G. Torfs,0000-0003-1817-5370
vanackere2023,13,P. Ossieur,0000-0002-8737-9142
vanackere2023,14,G. Roelkens,0000-0002-4667-5092
vanackere2023,15,S. Clemmen,0000-0003-0192-4662
vanackere2023,16,B. Kuyken,0000-0002-8745-7833
wang2018,1,Cheng Wang,0000-0002-1939-1422
wang2018,2,Mian Zhang,0000-0001-9838-3895
wang2018,3,Brian Stern,brian-stern
wang2018,4,Michal Lipson,michal-lipson
wang2018,5,Marko Lončar,0000-0002-5029-5017
wang2022,1,Zong Wang,zong-wang
wang2022,2,Gengxin Chen,gengxin-chen
wang2022,3,Ziliang Ruan,ziliang-ruan
wang2022,4,Ranfeng Gan,ranfeng-gan
wang2022,5,Pucheng Huang,pucheng-huang
wang2022,6,Zhiwen Zheng,zhiwen-zheng
wang2022,7,Liwang Lu,liwang-lu
wang2022,8,Jun Li,jun-li-2
wang2022,9,Changjian Guo,0000-0002-8079-460X
wang2022,10,Kaixuan Chen,0000-0002-2538-6793
wang2022,11,Liu Liu,0000-0002-3651-544X
wang2022a,1,Xuanhao Wang,xuanhao-wang
wang2022a,2,Chenglin Shang,chenglin-shang
wang2022a,3,An Pan,an-pan
wang2022a,4,Xingran Cheng,xingran-cheng
wang2022a,5,Tao Gui,tao-gui
wang2022a,6,Shuai Yuan,shuai-yuan-2
wang2022a,7,Chengcheng Gui,chengcheng-gui
wang2022a,8,Keshuang Zheng,keshuang-zheng
wang2022a,9,Peijie Zhang,peijie-zhang
wang2022a,10,Xiaolu Song,xiaolu-song
wang2022a,11,Yanbo Li,yanbo-li
wang2022a,12,Liangchuan Li,liangchuan-li
wang2022a,13,Cheng Zeng,cheng-zeng
wang2022a,14,Jinsong Xia,0000-0002-9650-7839
wang2024a,1,Chengli Wang,chengli-wang
wang2024a,2,Dengyang Fang,0000-0003-4529-6098
wang2024a,3,Junyin Zhang,0000-0001-7597-8941
wang2024a,4,Alexander Kotz,0000-0002-0459-6759
wang2024a,5,Grigory Lihachev,grigory-lihachev
wang2024a,6,Mikhail Churaev,0000-0002-1864-3288
wang2024a,7,Zihan Li,zihan-li
wang2024a,8,Adrian Schwarzenberger,0000-0002-3029-6426
wang2024a,9,Xin Ou,0000-0002-0316-9958
wang2024a,10,Christian Koos,0000-0003-2690-0691
wang2024a,11,Tobias J. Kippenberg,0000-0002-3408-886X
wang2024b,1,Chengli Wang,chengli-wang
wang2024b,2,Zihan Li,zihan-li
wang2024b,3,Johann Riemensberger,0000-0002-3468-6501
wang2024b,4,Grigory Lihachev,grigory-lihachev
wang2024b,5,Mikhail Churaev,0000-0002-1864-3288
wang2024b,6,Wil Kao,wil-kao
wang2024b,7,Xinru Ji,0000-0001-7057-7786
wang2024b,8,Junyin Zhang,0000-0001-7597-8941
wang2024b,9,Terence Blesin,0000-0003-3468-5493
wang2024b,10,Alisa Davydova,alisa-davydova
wang2024b,11,Yang Chen,yang-chen
wang2024b,12,Kai Huang,kai-huang
wang2024b,13,Xi Wang,xi-wang
wang2024b,14,Xin Ou,0000-0002-0316-9958
wang2024b,15,Tobias J. Kippenberg,0000-0002-3408-886X
wang2025,1,Haohua Wang,haohua-wang
wang2025,2,Ao Cui,ao-cui
wang2025,3,Bin Chen,bin-chen
wang2025,4,Ziliang Ruan,ziliang-ruan
wang2025,5,Changjian Guo,0000-0002-8079-460X
wang2025,6,Kaixuan Chen,0000-0002-2538-6793
wang2025,7,Liu Liu,0000-0002-3651-544X
wang2026a,1,Haibo Wang,haibo-wang
wang2026a,2,Qianni Zhang,qianni-zhang
wang2026a,3,Yanming Zhang,yanming-zhang
wang2026a,4,Pengfei Guo,pengfei-guo
wang2026a,5,Jindian Wei,jindian-wei
wang2026a,6,Wenxu Gu,wenxu-gu
wang2026a,7,Ting Yu Teo,ting-yu-teo
wang2026a,8,Haiyang Zheng,haiyang-zheng
wang2026a,9,Chao Li,chao-li
wang2026a,10,Patrick Guo-Qiang Lo,patrick-guoqiang-lo
wang2026b,1,Zhenzheng Wang,0009-0005-4058-5458
wang2026b,2,Xiangzhi Xie,xiangzhi-xie
wang2026b,3,Yikun Chen,0000-0001-9957-7851
wang2026b,4,Yifan Wu,yifan-wu
wang2026b,5,Zeyu Luo,zeyu-luo
wang2026b,6,Hanke Feng,hanke-feng
wang2026b,7,Yulong Chen,yulong-chen
wang2026b,8,Zengyi Xu,zengyi-xu
wang2026b,9,Zixi Wang,zixi-wang
wang2026b,10,Yuansong Zeng,yuansong-zeng
wang2026b,11,Mandie Huang,mandie-huang
wang2026b,12,Ke Zhang,ke-zhang
wang2026b,13,Yingxia Liu,yingxia-liu
wang2026b,14,Cheng Wang,0000-0002-1939-1422
weckenmann2026,1,Erwan Weckenmann,erwan-weckenmann
weckenmann2026,2,Arman Safarnejadian,arman-safarnejadian
weckenmann2026,3,Alireza Geravand,0000-0003-1706-6447
weckenmann2026,4,Jean-Michel Vallée,jeanmichel-vallee
weckenmann2026,5,Zibo Zheng,0000-0002-4060-4891
weckenmann2026,6,Simon Levasseur,0009-0001-4088-7502
weckenmann2026,7,Ming Zeng,ming-zeng
weckenmann2026,8,Leslie A. Rusch,0000-0002-3888-3596
weckenmann2026,9,Wei Shi,0000-0001-5781-9912
weigel2018,1,Peter O. Weigel,peter-o-weigel
weigel2018,2,Jie Zhao,jie-zhao-2
weigel2018,3,Kelvin Fang,kelvin-fang
weigel2018,4,Hasan Al-Rubaye,hasan-alrubaye
weigel2018,5,Douglas Trotter,douglas-c-trotter
weigel2018,6,Dana Hood,dana-hood
weigel2018,7,John Mudrick,john-mudrick
weigel2018,8,Christina Dallo,christina-dallo
weigel2018,9,Andrew T. Pomerene,andrew-t-pomerene
weigel2018,10,Andrew L. Starbuck,andrew-l-starbuck
weigel2018,11,Christopher T. DeRose,christopher-t-derose
weigel2018,12,Anthony L. Lentine,anthony-l-lentine
weigel2018,13,Gabriel Rebeiz,gabriel-rebeiz
weigel2018,14,Shayan Mookherjea,0000-0001-9864-2367
witmer2020,1,Jeremy D Witmer,0000-0002-5935-7982
witmer2020,2,Timothy P McKenna,0000-0001-8132-7336
witmer2020,3,Patricio Arrangoiz-Arriola,patricio-arrangoizarriola
witmer2020,4,Raphaël Van Laer,0000-0001-6739-6247
witmer2020,5,E. Alex Wollack,0000-0002-5764-8540
witmer2020,6,Francis Lin,francis-lin
witmer2020,7,Alex K-Y Jen,0000-0002-9219-7749
witmer2020,8,Jingdong Luo,0000-0001-9990-2618
witmer2020,9,Amir H Safavi-Naeini,0000-0001-6176-1274
wolf2018a,1,Stefan Wolf,stefan-wolf
wolf2018a,2,Heiner Zwickel,0000-0002-4712-3548
wolf2018a,3,Wladislaw Hartmann,wladislaw-hartmann
wolf2018a,4,Matthias Lauermann,matthias-lauermann
wolf2018a,5,Yasar Kutuvantavida,yasar-kutuvantavida
wolf2018a,6,Clemens Kieninger,clemens-kieninger
wolf2018a,7,Lars Altenhain,lars-altenhain
wolf2018a,8,Rolf Schmid,rolf-schmid
wolf2018a,9,Jingdong Luo,0000-0001-9990-2618
wolf2018a,10,Alex K.-Y. Jen,0000-0002-9219-7749
wolf2018a,11,Sebastian Randel,sebastian-randel
wolf2018a,12,Wolfgang Freude,0000-0002-8797-7687
wolf2018a,13,Christian Koos,0000-0003-2690-0691
wu2023,1,Chenghan Wu,chenghan-wu
wu2023,2,Steven Brems,steven-brems
wu2023,3,Didit Yudistira,didit-yudistira
wu2023,4,Daire Cott,daire-cott
wu2023,5,Alexey Milenin,alexey-milenin
wu2023,6,Kevin Vandersmissen,kevin-vandersmissen
wu2023,7,Arantxa Maestre,arantxa-maestre
wu2023,8,Alba Centeno,alba-centeno
wu2023,9,Amaia Zurutuza,amaia-zurutuza
wu2023,10,Joris Van Campenhout,0000-0003-0778-2669
wu2023,11,Cedric Huyghebaert,cedric-huyghebaert
wu2023,12,Dries Van Thourhout,0000-0003-0111-431X
wu2023,13,Marianna Pantouvaki,marianna-pantouvaki
wu2025,1,Lingfeng Wu,lingfeng-wu
wu2025,2,Zhonghao Zhou,zhonghao-zhou
wu2025,3,Weilong Ma,weilong-ma
wu2025,4,Haohua Wang,haohua-wang
wu2025,5,Ziliang Ruan,ziliang-ruan
wu2025,6,Shiqing Gao,shiqing-gao
wu2025,7,Zhishan Huang,zhishan-huang
wu2025,8,Lu Qi,lu-qi
wu2025,9,Jie Liu,jie-liu
wu2025,10,Jing Feng,jing-feng
wu2025,11,Changjian Guo,0000-0002-8079-460X
wu2025,12,Dapeng Liu,dapeng-liu
wu2025,13,Kaixuan Chen,0000-0002-2538-6793
wu2025,14,Liu Liu,0000-0002-3651-544X
xu2020,1,Mengyue Xu,0000-0001-6261-0347
xu2020,2,Mingbo He,mingbo-he
xu2020,3,Hongguang Zhang,hongguang-zhang
xu2020,4,Jian Jian,jian-jian
xu2020,5,Ying Pan,ying-pan
xu2020,6,Xiaoyue Liu,0000-0002-1087-1235
xu2020,7,Lifeng Chen,0000-0003-1971-8613
xu2020,8,Xiangyu Meng,xiangyu-meng
xu2020,9,Hui Chen,hui-chen
xu2020,10,Zhaohui Li,zhaohui-li
xu2020,11,Xi Xiao,0000-0003-3696-877X
xu2020,12,Shaohua Yu,shaohua-yu
xu2020,13,Siyuan Yu,siyuan-yu
xu2020,14,Xinlun Cai,0000-0002-5544-7307
xu2022,1,Mengyue Xu,0000-0001-6261-0347
xu2022,2,Yuntao Zhu,yuntao-zhu
xu2022,3,Fabio Pittalà,fabio-pittala
xu2022,4,Jin Tang,jin-tang
xu2022,5,Mingbo He,mingbo-he
xu2022,6,Wing Chau Ng,wing-chau-ng
xu2022,7,Jingyi Wang,jingyi-wang
xu2022,8,Ziliang Ruan,ziliang-ruan
xu2022,9,Xuefeng Tang,xuefeng-tang
xu2022,10,Maxim Kuschnerov,maxim-kuschnerov
xu2022,11,Liu Liu,0000-0002-3651-544X
xu2022,12,Siyuan Yu,siyuan-yu
xu2022,13,Bofang Zheng,bofang-zheng
xu2022,14,Xinlun Cai,0000-0002-5544-7307
xu2026a,1,Mengyue Xu,mengyue-xu
xu2026a,2,Yang Lan,yang-lan
xu2026a,3,Jinze Shi,jinze-shi
xu2026a,4,Di Liang,di-liang
xu2026b,1,Mengyue Xu,mengyue-xu
xu2026b,2,Yang Lan,yang-lan
xu2026b,3,Di Che,di-che
xu2026b,4,Jinze Shi,jinze-shi
xu2026b,5,Di Liang,di-liang
xue2023,1,Shixin Xue,shixin-xue
xue2023,2,Zhimin Shi,zhimin-shi
xue2023,3,Jingwei Ling,0000-0002-7576-0878
xue2023,4,Zhengdong Gao,zhengdong-gao
xue2023,5,Qili Hu,qili-hu
xue2023,6,Kaibo Zhang,kaibo-zhang-2
xue2023,7,Gareth Valentine,gareth-valentine
xue2023,8,Xi Wu,xi-wu
xue2023,9,Jeremy Staffa,jeremy-staffa
xue2023,10,Usman A. Javid,usman-a-javid
xue2023,11,Qiang Lin,qiang-lin
xue2026,1,Xiaotian Xue,0009-0005-4055-714X
xue2026,2,Yingdong Xu,yingdong-xu
xue2026,3,Wenjun Ding,wenjun-ding
xue2026,4,Rui Ye,rui-ye
xue2026,5,Jing Qiu,jing-qiu
xue2026,6,Guangzhen Li,0000-0003-0213-2181
xue2026,7,Jianbiao Dai,jianbiao-dai
xue2026,8,Shijie Liu,shijie-liu
xue2026,9,Hao Li,hao-li
xue2026,10,Luqi Yuan,0000-0001-9481-0247
xue2026,11,Bo Wang,0000-0001-8088-1845
xue2026,12,Yuanlin Zheng,0000-0003-4442-1176
xue2026,13,Xianfeng Chen,xianfeng-chen
yamaguchi2026,1,Yuya Yamaguchi,yuya-yamaguchi
yamaguchi2026,2,Paikun Zhu,paikun-zhu
yamaguchi2026,3,Pham Tien Dat,pham-tien-dat
yamaguchi2026,4,Shingo Takano,shingo-takano
yamaguchi2026,5,Shotaro Hirata,shotaro-hirata
yamaguchi2026,6,Yu Kataoka,yu-kataoka
yamaguchi2026,7,Junichiro Ichikawa,junichiro-ichikawa
yamaguchi2026,8,Ryo Shimizu,ryo-shimizu
yamaguchi2026,9,Kouichi Akahane,kouichi-akahane
yamaguchi2026,10,Naokatsu Yamamoto,naokatsu-yamamoto
yamaguchi2026,11,Atsushi Kanno,atsushi-kanno
yamaguchi2026,12,Tetsuya Kawanishi,tetsuya-kawanishi
yang2022,1,Fan Yang,fan-yang
yang2022,2,Xiansong Fang,xiansong-fang
yang2022,3,Xinyu Chen,xinyu-chen
yang2022,4,Lixin Zhu,lixin-zhu
yang2022,5,Fan Zhang,fan-zhang
yang2022,6,Zhangyuan Chen,zhangyuan-chen
yang2022,7,Yanping Li,yanping-li
yang2026,1,Fenghe Yang,fenghe-yang
yang2026,2,Erse Jia,erse-jia
yang2026,3,Ying Wang,ying-wang
yang2026,4,Xinran Zhao,xinran-zhao
yang2026,5,Weisheng Wang,weisheng-wang
yang2026,6,Haiwen Cai,haiwen-cai
yang2026,7,Wei Chu,wei-chu
yin2026,1,Yuchen Yin,yuchen-yin
yin2026,2,Aoxue Wang,aoxue-wang
yin2026,3,Jiajian Chen,jiajian-chen
yin2026,4,Yichen Xu,yichen-xu
yin2026,5,Weilu Wu,weilu-wu
yin2026,6,Xinyi Hu,xinyi-hu
yin2026,7,Jinlong Xiang,jinlong-xiang
yin2026,8,Youlve Chen,youlve-chen
yin2026,9,Zhenyu Zhao,zhenyu-zhao
yin2026,10,An He,an-he
yin2026,11,Zongheng Weng,zongheng-weng
yin2026,12,Yaotian Zhao,yaotian-zhao
yin2026,13,Wei Chu,wei-chu
yin2026,14,Ting Wang,ting-wang
yin2026,15,Yikai Su,0000-0002-1526-8187
yin2026,16,Xuhan Guo,xuhan-guo
yu2024,1,Yalong Yu,yalong-yu
yu2024,2,Bo Xiong,0000-0002-2797-7343
yu2024,3,Siqi Wu,siqi-wu
yu2024,4,Yekai Ren,yekai-ren
yu2024,5,Nuo Chen,nuo-chen
yu2024,6,Qingjiao Mi,qingjiao-mi
yu2024,7,Kangping Lou,kangping-lou
yu2024,8,Rui Wang,rui-wang
yu2024,9,Tao Chu,0000-0002-3190-7452
yu2026,1,Haijiang Yu,haijiang-yu
yu2026,2,Ming Su,ming-su
yu2026,3,Ruizhi Zhang,ruizhi-zhang
yu2026,4,Hao Zhang,hao-zhang
yu2026,5,Peng Gao,peng-gao
yu2026,6,Yuan Yao,yuan-yao
yu2026,7,Li huang,li-huang
yu2026,8,Shusheng Peng,shusheng-peng
yu2026,9,Xiaoyu Li,xiaoyu-li
yu2026,10,Hongbo Zhan,hongbo-zhan
yu2026,11,Wenjia Xu,wenjia-xu
yu2026,12,Xudong Gao,xudong-gao
yu2026,13,Chuanneng Luo,chuanneng-luo
yu2026,14,Madhav Bhatta,madhav-bhatta
yu2026,15,Changfei Hu,changfei-hu
yue2023,1,Hengsong Yue,hengsong-yue
yue2023,2,Nuo Chen,nuo-chen
yue2023,3,Haozhe Sun,haozhe-sun
yue2023,4,Tao Chu,0000-0002-3190-7452
yue2025,1,Hengsong Yue,hengsong-yue
yue2025,2,Jianbin Fu,jianbin-fu
yue2025,3,Hengwei Zhang,hengwei-zhang
yue2025,4,Bo Xiong,0000-0002-2797-7343
yue2025,5,Shilong Pan,0000-0003-2620-7272
yue2025,6,Tao Chu,0000-0002-3190-7452
zhang2022,1,Yiwen Zhang,0000-0003-0507-4175
zhang2022,2,Linbo Shao,0000-0002-0615-7848
zhang2022,3,Jingwei Yang,jingwei-yang
zhang2022,4,Zhaoxi Chen,0000-0001-8598-152X
zhang2022,5,Ke Zhang,ke-zhang
zhang2022,6,Kam-Man Shum,kamman-shum
zhang2022,7,Di Zhu,0000-0003-0210-1860
zhang2022,8,Chi Hou Chan,chi-hou-chan
zhang2022,9,Marko Lončar,0000-0002-5029-5017
zhang2022,10,Cheng Wang,0000-0002-1939-1422
zhang2023,1,Yong Zhang,0000-0003-4857-8031
zhang2023,2,Jian Shen,0000-0001-7590-8839
zhang2023,3,Jingchi Li,jingchi-li
zhang2023,4,Hongwei Wang,hongwei-wang
zhang2023,5,Chenglong Feng,chenglong-feng
zhang2023,6,Lei Zhang,lei-zhang
zhang2023,7,Lu Sun,lu-sun
zhang2023,8,Jian Xu,jian-xu
zhang2023,9,Ming Liu,ming-liu
zhang2023,10,Ying Wang,ying-wang-2
zhang2023,11,Yonghui Tian,yonghui-tian
zhang2023,12,Jianwen Dong,0000-0003-2379-554X
zhang2023,13,Yikai Su,0000-0002-1526-8187
zhang2026a,1,Kaibo Zhang,kaibo-zhang
zhang2026a,2,Li-Yuan Chiang,liyuan-chiang
zhang2026a,3,Ching-Wen Huang,chingwen-huang
zhang2026a,4,Charles St-Arnault,charles-starnault
zhang2026a,5,Benton Qiu,benton-qiu
zhang2026a,6,Jerome Jahn,jerome-jahn
zhang2026a,7,James Christensen,james-christensen
zhang2026a,8,Santiago Bernal,santiago-bernal
zhang2026a,9,Codey Nacke,codey-nacke
zhang2026a,10,Pao-Chieh Huang,paochieh-huang
zhang2026a,11,Neda Bathaei,neda-bathaei
zhang2026a,12,Aleksandar Nikic,aleksandar-nikic
zhang2026a,13,Yixiang Hu,yixiang-hu
zhang2026a,14,Cory Pecinovsky,cory-pecinovsky
zhang2026a,15,Chirag Patel,chirag-patel
zhang2026a,16,Pavel Savechenkov,pavel-savechenkov
zhang2026a,17,Morten Nissov,morten-nissov
zhang2026a,18,Mark Harrison,mark-harrison
zhang2026a,19,Gianlorenzo Masini,gianlorenzo-masini
zhang2026a,20,David V. Plant,david-v-plant
zhang2026b,1,Y. Zhang,y-zhang
zhang2026b,2,C. Lau,c-lau
zhang2026b,3,B. Li,b-li
zhang2026b,4,S. N. Foo,s-n-foo
zhang2026b,5,J. O. Yoo,j-o-yoo
zhang2026b,6,B. Pan,b-pan
zhang2026b,7,W. Q. Tan,w-q-tan
zhang2026b,8,N. Singh,n-singh
zhang2026b,9,L. W. Lim,l-w-lim
zhang2026b,10,L. Tobing,l-tobing
zhang2026b,11,X. Luo,x-luo
zhang2026b,12,Y. C. Yeo,y-c-yeo
zhang2026c,1,Junyu Zhang,junyu-zhang
zhang2026c,2,Zi Wang,zi-wang
zhang2026c,3,DeGui Sun,0000-0001-5835-1354
zhang2026c,4,Zheng Wen,zheng-wen
zhang2026c,5,Na Sun,na-sun
zhang2026c,6,Kaiping Zhang,kaiping-zhang
zheng2026,1,Xiujun Zheng,xiujun-zheng
zheng2026,2,Suzanne Bisschop,suzanne-bisschop
zheng2026,3,Arno Moerman,0000-0003-0945-2786
zheng2026,4,Margot Niels,0009-0003-9297-2156
zheng2026,5,Ewoud Vissers,0000-0002-5765-0552
zheng2026,6,Athina Papadopoulou,athina-papadopoulou
zheng2026,7,Philip Ekkels,philip-ekkels
zheng2026,8,Patrick Nenezic,0009-0004-4823-5500
zheng2026,9,Simone Atzeni,simone-atzeni
zheng2026,10,Elif Ozceri,elif-ozceri
zheng2026,11,Tiernan McCaughery,tiernan-mccaughery
zheng2026,12,Ali Uzun,ali-uzun
zheng2026,13,Ye Chen,ye-chen
zheng2026,14,Laurens Bogaert,0000-0003-3971-5938
zheng2026,15,Nishant Singh,0000-0003-0609-1145
zheng2026,16,Sandeep Seema Saseendran,sandeep-seema-saseendran
zheng2026,17,Sofie Janssen,sofie-janssen
zheng2026,18,Natarajan Rajasekaran,natarajan-rajasekaran
zheng2026,19,Sadhishkumar Balakrishnan,sadhishkumar-balakrishnan
zheng2026,20,Philippe Absil,philippe-absil
zheng2026,21,Günther Roelkens,0000-0002-4667-5092
zheng2026,22,Bart Kuyken,0000-0002-8745-7833
zheng2026,23,Sarah Uvin,sarah-uvin
zheng2026,24,Maximilien Billet,0000-0002-5784-5050
zhong2026,1,Hua Zhong,hua-zhong
zhong2026,2,Jingchi Li,jingchi-li
zhong2026,3,Yu He,yu-he
zhong2026,4,Hongwei Wang,hongwei-wang
zhong2026,5,Yuqi Chen,yuqi-chen
zhong2026,6,Yong Zhang,0000-0003-4857-8031
zhong2026,7,Xingfeng Li,0000-0002-9368-8443
zhong2026,8,Yuhan Du,yuhan-du
zhong2026,9,Yikai Su,0000-0002-1526-8187
zhou2026,1,Jianying Zhou,jianying-zhou
zhou2026,2,Lei Xin,lei-xin
zhou2026,3,Xuelei Zhang,xuelei-zhang
zhou2026,4,Fangyuan Meng,fangyuan-meng
zhou2026,5,Yang Liu,yang-liu-2
zhou2026,6,Qisheng Zhao,qisheng-zhao
zhou2026,7,Jin Hong,jin-hong
zwickel2020,1,Heiner Zwickel,0000-0002-4712-3548
zwickel2020,2,Stefan Singer,0009-0005-7104-3096
zwickel2020,3,Clemens Kieninger,clemens-kieninger
zwickel2020,4,Yasar Kutuvantavida,yasar-kutuvantavida
zwickel2020,5,Narek Muradyan,narek-muradyan
zwickel2020,6,Thorsten Wahlbrink,thorsten-wahlbrink
zwickel2020,7,Shiyoshi Yokoyama,0000-0002-0434-9950
zwickel2020,8,Sebastian Randel,sebastian-randel
zwickel2020,9,Wolfgang Freude,0000-0002-8797-7687
zwickel2020,10,Christian Koos,0000-0003-2690-0691
