person_id,name,orcid,variants,n_papers,merge_basis
pragati-aashna,Pragati Aashna,,Pragati Aashna,2,exact_name
oliver-abdeen,Oliver Abdeen,,Oliver Abdeen,1,
kenichi-abe,Kenichi Abe,,Kenichi Abe,1,
0000-0001-9688-7168,Stefan Abel,0000-0001-9688-7168,Stefan Abel,4,exact_name
abdelsalam-aboketaf,Abdelsalam Aboketaf,,Abdelsalam Aboketaf,1,
p-abolghasem,P. Abolghasem,,P. Abolghasem,1,
philippe-absil,Philippe Absil,,Philippe Absil,2,exact_name
ali-adibi,Ali Adibi,,Ali Adibi,1,
daehwan-ahn,Dae-Hwan Ahn,,Dae-Hwan Ahn,1,
0000-0002-4761-7804,Geun Ho Ahn,0000-0002-4761-7804,Geun Ho Ahn,1,
takuma-aihara,Takuma Aihara,,Takuma Aihara,1,
alessandro-aimone,Alessandro Aimone,,Alessandro Aimone,1,
kouichi-akahane,Kouichi Akahane,,Kouichi Akahane,1,
tomohiro-akazawa,Tomohiro Akazawa,,Tomohiro Akazawa,2,exact_name
deji-akinwande,Deji Akinwande,,Deji Akinwande,1,
konstantinos-akritidis,Konstantinos Akritidis,,Konstantinos Akritidis,1,
0000-0003-3117-1446,Ahmed S. Alam,0000-0003-3117-1446,Ahmed S. Alam,1,
0000-0001-7712-9353,Md Samiul Alam,0000-0001-7712-9353,Md Samiul Alam,2,exact_name
billy-allen,Billy Allen,,Billy Allen,1,
guilhem-alma,Guilhem Alma,,Guilhem Alma,1,
hasan-alrubaye,Hasan Al-Rubaye,,Hasan Al-Rubaye,1,
lars-altenhain,Lars Altenhain,,Lars Altenhain,1,
rubab-amin,Rubab Amin,,Rubab Amin,1,
ali-s-amiraslanov,Ali S. Amiraslanov,,Ali S. Amiraslanov,1,
0000-0002-5624-0025,Christopher P. Anderson,0000-0002-5624-0025,Christopher P. Anderson,1,
miles-h-anderson,Miles H. Anderson,,Miles H. Anderson,1,
jonathan-andree,Jonathan Andree,,J. Andree;Jonathan Andree,2,compatible_name+shared_org
evgeniy-andrianov,Evgeniy Andrianov,,Evgeniy Andrianov,1,
k-w-ang,K. W. Ang,,K. W. Ang,1,
kian-siong-ang,Kian Siong Ang,,Kian Siong Ang,1,
j-anthony,J. Anthony,,J. Anthony,1,
kenton-anzai,Kenton Anzai,,Kenton Anzai,1,
0009-0006-4141-0438,Koto Ariu,0009-0006-4141-0438,Koto Ariu,2,exact_name
sumeeta-arora,Sumeeta Arora,,Sumeeta Arora,1,
patricio-arrangoizarriola,Patricio Arrangoiz-Arriola,,Patricio Arrangoiz-Arriola,1,
shawn-arterburn,Shawn Arterburn,,Shawn Arterburn,2,exact_name
kaustubh-asawa,Kaustubh Asawa,,Kaustubh Asawa,1,
pierrelouis-de-assis,Pierre-Louis de Assis,,Pierre-Louis de Assis,1,
0000-0002-0374-9901,Daniel Rimoli Assumpcao,0000-0002-0374-9901,Daniel Assumpcao;Daniel Rimoli Assumpcao,3,compatible_name+shared_org+shared_coauthor;exact_name
0000-0001-9435-0201,Harry A. Atwater,0000-0001-9435-0201,Harry A. Atwater,1,
simone-atzeni,Simone Atzeni,,Simone Atzeni,3,exact_name
0000-0002-0260-9800,Luc Augustin,0000-0002-0260-9800,Luc Augustin,1,
sergei-s-avdeev,Sergei S. Avdeev,,Sergei S. Avdeev,1,
kashif-masud-awan,Kashif Masud Awan,,Kashif Masud Awan,1,
christopher-j-axline,Christopher J. Axline,,Christopher J. Axline,1,
toshihiko-baba,Toshihiko Baba,,Toshihiko Baba,2,exact_name
alexander-s-baburin,Alexander S. Baburin,,Alexander S. Baburin,1,
benedikt-baeuerle,Benedikt Baeuerle,,Benedikt Baeuerle,1,
yves-baeyens,Yves Baeyens,,Yves Baeyens,1,
meisam-bahadori,Meisam Bahadori,,Meisam Bahadori,1,
0000-0001-7801-2739,Gaurav Bahl,0000-0001-7801-2739,Gaurav Bahl,1,
bowen-bai,Bowen Bai,,Bowen Bai,1,
moritz-baier,Moritz Baier,,Moritz Baier,1,
sadhishkumar-balakrishnan,Sadhishkumar Balakrishnan,,Sadhishkumar Balakrishnan,2,exact_name
o-balci,O. Balci,,O. Balci,1,
0000-0002-7132-733X,Krishna C. Balram,0000-0002-7132-733X,Krishna C. Balram,1,
m-banakar,M. Banakar,,M. Banakar,1,
julian-rasmus-bankwitz,Julian Rasmus Bankwitz,,Julian Rasmus Bankwitz,1,
shenlei-bao,Shenlei Bao,,Shenlei Bao,2,exact_name
s-barik,S. Barik,,S. Barik,1,
0000-0001-5662-7345,Jorge Barreto,0000-0001-5662-7345,Jorge Barreto,1,
isabel-barth,Isabel Barth,,Isabel Barth,1,
tim-j-bartley,Tim J Bartley,,Tim J Bartley,1,
0000-0002-5409-8512,David R. Barton III,0000-0002-5409-8512,David Barton;David R. Barton III,2,compatible_name+shared_org
0000-0002-3640-9700,Florian Bärwolf,0000-0002-3640-9700,Florian Bärwolf,1,
alexander-v-baryshev,Alexander V. Baryshev,,Alexander V. Baryshev,1,
marina-baryshnikova,Marina Baryshnikova,,Marina Baryshnikova,1,
d-n-basov,D. N. Basov,,D. N. Basov,1,
neda-bathaei,Neda Bathaei,,Neda Bathaei,1,
0000-0001-7692-5913,Michael Baumann,0000-0001-7692-5913,Michael Baumann,1,
raymond-g-beausoleil,Raymond G. Beausoleil,,Raymond G. Beausoleil,1,
engjell-bebeti,Engjell Bebeti,,Engjell Bebeti,1,
0000-0002-0260-5797,Mattias Beck,0000-0002-0260-5797,Mattias Beck,1,
camiel-op-de-beeck,Camiel Op de Beeck,,Camiel Op de Beeck,2,exact_name
bruce-beggs,Bruce Beggs,,Bruce Beggs,2,exact_name
shiva-behzadfar,Shiva Behzadfar,,Shiva Behzadfar,1,
julie-belleville,Julie Belleville,,Julie Belleville,1,
ileanacristina-beneachelmus,Ileana-Cristina Benea-Chelmus,,Ileana-Cristina Benea-Chelmus,1,
naim-benhamida,Naim Ben-Hamida,,Naim Ben-Hamida,2,exact_name
karl-k-berggren,Karl K. Berggren,,Karl K. Berggren,1,
0000-0002-2782-2341,Essam Berikaa,0000-0002-2782-2341,Essam Berikaa,2,exact_name
0000-0002-6795-7275,Pierre Berini,0000-0002-6795-7275,Pierre Berini,1,
sarah-berman,Sarah Berman,,Sarah Berman,1,
santiago-bernal,Santiago Bernal,,Santiago Bernal,4,exact_name
eric-bernier,Eric Bernier,,Eric Bernier,1,
0000-0001-9016-8103,Mathieu Bertrand,0000-0001-9016-8103,Mathieu Bertrand,1,
0009-0008-5083-7964,Johannes Beyer,0009-0008-5083-7964,Johannes Beyer,1,
prashanth-bhasker,Prashanth Bhasker,,Prashanth Bhasker,1,
0000-0003-2782-6438,Gaurang R. Bhatt,0000-0003-2782-6438,Gaurang R. Bhatt,2,exact_name
madhav-bhatta,Madhav Bhatta,,Madhav Bhatta,1,
kewei-bian,Kewei Bian,,Kewei Bian,1,
yusheng-bian,Yusheng Bian,,Yusheng Bian,2,exact_name
0000-0002-5784-5050,Maximilien Billet,0000-0002-5784-5050,M. Billet;Maximilien Billet,7,exact_name;orcid
guillaume-binet,Guillaume Binet,,Guillaume Binet,1,
suzanne-bisschop,Suzanne Bisschop,,Suzanne Bisschop,1,
0000-0002-2211-5955,Tobias Blatter,0000-0002-2211-5955,T. Blatter;Tobias Blatter,4,exact_name;orcid
0000-0003-3468-5493,Terence Blésin,0000-0003-3468-5493,Terence Blesin;Terence Blésin,2,orcid
0000-0002-1735-7220,Daniel J. Blumenthal,0000-0002-1735-7220,Daniel J. Blumenthal,1,
vjaceslavs-bobrovs,Vjaceslavs Bobrovs,,Vjaceslavs Bobrovs,1,
dieter-bode,Dieter Bode,,Dieter Bode,1,
0000-0002-5380-7348,Andries Boelen,0000-0002-5380-7348,Andries Boelen,2,exact_name
0000-0003-3971-5938,Laurens Bogaert,0000-0003-3971-5938,L. Bogaert;Laurens Bogaert,3,compatible_name+shared_org;exact_name
brad-booth,Brad Booth,,Brad Booth,1,
john-e-bowers,John E. Bowers,,John E. Bowers,1,
nicholas-boynton,Nicholas Boynton,,Nicholas Boynton,2,exact_name
0000-0002-8687-8302,Kamal Brahim,0000-0002-8687-8302,Kamal Brahim,2,exact_name
jan-brandes,Jan Brandes,,Jan Brandes,1,
0000-0003-4845-3191,Stefan Bräse,0000-0003-4845-3191,S. Bräse;Stefan Bräse,5,compatible_name+shared_org;exact_name
steven-brems,Steven Brems,,Steven Brems,1,
julian-brockmeier,Julian Brockmeier,,Julian Brockmeier,1,
brynn-brower,Brynn Brower,,Brynn Brower,1,
felix-vom-bruch,Felix vom Bruch,,Felix vom Bruch,1,
frank-bruckerhoffpluckelmann,Frank Brückerhoff-Plückelmann,,Frank Brückerhoff-Plückelmann,1,
nicola-brusadin,Nicola Brusadin,,Nicola Brusadin,1,
cedric-bruynsteen,Cédric Bruynsteen,,Cédric Bruynsteen,1,
xianglin-bu,Xianglin Bu,,Xianglin Bu,2,exact_name
sergei-bukatin,Sergei Bukatin,,Sergei Bukatin,1,
tatiana-buriakova,Tatiana Buriakova,,T. Buriakova;Tatiana Buriakova,2,compatible_name+shared_org
moritz-businger,Moritz Businger,,Moritz Businger,1,
kirill-buzaverov,Kirill Buzaverov,,Kirill Buzaverov,1,
alisson-ronieri-cadore,Alisson Ronieri Cadore,,Alisson Ronieri Cadore,1,
haiwen-cai,Haiwen Cai,,Haiwen Cai,5,exact_name+shared_org+shared_coauthor
heyi-cai,Heyi Cai,,Heyi Cai,1,
hong-cai,Hong Cai,,Hong Cai,1,
0009-0006-6217-7313,Jiachen Cai,0009-0006-6217-7313,Jiachen Cai,2,exact_name+shared_org+shared_coauthor
wei-cai,Wei Cai,,Wei Cai,1,
0000-0002-5544-7307,Xinlun Cai,0000-0002-5544-7307,Xinlun Cai,3,exact_name+shared_org+shared_coauthor;orcid
zixuan-cai,Zixuan Cai,,Zixuan Cai,2,exact_name+shared_org+shared_coauthor
daniele-caimi,Daniele Caimi,,Daniele Caimi,3,exact_name
0000-0003-0778-2669,Joris Van Campenhout,0000-0003-0778-2669,Joris Van Campenhout,2,exact_name
hengzhen-cao,Hengzhen Cao,,Hengzhen Cao,1,
linyou-cao,Linyou Cao,,Linyou Cao,1,
y-cao,Y. Cao,,Y. Cao,1,
yu-cao,Yu Cao,,Yu Cao,1,
federico-capasso,Federico Capasso,,Federico Capasso,1,
mark-cappuzzo,Mark Cappuzzo,,Mark Cappuzzo,4,exact_name
rick-carter,Rick Carter,,Rick Carter,2,exact_name
jonathan-cauchon,Jonathan Cauchon,,Jonathan Cauchon,1,
0000-0002-1524-971X,Olivier Caytan,0000-0002-1524-971X,O. Caytan;Olivier Caytan,2,orcid
0000-0002-6454-2306,Oguz Tolga Celik,0000-0002-6454-2306,Oguz Tolga Celik,1,
alba-centeno,Alba Centeno,,Alba Centeno,1,
sang-hoon-chae,Sang Hoon Chae,,Sang Hoon Chae,2,exact_name
0009-0005-8871-0473,Aaron Chan,0009-0005-8871-0473,Aaron Chan,1,
0000-0002-9718-0831,Chi Hou Chan,0000-0002-9718-0831,Chi Hou Chan,2,exact_name
sujith-chandran,Sujith Chandran,,Sujith Chandran,1,
0000-0002-0368-8483,Robert J. Chapman,0000-0002-0368-8483,Robert J. Chapman,1,
0009-0006-1250-0338,Sumilak Chaudhury,0009-0006-1250-0338,Sumilak Chaudhury,1,
0000-0002-7375-3690,Nitesh Chauhan,0000-0002-7375-3690,Nitesh Chauhan,1,
0009-0007-0513-7216,Rahul Chawlani,0009-0007-0513-7216,Rahul Chawlani,1,
di-che,Di Che,,Di Che,1,
0000-0003-3877-600X,Daniel Chelladurai,0000-0003-3877-600X,D. Chelladurai;Daniel Chelladurai,4,orcid
0000-0002-3265-5787,Baile Chen,0000-0002-3265-5787,Baile Chen,1,
bin-chen,Bin Chen,,Bin Chen,3,exact_name+shared_org+shared_coauthor
changchen-chen,Changchen Chen,,Changchen Chen,1,
changfu-chen,Changfu Chen,,Changfu Chen,1,
chao-chen,Chao Chen,,Chao Chen,1,
daigao-chen,Daigao Chen,,Daigao Chen,1,
gengxin-chen,Gengxin Chen,,Gengxin Chen,3,exact_name+shared_org+shared_coauthor
0000-0001-7388-7149,Guanyu Chen,0000-0001-7388-7149,Guanyu Chen,2,exact_name+shared_org+shared_coauthor
0000-0003-3285-0686,Haiwei Chen,0000-0003-3285-0686,Haiwei Chen,1,
hanwei-chen,Hanwei Chen,,Hanwei Chen,1,
0000-0002-6637-9346,Haoshuo Chen,0000-0002-6637-9346,Haoshuo Chen,2,exact_name+shared_org
hui-chen,Hui Chen,,Hui Chen,2,exact_name+shared_org+shared_coauthor
jiajian-chen,Jiajian Chen,,Jiajian Chen,1,
0000-0003-3425-196X,Jinming Chen,0000-0003-3425-196X,Jinming Chen,2,exact_name+shared_org+shared_coauthor
0000-0002-2538-6793,Kaixuan Chen,0000-0002-2538-6793,Kaixuan Chen,7,exact_name+shared_org+shared_coauthor;orcid
0000-0003-1971-8613,Lifeng Chen,0000-0003-1971-8613,Lifeng Chen,1,
0000-0003-3359-3781,Long-Qing Chen,0000-0003-3359-3781,Long-Qing Chen,1,
nuo-chen,Nuo Chen,,Nuo Chen,3,exact_name+shared_org+shared_coauthor
0000-0003-0589-9601,Pengxin Chen,0000-0003-0589-9601,Pengxin Chen,2,orcid
rihyou-chen,Rih-You Chen,,Rih-You Chen,1,
ruixuan-chen,Ruixuan Chen,,Ruixuan Chen,1,
xi-chen,Xi Chen,,Xi Chen,2,exact_name+shared_org
xianfeng-chen,Xianfeng Chen,,Xianfeng Chen,1,
xiangfeng-chen,Xiangfeng Chen,,Xiangfeng Chen,1,
xinyu-chen,Xinyu Chen,,Xinyu Chen,1,
yang-chen,Yang Chen,,Yang Chen,1,
ye-chen,Ye Chen,,Ye Chen,1,
0000-0001-9957-7851,Yikun Chen,0000-0001-9957-7851,Yikun Chen,3,exact_name+shared_org+shared_coauthor
youlve-chen,Youlve Chen,,Youlve Chen,1,
young-kai-chen,Young Kai Chen,,Young Kai Chen,1,
yuheng-chen,Yuheng Chen,,Yuheng Chen,1,
yulong-chen,Yulong Chen,,Yulong Chen,1,
yuqi-chen,Yuqi Chen,,Yuqi Chen,1,
zaijun-chen,Zaijun Chen,,Zaijun Chen,1,
zhangyuan-chen,Zhangyuan Chen,,Zhangyuan Chen,1,
0000-0001-8598-152X,Zhaoxi Chen,0000-0001-8598-152X,Zhaoxi Chen,3,exact_name+shared_org+shared_coauthor
zhihao-chen,Zhihao Chen,,Zhihao Chen,1,
chao-cheng,Chao Cheng,,Chao Cheng,4,exact_name+shared_org+shared_coauthor
rebecca-cheng,Rebecca Cheng,,Rebecca Cheng,1,
0000-0003-2095-463X,Risheng Cheng,0000-0003-2095-463X,Risheng Cheng,1,
xingran-cheng,Xingran Cheng,,Xingran Cheng,2,exact_name+shared_org+shared_coauthor
0000-0001-8269-5907,Ya Cheng,0000-0001-8269-5907,Ya Cheng,3,exact_name+shared_org+shared_coauthor;orcid
loic-cherix,Loïc Chérix,,Loïc Chérix,1,
0000-0003-4966-3844,Nan Chi,0000-0003-4966-3844,Nan Chi,2,orcid
liyuan-chiang,Li-Yuan Chiang,,Li-Yuan Chiang,2,exact_name
yijen-chiu,Yi-Jen Chiu,,Yi-Jen Chiu,1,
yeeun-choi,Yeeun Choi,,Yeeun Choi,1,
s-c-chong,S. C. Chong,,S. C. Chong,1,
gregory-choong,Gregory Choong,,Gregory Choong,1,
0009-0005-7980-5665,Sheri Jahan Chowdhury,0009-0005-7980-5665,Sheri Jahan Chowdhury,1,
ian-christen,Ian Christen,,Ian Christen,1,
james-christensen,James Christensen,,James Christensen,1,
0000-0002-2963-9284,Lukas Chrostowski,0000-0002-2963-9284,Lukas Chrostowski,4,exact_name
0000-0002-3190-7452,Tao Chu,0000-0002-3190-7452,Tao Chu,4,exact_name;orcid
wei-chu,Wei Chu,,Wei Chu,6,exact_name
evgeniy-chubchev,Evgeniy Chubchev,,Evgeniy Chubchev,1,
0000-0002-1864-3288,Mikhail Churaev,0000-0002-1864-3288,Mikhail Churaev,3,exact_name
0000-0003-0192-4662,S. Clemmen,0000-0003-0192-4662,S. Clemmen,1,
marco-colangelo,Marco Colangelo,,Marco Colangelo,1,
christopher-r-cole,Christopher R. Cole,,Christopher R. Cole,1,
0000-0002-8134-7633,Camilla Coletti,0000-0002-8134-7633,Camilla Coletti,1,
0000-0003-3519-635X,Guangwei Cong,0000-0003-3519-635X,Guangwei Cong,1,
0000-0001-7407-9290,John F. Conley Jr.,0000-0001-7407-9290,John F. Conley Jr.,1,
b-r-conran,B. R. Conran,,B. R. Conran,1,
0000-0002-7842-6066,Clarissa Convertino,0000-0002-7842-6066,C. Convertino;Clarissa Convertino,2,compatible_name+shared_org
daire-cott,Daire Cott,,Daire Cott,1,
ao-cui,Ao Cui,,Ao Cui,1,
bolun-cui,Bolun Cui,,Bolun Cui,1,
jinlai-cui,Jinlai Cui,,Jinlai Cui,1,
halil-cuma,Halil Cuma,,Halil Cuma,1,
0000-0002-0943-9779,S. Cuyvers,0000-0002-0943-9779,S. Cuyvers,1,
lukas-czornomaz,Lukas Czornomaz,,Lukas Czornomaz,1,
g-dagher,G. Dagher,,G. Dagher,1,
0000-0002-2769-3009,Daoxin Dai,0000-0002-2769-3009,Daoxin Dai,4,exact_name;orcid
jianbiao-dai,Jianbiao Dai,,Jianbiao Dai,1,
yiqi-dai,Yiqi Dai,,Yiqi Dai,1,
zhecheng-dai,Zhecheng Dai,,Zhecheng Dai,1,
0000-0002-9998-3830,Hamed Dalir,0000-0002-9998-3830,Hamed Dalir,2,orcid
christina-dallo,Christina Dallo,,Christina Dallo,3,exact_name
larry-r-dalton,Larry R. Dalton,,L. Dalton;Larry R. Dalton,3,compatible_name+shared_org;exact_name
0000-0002-9090-9626,Aaron J. Danner,0000-0002-9090-9626,Aaron Danner;Aaron J. Danner,2,compatible_name+shared_org+shared_coauthor
sara-darbari,Sara Darbari,,Sara Darbari,1,
pham-tien-dat,Pham Tien Dat,,Pham Tien Dat,1,
0000-0003-1884-2882,Ipshita Datta,0000-0003-1884-2882,Ipshita Datta,2,orcid
martin-davi,Martin Davi,,Martin Davi,1,
alisa-davydova,Alisa Davydova,,Alisa Davydova,1,
syamsundar-de,Syamsundar De,,Syamsundar De,1,
callum-deakin,Callum Deakin,,Callum Deakin,1,
0009-0005-5853-9548,Michiel Debaets,0009-0005-5853-9548,Michiel Debaets,1,
0000-0003-1972-6218,Jakob Declercq,0000-0003-1972-6218,Jakob Declercq,1,
razi-dehghannasiri,Razi Dehghannasiri,,Razi Dehghannasiri,1,
alexander-a-demkov,Alexander A. Demkov,,Alexander A. Demkov,1,
chenguang-deng,Chenguang Deng,,Chenguang Deng,2,exact_name+shared_org+shared_coauthor
jiajie-deng,Jiajie Deng,,Jiajie Deng,1,
ruogu-deng,Ruogu Deng,,Ruogu Deng,1,
sina-dereshgi,Sina Dereshgi,,Sina Dereshgi,1,
christopher-t-derose,Christopher T. DeRose,,Christopher T. DeRose,3,exact_name
0000-0002-1947-7779,Marcel Destraz,0000-0002-1947-7779,Marcel Destraz,1,
kevin-dezfulian,Kevin Dezfulian,,Kevin Dezfulian,1,
a-diba,A. Diba,,A. Diba,1,
ross-dickson,Ross Dickson,,Ross Dickson,1,
stephen-didde,Stephen Didde,,Stephen Didde,1,
0000-0001-5503-998X,Pierre Didier,0000-0001-5503-998X,Pierre Didier,1,
0000-0002-9587-7627,Wouter Diels,0000-0002-9587-7627,Wouter Diels,3,exact_name
c-digiovanni,C. DiGiovanni,,C. DiGiovanni,1,
hanyi-ding,Hanyi Ding,,Hanyi Ding,2,exact_name+shared_org+shared_coauthor
lei-ding,Lei Ding,,Lei Ding,1,
wenjun-ding,Wenjun Ding,,Wenjun Ding,1,
yunhong-ding,Yunhong Ding,,Yunhong Ding,2,exact_name+shared_org+shared_coauthor
danutvalentin-dinu,Danut-Valentin Dinu,,Danut-Valentin Dinu,1,
venkatesh-doddapaneni,Venkatesh Doddapaneni,,Venkatesh Doddapaneni,1,
michael-doderer,Michael Doderer,,Michael Doderer,1,
michael-domm,Michael Domm,,Michael Domm,1,
rainier-van-dommele,Rainier Van Dommele,,Rainier Van Dommele,1,
0000-0003-2379-554X,Jianwen Dong,0000-0003-2379-554X,Jianwen Dong,1,
po-dong,Po Dong,,Po Dong,1,
alexander-dorofeenko,Alexander Dorofeenko,,Alexander Dorofeenko,1,
pol-van-dorpe,Pol Van Dorpe,,Pol Van Dorpe,1,
daniel-drayss,Daniel Drayss,,Daniel Drayss,1,
ute-drechsler,Ute Drechsler,,Ute Drechsler,2,exact_name
0000-0002-6333-824X,Jiangbing Du,0000-0002-6333-824X,Jiangbing Du,1,
yongtao-du,Yongtao Du,,Yongtao Du,1,
yuhan-du,Yuhan Du,,Yuhan Du,1,
mark-earnshaw,Mark Earnshaw,,Mark Earnshaw,5,exact_name
falk-ebert,Falk Ebert,,Falk Ebert,1,
m-ebert,M. Ebert,,M. Ebert,1,
ali-a-efterkhar,Ali. A. Efterkhar,,Ali. A. Efterkhar,1,
yolita-m-eggeler,Yolita M. Eggeler,,Y. M. Eggeler;Yolita M. Eggeler,2,compatible_name+shared_org
0000-0002-5693-3083,Christof Eigner,0000-0002-5693-3083,Christof Eigner,1,
philip-ekkels,Philip Ekkels,,Philip Ekkels,1,
delwin-l-elder,Delwin L. Elder,,D. L. Elder;Delwin L. Elder,4,compatible_name+shared_org;exact_name
0000-0001-6432-3624,Mohammed Eleraky,0000-0001-6432-3624,Mohammed Eleraky,1,
0000-0003-3882-8121,Felix Eltes,0000-0003-3882-8121,F. Eltes;Felix Eltes,7,exact_name;orcid
robert-emmerich,Robert Emmerich,,Robert Emmerich,1,
julie-eng,Julie Eng,,Julie Eng,1,
0000-0002-1043-3489,Dirk R. Englund,0000-0002-1043-3489,Dirk R. Englund,1,
peter-erk,Peter Erk,,P. Erk;Peter Erk,5,compatible_name+shared_org;exact_name
0000-0002-1399-6041,Carsten Eschenbaum,0000-0002-1399-6041,C. Eschenbaum;Carsten Eschenbaum,7,compatible_name+shared_org;exact_name
omid-esmaeeli,Omid Esmaeeli,,Omid Esmaeeli,1,
0000-0002-5581-0233,Sungjun Eun,0000-0002-5581-0233,Sungjun Eun,1,
p-evans,P. Evans,,P. Evans,1,
0000-0003-1142-0441,Filippo Fabbri,0000-0003-1142-0441,Filippo Fabbri,1,
0000-0003-0019-9972,Yeshaiahu Fainman,0000-0003-0019-9972,Yeshaiahu Fainman,1,
0000-0003-4429-7988,Jérôme Faist,0000-0003-4429-7988,Jérôme Faist,1,
virginia-falcone,Virginia Falcone,,Virginia Falcone,2,exact_name
0000-0002-7047-2260,Tianren Fan,0000-0002-7047-2260,Tianren Fan,1,
0000-0003-4529-6098,Dengyang Fang,0000-0003-4529-6098,D. Fang;Dengyang Fang,5,compatible_name+shared_org;exact_name;orcid
kelvin-fang,Kelvin Fang,,Kelvin Fang,1,
xiansong-fang,Xiansong Fang,,Xiansong Fang,1,
0000-0002-8047-1763,Zhiwei Fang,0000-0002-8047-1763,Zhiwei Fang,2,exact_name
0000-0002-8395-9094,Sasan Fathpour,0000-0002-8395-9094,Sasan Fathpour,2,exact_name
0000-0002-1019-3497,Paola Favia,0000-0002-1019-3497,Paola Favia,1,
vladimir-fedorov,Vladimir Fedorov,,Vladimir Fedorov,1,
0000-0002-6482-7870,Yuriy Fedoryshyn,0000-0002-6482-7870,Y. Fedoryshyn;Yuriy Fedoryshyn,3,exact_name;orcid
bo-feng,Bo Feng,,Bo Feng,1,
0000-0002-2562-7112,Cheng Feng,0000-0002-2562-7112,Cheng Feng,1,
chenglong-feng,Chenglong Feng,,Chenglong Feng,2,exact_name+shared_org+shared_coauthor
0000-0003-3579-5352,Hanke Feng,0000-0003-3579-5352,Hanke Feng,5,exact_name+shared_org+shared_coauthor
jing-feng,Jing Feng,,Jing Feng,1,
sonia-fernandes,Sónia Fernandes,,Sónia Fernandes,1,
0000-0003-0907-9993,Andrea C. Ferrari,0000-0003-0907-9993,A. C. Ferrari;Andrea C. Ferrari,3,compatible_name+shared_org;exact_name
filippo-ferraro,Filippo Ferraro,,Filippo Ferraro,1,
0000-0002-1218-1924,Giovanni Finco,0000-0002-1218-1924,Giovanni Finco,1,
gerrit-fiol,Gerrit Fiol,,Gerrit Fiol,1,
marco-fiorentino,Marco Fiorentino,,Marco Fiorentino,1,
jean-fompeyrine,Jean Fompeyrine,,Jean Fompeyrine,1,
a-w-k-fong,A. W. K. Fong,,A. W. K. Fong,1,
nicolas-k-fontaine,Nicolas K Fontaine,,Nicolas Fontaine;Nicolas K Fontaine,2,compatible_name+shared_org+shared_coauthor
s-n-foo,S. N. Foo,,S. N. Foo,2,exact_name
0000-0003-1474-5938,Alexandre P. Freitas,0000-0003-1474-5938,Alexandre P. Freitas,2,exact_name
0000-0002-8797-7687,Wolfgang Freude,0000-0002-8797-7687,W. Freude;Wolfgang Freude,11,compatible_name+shared_org;exact_name;orcid
ronald-freund,Ronald Freund,,R. Freund;Ronald Freund,2,compatible_name+shared_org
thomas-a-friedmann,Thomas A. Friedmann,,Thomas A. Friedmann;Thomas Friedmann,2,compatible_name+shared_org+shared_coauthor
t-frost,T. Frost,,T. Frost,1,
taylor-fryett,Taylor Fryett,,Taylor Fryett,1,
botao-fu,Botao Fu,,Botao Fu,1,
hui-fu,Hui Fu,,Hui Fu,1,
jianbin-fu,Jianbin Fu,,Jianbin Fu,1,
w-fu,W. Fu,,W. Fu,1,
wei-fu,Wei Fu,,Wei Fu,1,
0000-0003-1208-4259,Wujie Fu,0000-0003-1208-4259,Wujie Fu,1,
chris-fuchs,Chris Fuchs,,Chris Fuchs,1,
takuro-fujii,Takuro Fujii,,Takuro Fujii,1,
takuma-fujita,Takuma Fujita,,Takuma Fujita,1,
naoki-fujiwara,Naoki Fujiwara,,Naoki Fujiwara,1,
0000-0002-6534-1477,Taichiro Fukui,0000-0002-6534-1477,Taichiro Fukui,1,
christoph-fullner,Christoph Füllner,,Christoph Füllner,1,
christian-funck,Christian Funck,,Christian Funck,1,
oksana-fursenko,Oksana Fursenko,,Oksana Fursenko,1,
tom-gaertner,Tom Gaertner,,Tom Gaertner,1,
aleksei-gaier,Aleksei Gaier,,Aleksei Gaier,1,
stephan-gamper,Stephan Gamper,,Stephan Gamper,1,
lin-gan,Lin Gan,,Lin Gan,1,
ranfeng-gan,Ranfeng Gan,,Ranfeng Gan,2,exact_name
pranabendu-ganguly,Pranabendu Ganguly,,Pranabendu Ganguly,1,
liron-gantz,Liron Gantz,,Liron Gantz,1,
felix-ganzer,Felix Ganzer,,Felix Ganzer,1,
hanbin-gao,Hanbin Gao,,Hanbin Gao,1,
lang-gao,Lang Gao,,Lang Gao,2,exact_name+shared_org+shared_coauthor
peng-gao,Peng Gao,,Peng Gao,1,
shengqian-gao,Shengqian Gao,,Shengqian Gao,1,
shiqing-gao,Shiqing Gao,,Shiqing Gao,1,
xudong-gao,Xudong Gao,,Xudong Gao,1,
zhengdong-gao,Zhengdong Gao,,Zhengdong Gao,1,
james-garofolo,James Garofolo,,James Garofolo,1,
matthew-garrett,Matthew Garrett,,Matthew Garrett,1,
0000-0002-4286-585X,Kasper Van Gasse,0000-0002-4286-585X,Kasper Van Gasse,2,orcid
p-gavrilovic,P. Gavrilovic,,P. Gavrilovic,1,
bangtong-ge,Bangtong Ge,,Bangtong Ge,1,
michael-gehl,Michael Gehl,,Michael Gehl,1,
antonio-a-gentile,Antonio A. Gentile,,Antonio A. Gentile,1,
0000-0003-1706-6447,Alireza Geravand,0000-0003-1706-6447,Alireza Geravand,2,exact_name
amir-h-ghadimi,Amir H. Ghadimi,,Amir H. Ghadimi,1,
fatemeh-ghavami,Fatemeh Ghavami,,Fatemeh Ghavami,1,
soumya-ghosh,Soumya Ghosh,,Soumya Ghosh,1,
t-ghosh,T. Ghosh,,T. Ghosh,1,
0000-0002-1566-2395,Marco A. Giambra,0000-0002-1566-2395,Marco A. Giambra,1,
ken-giewont,Ken Giewont,,Ken Giewont,1,
0000-0002-0833-9143,Andres Gil-Molina,0000-0002-0833-9143,Andres Gil-Molina,2,exact_name
robin-giroud,Robin Giroud,,Robin Giroud,1,
0009-0003-4439-4179,Max Glantschnig,0009-0003-4439-4179,Max Glantschnig,1,
ming-gong,Ming Gong,,Ming Gong,1,
0000-0001-6866-3677,Venkatraman Gopalan,0000-0001-6866-3677,Venkatraman Gopalan,1,
0000-0001-7469-9756,Rachel Grange,0000-0001-7469-9756,Rachel Grange,4,exact_name;orcid
hannah-r-grant,Hannah R. Grant,,Hannah R. Grant,1,
0000-0002-1314-9715,Kristiaan De Greve,0000-0002-1314-9715,Kristiaan De Greve,2,exact_name
0000-0002-5898-0713,Lukas Grünewald,0000-0002-5898-0713,L. Grünewald;Lukas Grünewald,2,compatible_name+shared_org
wenxu-gu,Wenxu Gu,,Wenxu Gu,1,
chengcheng-gui,Chengcheng Gui,,Chengcheng Gui,2,exact_name
tao-gui,Tao Gui,,Tao Gui,1,
0000-0002-6085-3334,Yaliang Gui,0000-0002-6085-3334,Yaliang Gui,1,
0000-0002-8079-460X,Changjian Guo,0000-0002-8079-460X,Changjian Guo,8,exact_name+shared_org+shared_coauthor
joel-guo,Joel Guo,,Joel Guo,1,
pengfei-guo,Pengfei Guo,,Pengfei Guo,1,
x-guo,X. Guo,,X. Guo,1,
xuhan-guo,Xuhan Guo,,Xuhan Guo,1,
ziang-guo,Ziang Guo,,Ziang Guo,1,
0000-0003-3636-1855,Y Durvasa Gupta,0000-0003-3636-1855,Y Durvasa Gupta,1,
0000-0002-8947-5293,Christian Haffner,0000-0002-8947-5293,Christian Haffner,2,exact_name
lothar-hahn,Lothar Hahn,,Lothar Hahn,1,
scott-r-hammond,Scott R. Hammond,,S. R. Hammond;Scott R. Hammond,2,compatible_name+shared_org
mustafa-hammood,Mustafa Hammood,,Mustafa Hammood,1,
0009-0009-4746-7007,Changhao Han,0009-0009-4746-7007,Changhao Han,1,
haojie-han,Haojie Han,,Haojie Han,1,
yanjun-han,Yanjun Han,,Yanjun Han,2,exact_name+shared_org+shared_coauthor
ting-hao,Ting Hao,,Ting Hao,1,
yue-hao,Yue Hao,,Yue Hao,1,
zhibiao-hao,Zhibiao Hao,,Zhibiao Hao,2,exact_name
0000-0002-5183-9725,Shinsuke Hara,0000-0002-5183-9725,Shinsuke Hara,1,
mark-w-harrington,Mark W. Harrington,,Mark W. Harrington,1,
mark-harrison,Mark Harrison,,Mark Harrison,1,
andy-hart,Andy Hart,,Andy Hart,1,
wladick-hartmann,Wladick Hartmann,,Wladick Hartmann,1,
wladislaw-hartmann,Wladislaw Hartmann,,Wladislaw Hartmann,1,
kiyotomo-hasegawa,Kiyotomo Hasegawa,,Kiyotomo Hasegawa,1,
yasuaki-hashizume,Yasuaki Hashizume,,Yasuaki Hashizume,1,
0000-0002-9126-8058,Sankalpa Hazra,0000-0002-9126-8058,Sankalpa Hazra,1,
an-he,An He,,An He,1,
jianghao-he,Jianghao He,,Jianghao He,2,exact_name+shared_org+shared_coauthor
0000-0002-3551-8083,Lingyan He,0000-0002-3551-8083,Lingyan He,3,exact_name+shared_org+shared_coauthor;orcid
mingbo-he,Mingbo He,,Mingbo He,3,exact_name+shared_org+shared_coauthor
sailing-he,Sailing He,,Sailing He,1,
xuanjian-he,Xuanjian He,,Xuanjian He,1,
yang-he,Yang He,,Yang He,1,
yu-he,Yu He,,Yu He,2,exact_name+shared_org+shared_coauthor
yutong-he,Yutong He,,Yutong He,2,exact_name+shared_org+shared_coauthor
zhixue-he,Zhixue He,,Zhixue He,1,
zuyuan-he,Zuyuan He,,Zuyuan He,1,
elham-heidari,Elham Heidari,,Elham Heidari,1,
0000-0003-0964-3048,Adam T. Heiniger,0000-0003-0964-3048,Adam T. Heiniger,1,
0000-0003-0861-2530,Wolfgang Heni,0000-0003-0861-2530,Wolfgang Heni,2,exact_name
harald-herrmann,Harald Herrmann,,Harald Herrmann,1,
jason-f-herrmann,Jason F. Herrmann,,Jason F. Herrmann,2,exact_name
samuel-hess,Samuel Hess,,Samuel Hess,1,
mikkel-heuck,Mikkel Heuck,,Mikkel Heuck,1,
peter-de-heyn,Peter De Heyn,,Peter De Heyn,2,exact_name
0000-0002-3784-9337,James Arthur Hillier,0000-0002-3784-9337,James Arthur Hillier,1,
tatsurou-hiraki,Tatsurou Hiraki,,Tatsurou Hiraki,1,
shotaro-hirata,Shotaro Hirata,,Shotaro Hirata,1,
takako-hirokawa,Takako Hirokawa,,Takako Hirokawa,1,
claudia-hoessbacher,Claudia Hoessbacher,,Claudia Hoessbacher,1,
yohei-hokama,Yohei Hokama,,Yohei Hokama,1,
0000-0001-6012-1451,Jeffrey Holzgrafe,0000-0001-6012-1451,Jeffrey Holzgrafe,1,
masahiro-honda,Masahiro Honda,,Masahiro Honda,1,
0000-0002-8084-3301,James Hone,0000-0002-8084-3301,James Hone,4,exact_name
0000-0003-4707-9679,Jianxun Hong,0000-0003-4707-9679,Jianxun Hong,1,
jin-hong,Jin Hong,,Jin Hong,1,
0000-0002-3491-0884,Zijian Hong,0000-0002-3491-0884,Zijian Hong,1,
0000-0003-4093-0520,Simon Hönl,0000-0003-4093-0520,Simon Hönl,1,
dana-hood,Dana Hood,,Dana Hood,2,exact_name
0000-0002-3826-3362,Yannik Horst,0000-0002-3826-3362,Y. Horst;Yannik Horst,3,exact_name;orcid
k-hoshino,K. Hoshino,,K. Hoshino,1,
0000-0003-0488-8142,Songyan Hou,0000-0003-0488-8142,Songyan Hou,1,
weiche-hsu,Wei-Che Hsu,,Wei-Che Hsu,1,
0000-0002-8596-6976,Tzu-Chien Hsueh,0000-0002-8596-6976,Tzu-Chien Hsueh,1,
changfei-hu,Changfei Hu,,Changfei Hu,1,
evelyn-l-hu,Evelyn L. Hu,,Evelyn L. Hu,1,
0000-0003-3859-1558,Fangchen Hu,0000-0003-3859-1558,Fangchen Hu,3,exact_name+shared_org+shared_coauthor;orcid
hao-hu,Hao Hu,,Hao Hu,1,
hao-hu-2,Hao Hu,,Hao Hu,2,exact_name+shared_org+shared_coauthor
jinyao-hu,Jinyao Hu,,Jinyao Hu,1,
0000-0003-1933-1670,Qian Hu,0000-0003-1933-1670,Qian Hu,1,
qili-hu,Qili Hu,,Qili Hu,1,
qiyue-hu,Qiyue Hu,,Qiyue Hu,1,
tingchen-hu,Ting-Chen Hu,,Ting-Chen Hu,4,exact_name+shared_org+shared_coauthor
xiao-hu,Xiao Hu,,Xiao Hu,3,exact_name+shared_org+shared_coauthor
0000-0002-1630-109X,Xiaopeng Hu,0000-0002-1630-109X,Xiaopeng Hu,1,
xinyi-hu,Xinyi Hu,,Xinyi Hu,1,
0000-0002-0127-1959,Yaowen Hu,0000-0002-0127-1959,Yaowen Hu,3,exact_name+shared_org+shared_coauthor
yixiang-hu,Yixiang Hu,,Yixiang Hu,2,exact_name+shared_org+shared_coauthor
chingwen-huang,Ching-Wen Huang,,Ching-Wen Huang,1,
jiayu-huang,Jiayu Huang,,Jiayu Huang,1,
jinxin-huang,Jinxin Huang,,Jinxin Huang,1,
kai-huang,Kai Huang,,Kai Huang,1,
li-huang,Li huang,,Li huang,1,
mandie-huang,Mandie Huang,,Mandie Huang,1,
paochieh-huang,Pao-Chieh Huang,,Pao-Chieh Huang,1,
peien-huang,Pei-En Huang,,Pei-En Huang,1,
pucheng-huang,Pucheng Huang,,Pucheng Huang,2,exact_name+shared_org+shared_coauthor
yinshan-huang,Yinshan Huang,,Yinshan Huang,1,
yishu-huang,Yishu Huang,,Yishu Huang,2,exact_name+shared_org+shared_coauthor
yishu-huang-2,Yishu Huang,,Yishu Huang,1,
zhihong-huang,Zhihong Huang,,Zhihong Huang,1,
zhishan-huang,Zhishan Huang,,Zhishan Huang,1,
shivaprasad-u-hulyal,Shivaprasad U. Hulyal,,Shivaprasad U. Hulyal,1,
thomas-hummel,Thomas Hummel,,Thomas Hummel,1,
0009-0006-5366-1541,Andrew S. Hunter,0009-0006-5366-1541,Andrew S. Hunter,1,
cooper-d-hurley,Cooper D. Hurley,,Cooper D. Hurley,1,
cedric-huyghebaert,Cedric Huyghebaert,,Cedric Huyghebaert,1,
tam-huynh,Tam Huynh,,Tam Huynh,1,
hande-ibili,Hande Ibili,,Hande Ibili,1,
junichiro-ichikawa,Junichiro Ichikawa,,Junichiro Ichikawa,1,
0000-0003-1475-6047,Minoru Ida,0000-0003-1475-6047,Minoru Ida,1,
masahiko-imai,Masahiko Imai,,Masahiko Imai,1,
0000-0002-9436-8994,David I. Indolese,0000-0002-9436-8994,David I. Indolese,1,
naoko-inoue,Naoko Inoue,,Naoko Inoue,1,
mitsuteru-ishikawa,Mitsuteru Ishikawa,,Mitsuteru Ishikawa,2,exact_name
eitaro-ishimura,Eitaro Ishimura,,Eitaro Ishimura,1,
0000-0002-5373-4396,Andrei Isichenko,0000-0002-5373-4396,Andrei Isichenko,1,
nicolas-a-f-jaeger,Nicolas A. F. Jaeger,,Nicolas A. F. Jaeger;Nicolas A.F. Jaeger,4,exact_name
phillip-r-jahelka,Phillip R. Jahelka,,Phillip R. Jahelka,1,
jerome-jahn,Jerome Jahn,,Jerome Jahn,1,
prakhar-jain,Prakhar Jain,,Prakhar Jain,1,
sofie-janssen,Sofie Janssen,,Sofie Janssen,2,exact_name
usman-a-javid,Usman A. Javid,,Usman A. Javid,2,exact_name
0000-0002-9219-7749,Alex K.-Y. Jen,0000-0002-9219-7749,Alex K-Y Jen;Alex K.-Y. Jen,2,exact_name
hyeyoon-jeon,Hye-yoon Jeon,,Hye-yoon Jeon,1,
xingchen-ji,Xingchen Ji,,Xingchen Ji,1,
0000-0001-7057-7786,Xinru Ji,0000-0001-7057-7786,Xinru Ji,2,exact_name
erse-jia,Erse Jia,,Erse Jia,2,exact_name
jian-jian,Jian Jian,,Jian Jian,2,exact_name
nan-jiang,Nan Jiang,,Nan Jiang,1,
pisu-jiang,Pisu Jiang,,Pisu Jiang,1,
tianyu-jiang,Tianyu Jiang,,Tianyu Jiang,1,
wentao-jiang,Wentao Jiang,,Wentao Jiang,1,
yongheng-jiang,Yongheng Jiang,,Yongheng Jiang,1,
zile-jiang,Zile Jiang,,Zile Jiang,1,
0000-0003-4879-8739,Christine Jilly,0000-0003-4879-8739,Christine Jilly,1,
0000-0002-0491-4649,Ming Jin,0000-0002-0491-4649,Ming Jin,1,
graham-joe,Graham Joe,,Graham Joe,1,
leif-johansson,Leif Johansson,,Leif Johansson,1,
john-e-johnson,John E. Johnson,,John E. Johnson,1,
0000-0002-1362-7633,Karl Johnson,0000-0002-1362-7633,Karl Johnson,1,
lewis-e-johnson,Lewis E. Johnson,,L. E. Johnson;Lewis E. Johnson,2,compatible_name+shared_org
yiwei-ju,Yiwei Ju,,Yiwei Ju,1,
yingzong-juang,Ying-Zong Juang,,Ying-Zong Juang,1,
farzaneh-arab-juneghani,Farzaneh Arab Juneghani,,Farzaneh Arab Juneghani,1,
hojoong-jung,Hojoong Jung,,Hojoong Jung,1,
andrei-kaikkonen,Andrei Kaikkonen,,Andrei Kaikkonen,2,exact_name
ayman-kanan,Ayman Kanan,,Ayman Kanan,1,
0000-0001-7606-6215,Shigeru Kanazawa,0000-0001-7606-6215,Shigeru Kanazawa,1,
dongyeon-daniel-kang,Dongyeon Daniel Kang,,Dongyeon Daniel Kang,1,
atsushi-kanno,Atsushi Kanno,,Atsushi Kanno,1,
hsiangchih-kao,Hsiang-Chih Kao,,Hsiang-Chih Kao,1,
wil-kao,Wil Kao,,Wil Kao,1,
0009-0006-6509-0707,Seidai Karakida,0009-0006-6509-0707,Seidai Karakida,2,exact_name
fatemeh-karami,Fatemeh Karami,,Fatemeh Karami,1,
0000-0003-0933-8000,Thomas M. Karg,0000-0003-0933-8000,Thomas M. Karg,1,
sadra-rahimi-kari,Sadra Rahimi Kari,,Sadra Rahimi Kari,1,
tsubasa-kashino,Tsubasa Kashino,,Tsubasa Kashino,1,
n-kashio,N. Kashio,,N. Kashio,1,
naotaka-kasuya,Naotaka Kasuya,,Naotaka Kasuya,1,
yu-kataoka,Yu Kataoka,,Yu Kataoka,1,
eisaku-kato,Eisaku Kato,,Eisaku Kato,1,
shunto-katsumi,Shunto Katsumi,,Shunto Katsumi,1,
0000-0002-3164-8833,Fabian Kaufmann,0000-0002-3164-8833,Fabian Kaufmann,1,
0000-0003-1542-057X,Keisuke Kawahara,0000-0003-1542-057X,Keisuke Kawahara,2,exact_name
tetsuya-kawanishi,Tetsuya Kawanishi,,Tetsuya Kawanishi,1,
mohamed-kelany,Mohamed Kelany,,M. Kelany;Mohamed Kelany,2,compatible_name+shared_org
0000-0003-3180-8400,Killian Keller,0000-0003-3180-8400,Killian Keller,2,orcid
0000-0003-4037-7489,Jost Kellner,0000-0003-4037-7489,Jost Kellner,3,exact_name
0000-0003-4153-5880,Juned N. Kemal,0000-0003-4153-5880,Juned N. Kemal,2,orcid
patrick-kern,Patrick Kern,,P. Kern;Patrick Kern,2,compatible_name+shared_org
0000-0002-6611-7979,Joris Van Kerrebrouck,0000-0002-6611-7979,J. Van Kerrebrouck;Joris Van Kerrebrouck,2,compatible_name+shared_org
0000-0002-7971-8781,Ahmed Khalil,0000-0002-7971-8781,Ahmed Khalil,2,exact_name
0000-0002-3552-1549,Prashanta Kharel,0000-0002-3552-1549,Prashanta Kharel,1,
0009-0001-2303-1438,Hend Kholeif,0009-0001-2303-1438,H. Kholeif;Hend Kholeif,7,compatible_name+shared_org;exact_name
0000-0003-0725-8736,Jacob B. Khurgin,0000-0003-0725-8736,Jacob B. Khurgin,1,
clemens-kieninger,Clemens Kieninger,,Clemens Kieninger,3,exact_name
iain-kierzewski,Iain Kierzewski,,Iain Kierzewski,1,
n-kikuchi,N. Kikuchi,,N. Kikuchi,1,
takehiko-kikuchi,Takehiko Kikuchi,,Takehiko Kikuchi,1,
bumho-kim,Bumho Kim,,Bumho Kim,1,
glenn-kim,Glenn Kim,,Glenn Kim,1,
gwan-in-kim,Gwan In Kim,,Gwan In Kim,1,
hansol-kim,Hansol Kim,,Hansol Kim,1,
kwangwoong-kim,Kwangwoong Kim,,Kwangwoong Kim,1,
minkyu-kim,Minkyu Kim,,Minkyu Kim,1,
nathan-kim,Nathan Kim,,Nathan Kim,1,
yonggwon-kim,Yong-gwon Kim,,Yong-gwon Kim,1,
shun-kimura,Shun Kimura,,Shun Kimura,1,
0000-0002-3408-886X,Tobias J. Kippenberg,0000-0002-3408-886X,Tobias J. Kippenberg;Tobias Kippenberg,9,compatible_name+shared_org+shared_coauthor;exact_name;orcid
brian-t-kirby,Brian T. Kirby,,Brian T. Kirby,1,
derek-kita,Derek Kita,,Derek Kita,1,
takamitsu-kitamura,Takamitsu Kitamura,,Takamitsu Kitamura,1,
brett-klehn,Brett Klehn,,Brett Klehn,1,
hirohiko-kobayashi,Hirohiko Kobayashi,,Hirohiko Kobayashi,1,
takayuki-kobayashi,Takayuki Kobayashi,,Takayuki Kobayashi,1,
0000-0001-8796-2146,Ueli Koch,0000-0001-8796-2146,U. Koch;Ueli Koch,2,orcid
0000-0003-0291-2065,Stefan M. Koepfli,0000-0003-0291-2065,Stefan M. Koepfli,1,
0000-0002-5528-5352,Manuel Kohli,0000-0002-5528-5352,M. Kohli;Manuel Kohli,3,compatible_name+shared_org;orcid
m-kohtoku,M. Kohtoku,,M. Kohtoku,1,
kento-komatsu,Kento Komatsu,,Kento Komatsu,1,
tin-komljenovic,Tin Komljenovic,,Tin Komljenovic,1,
deming-kong,Deming Kong,,Deming Kong,2,exact_name
0000-0003-2690-0691,Christian Koos,0000-0003-2690-0691,C. Koos;Christian Koos,18,compatible_name+shared_org;exact_name;orcid
rose-kopf,Rose Kopf,,Rose Kopf,4,exact_name
reshma-kopparapu,Reshma Kopparapu,,Reshma Kopparapu,1,
thomas-kornher,Thomas Kornher,,Thomas Kornher,1,
michael-kossey,Michael Kossey,,Michael Kossey,1,
c-kottke,C. Kottke,,C. Kottke,1,
0000-0002-0459-6759,Alexander Kotz,0000-0002-0459-6759,A. Kotz;Alexander Kotz,14,compatible_name+shared_org;exact_name;orcid
0000-0002-1418-9137,Rai Kou,0000-0002-1418-9137,Rai Kou,1,
farzad-mokhtari-koushyar,Farzad Mokhtari Koushyar,,Farzad Mokhtari Koushyar,1,
alex-kramarenko,Alex Kramarenko,,Alex Kramarenko,1,
radha-krishnan,Radha Krishnan,,Radha Krishnan,1,
aleksandra-kroh,Aleksandra Kroh,,Aleksandra Kroh,1,
igor-kudelin,Igor Kudelin,,Igor Kudelin,1,
daria-p-kulikova,Daria P. Kulikova,,Daria P. Kulikova,1,
pooja-kulkarni,Pooja Kulkarni,,Pooja Kulkarni,1,
0000-0001-9414-6497,Laurenz Kulmer,0000-0001-9414-6497,Laurenz Kulmer,3,exact_name
philipp-kulse,Philipp Kulse,,Philipp Kulse,1,
0000-0002-1780-9506,Ranjeet Kumar,0000-0002-1780-9506,Ranjeet Kumar,1,
m-kuntz,M. Kuntz,,M. Kuntz,1,
0000-0001-9210-9991,Benjamin Kupp,0000-0001-9210-9991,Benjamin Kupp,1,
kyosuke-kuramoto,Kyosuke Kuramoto,,Kyosuke Kuramoto,1,
maxim-kuschnerov,Maxim Kuschnerov,,Maxim Kuschnerov,1,
0009-0002-2609-4271,Tristan Kuttner,0009-0002-2609-4271,Tristan Kuttner,2,exact_name
yasar-kutuvantavida,Yasar Kutuvantavida,,Yasar Kutuvantavida,4,exact_name
0000-0002-8745-7833,Bart Kuyken,0000-0002-8745-7833,B. Kuyken;Bart Kuyken,8,exact_name;orcid
0000-0002-0124-5347,Artem Kuzmin,0000-0002-0124-5347,A. Kuzmin;Artem Kuzmin,6,compatible_name+shared_org;exact_name
0000-0002-5609-5331,Nikolai Kuznetsov,0000-0002-5609-5331,Nikolai Kuznetsov,1,
jaime-kwan,Jaime Kwan,,Jaime Kwan,1,
hyounghan-kwon,Hyounghan Kwon,,Hyounghan Kwon,1,
0000-0001-6739-6247,Raphaël Van Laer,0000-0001-6739-6247,Raphaël Van Laer,1,
houyou-lai,Houyou Lai,,Houyou Lai,1,
v-lal,V. Lal,,V. Lal,1,
yazan-lampert,Yazan Lampert,,Yazan Lampert,1,
yang-lan,Yang Lan,,Yang Lan,2,exact_name
charles-laperle,Charles Laperle,,Charles Laperle,1,
0009-0009-5849-780X,Hugo Larocque,0009-0009-5849-780X,Hugo Larocque,3,orcid
alan-pak-tao-lau,Alan Pak Tao Lau,,Alan Pak Tao Lau,1,
c-lau,C. Lau,,C. Lau,2,exact_name
sebastian-lauck,Sebastian Lauck,,Sebastian Lauck,1,
matthias-lauermann,Matthias Lauermann,,Matthias Lauermann,2,exact_name
j-lavrencik,J. Lavrencik,,J. Lavrencik,1,
son-thai-le,Son Thai Le,,Son Thai Le,1,
m-lebby,M. Lebby,,M. Lebby,1,
0000-0002-8040-3576,Brian S. Lee,0000-0002-8040-3576,Brian S. Lee,2,exact_name+shared_org+shared_coauthor
c-lee,C. Lee,,C. Lee,1,
0000-0003-1985-9109,Chun-Ho Lee,0000-0003-1985-9109,Chun-Ho Lee,1,
jinil-lee,Jinil Lee,,Jinil Lee,1,
junhyung-lee,Junhyung Lee,,Junhyung Lee,1,
mingchang-lee,Ming-Chang Lee,,Ming-Chang Lee,1,
nathan-r-a-lee,Nathan R. A. Lee,,Nathan R. A. Lee,1,
won-suk-lee,Won Suk Lee,,Won Suk Lee,1,
0000-0001-8159-9067,Wonho Lee,0000-0001-8159-9067,Wonho Lee,1,
yong-soo-lee,Yong Soo Lee,,Yong Soo Lee,1,
0000-0003-1366-2604,Sam Lemey,0000-0003-1366-2604,S. Lemey;Sam Lemey,2,orcid
sebastian-lengeling,Sebastian Lengeling,,Sebastian Lengeling,1,
anthony-l-lentine,Anthony L. Lentine,,Anthony L. Lentine;Anthony Lentine,3,compatible_name+shared_org+shared_coauthor
jacopo-leo,Jacopo Leo,,Jacopo Leo,1,
ted-letavic,Ted Letavic,,Ted Letavic,1,
theodore-p-letsou,Theodore P. Letsou,,Theodore P. Letsou,1,
0009-0007-2090-3126,Edward K. Leung,0009-0007-2090-3126,Edward K. Leung,1,
0000-0003-0111-8169,Juerg Leuthold,0000-0003-0111-8169,J. Leuthold;Juerg Leuthold,5,exact_name;orcid
0009-0001-4088-7502,Simon Levasseur,0009-0001-4088-7502,Simon Levasseur,2,exact_name
b-li,B. Li,,B. Li,2,exact_name+shared_org+shared_coauthor
0000-0002-2345-6735,Baichang Li,0000-0002-2345-6735,Baichang Li,1,
chao-li,Chao Li,,Chao Li,1,
chenlei-li,Chenlei Li,,Chenlei Li,1,
chijun-li,Chijun Li,,Chijun Li,1,
chunde-li,Chunde Li,,Chunde Li,1,
dan-li,Dan Li,,Dan Li,1,
0000-0003-0213-2181,Guangzhen Li,0000-0003-0213-2181,Guangzhen Li,1,
guike-li,Guike Li,,Guike Li,1,
hao-li,Hao Li,,Hao Li,1,
haoyang-li,Haoyang Li,,Haoyang Li,1,
he-li,He Li,,He Li,1,
hongtao-li,Hongtao Li,,Hongtao Li,2,exact_name+shared_org+shared_coauthor
jiayi-li,Jiayi Li,,Jiayi Li,1,
0000-0002-0185-0512,Jing-Feng Li,0000-0002-0185-0512,Jing-Feng Li,1,
jingchi-li,Jingchi Li,,Jingchi Li,3,exact_name+shared_org+shared_coauthor
jun-li,Jun Li,,Jun Li,1,
jun-li-2,Jun Li,,Jun Li,1,
liangchuan-li,Liangchuan Li,,Liangchuan Li,1,
0000-0002-8054-7406,Lu Li,0000-0002-8054-7406,Lu Li,1,
mengqi-li,Mengqi Li,,Mengqi Li,1,
0000-0003-4951-6887,Mingxiao Li,0000-0003-4951-6887,Mingxiao Li,1,
mingxuan-li,Mingxuan Li,,Mingxuan Li,1,
0000-0001-7922-598X,Qian Li,0000-0001-7922-598X,Qian Li,2,exact_name+shared_org+shared_coauthor
qinglian-li,Qinglian Li,,Qinglian Li,1,
qiyuan-li,Qiyuan Li,,Qiyuan Li,1,
wei-li,Wei Li,,Wei Li,2,exact_name+shared_org+shared_coauthor
0000-0002-6578-3152,Weijia Li,0000-0002-6578-3152,Weijia Li,2,exact_name+shared_org+shared_coauthor
xiang-li,Xiang Li,,Xiang Li,1,
xiaoyu-li,Xiaoyu Li,,Xiaoyu Li,1,
0000-0002-9368-8443,Xingfeng Li,0000-0002-9368-8443,Xingfeng Li,2,exact_name+shared_org+shared_coauthor
xingjie-li,Xingjie Li,,Xingjie Li,1,
xinyu-li,Xinyu Li,,Xinyu Li,2,exact_name+shared_org+shared_coauthor
xudong-li,Xudong Li,,Xudong Li,3,exact_name+shared_org;exact_name+shared_org+shared_coauthor
yanbo-li,Yanbo Li,,Yanbo Li,1,
yang-li,Yang Li,,Yang Li,1,
yanping-li,Yanping Li,,Yanping Li,1,
zhaohui-li,Zhaohui Li,,Zhaohui Li,1,
zhongya-li,Zhongya Li,,Zhongya Li,1,
zihan-li,Zihan Li,,Zihan Li,6,exact_name+shared_org+shared_coauthor
di-liang,Di Liang,,Di Liang,2,exact_name+shared_org+shared_coauthor
ruiqi-liang,Ruiqi Liang,,Ruiqi Liang,1,
youting-liang,Youting Liang,,Youting Liang,2,exact_name+shared_org+shared_coauthor
yuxin-liang,Yuxin Liang,,Yuxin Liang,1,
grigory-lihachev,Grigory Lihachev,,Grigory Lihachev,2,exact_name
l-w-lim,L. W. Lim,,L. W. Lim,2,exact_name+shared_org+shared_coauthor
0000-0003-0965-7247,Bill Lin,0000-0003-0965-7247,Bill Lin,1,
chupao-lin,Chupao Lin,,Chupao Lin,1,
francis-lin,Francis Lin,,Francis Lin,1,
0000-0002-6973-8674,Hong-Lin Lin,0000-0002-6973-8674,Hong-Lin Lin,2,exact_name+shared_org
0009-0002-4288-824X,Mengxin Lin,0009-0002-4288-824X,Mengxin Lin,1,
mingwei-lin,Ming-Wei Lin,,Ming-Wei Lin,1,
qiang-lin,Qiang Lin,,Qiang Lin,2,exact_name+shared_org+shared_coauthor
yan-lin,Yan Lin,,Yan Lin,1,
0000-0002-7576-0878,Jingwei Ling,0000-0002-7576-0878,Jingwei Ling,2,exact_name
0000-0003-2903-3765,Michal Lipson,0000-0003-2903-3765,Michal Lipson,5,exact_name
0000-0003-1361-2842,Stefan Lischke,0000-0003-1361-2842,Stefan Lischke,1,
callum-g-littlejohns,Callum G. Littlejohns,,C. Littlejohns;Callum G. Littlejohns,2,compatible_name+shared_org
changlin-liu,Changlin Liu,,Changlin Liu,1,
chongyang-liu,Chongyang Liu,,Chongyang Liu,1,
dapeng-liu,Dapeng Liu,,Dapeng Liu,1,
han-liu,Han Liu,,Han Liu,1,
hao-liu,Hao Liu,,Hao Liu,2,exact_name+shared_org+shared_coauthor
hongde-liu,Hongde Liu,,Hongde Liu,1,
hongxuan-liu,Hongxuan Liu,,Hongxuan Liu,2,exact_name+shared_org+shared_coauthor
jiahao-liu,Jiahao Liu,,Jiahao Liu,1,
jian-liu,Jian Liu,,Jian Liu,1,
jian-liu-2,Jian Liu,,Jian Liu,1,
jiawen-liu,Jiawen Liu,,Jiawen Liu,1,
jie-liu,Jie Liu,,Jie Liu,2,exact_name+shared_coauthor
jikun-liu,Jikun Liu,,Jikun Liu,1,
junqiu-liu,Junqiu Liu,,Junqiu Liu,1,
lin-liu,Lin Liu,,Lin Liu,1,
0000-0002-3651-544X,Liu Liu,0000-0002-3651-544X,Liu Liu,12,exact_name+shared_org+shared_coauthor;orcid
liyuan-liu,Liyuan Liu,,Liyuan Liu,1,
ming-liu,Ming Liu,,Ming Liu,1,
qian-liu,Qian Liu,,Qian Liu,2,exact_name+shared_org+shared_coauthor
qidi-liu,Qidi Liu,,Qidi Liu,2,exact_name+shared_org+shared_coauthor
shijie-liu,Shijie Liu,,Shijie Liu,1,
0000-0002-3062-3634,Tianyi Liu,0000-0002-3062-3634,Tianyi Liu,1,
weixi-liu,Weixi Liu,,Weixi Liu,1,
weiye-liu,Weiye Liu,,Weiye Liu,1,
0000-0002-1087-1235,Xiaoyue Liu,0000-0002-1087-1235,Xiaoyue Liu,1,
xingyu-liu,Xingyu Liu,,Xingyu Liu,2,exact_name+shared_org+shared_coauthor
xuecheng-liu,Xuecheng Liu,,Xuecheng Liu,1,
yang-liu,Yang Liu,,Yang Liu,1,
yang-liu-2,Yang Liu,,Yang Liu,1,
ye-liu,Ye Liu,,Ye Liu,1,
yingxia-liu,Yingxia Liu,,Yingxia Liu,1,
yong-liu,Yong Liu,,Yong Liu,1,
0000-0002-7968-0074,Yuqi Liu,0000-0002-7968-0074,Yuqi Liu,2,orcid
yushan-liu,Yushan Liu,,Yushan Liu,1,
zhaoxiang-liu,Zhaoxiang Liu,,Zhaoxiang Liu,1,
zhihong-liu,Zhihong Liu,,Zhihong Liu,1,
patrick-guoqiang-lo,Patrick Guo-Qiang Lo,,Patrick Guo-Qiang Lo,1,
sanjaya-lohani,Sanjaya Lohani,,Sanjaya Lohani,1,
0000-0002-5029-5017,Marko Lončar,0000-0002-5029-5017,Marko Loncar;Marko Lončar;Marko Lončar,10,exact_name;orcid
daneil-lopez,Daneil Lopez,,Daneil Lopez,1,
evgeniy-s-lotkov,Evgeniy S. Lotkov,,Evgeniy S. Lotkov,1,
kangping-lou,Kangping Lou,,Kangping Lou,2,exact_name
chao-lu,Chao Lu,,Chao Lu,1,
0000-0002-0739-1556,Guo-Wei Lu,0000-0002-0739-1556,Guo-Wei Lu,3,orcid
liwang-lu,Liwang Lu,,Liwang Lu,1,
0009-0004-0177-8452,Chao Luan,0009-0004-0177-8452,Chao Luan,2,exact_name
kevin-luke,Kevin Luke,,Kevin Luke,1,
chuanneng-luo,Chuanneng Luo,,Chuanneng Luo,1,
0000-0001-9990-2618,Jingdong Luo,0000-0001-9990-2618,Jingdong Luo,2,exact_name+shared_coauthor
x-luo,X. Luo,,X. Luo,2,exact_name+shared_org+shared_coauthor
yi-luo,Yi Luo,,Yi Luo,3,exact_name+shared_org+shared_coauthor
zeyu-luo,Zeyu Luo,,Zeyu Luo,1,
calvin-ma,Calvin Ma,,Calvin Ma,1,
0000-0003-0103-9858,Jing Ma,0000-0003-0103-9858,Jing Ma,1,
weilong-ma,Weilong Ma,,Weilong Ma,2,exact_name+shared_org+shared_coauthor
xinyu-ma,Xinyu Ma,,Xinyu Ma,1,
yunpeng-ma,Yunpeng Ma,,Yunpeng Ma,2,exact_name+shared_org+shared_coauthor
j-macario,J. Macario,,J. Macario,1,
shuntaro-maeda,Shuntaro Maeda,,Shuntaro Maeda,1,
yoshiho-maeda,Yoshiho Maeda,,Yoshiho Maeda,1,
0000-0002-1915-4718,Andreas Maeder,0000-0002-1915-4718,Andreas Maeder,1,
0000-0003-2218-3912,Yuriko Maegami,0000-0003-2218-3912,Yuriko Maegami,2,exact_name
kyohei-maekawa,Kyohei Maekawa,,Kyohei Maekawa,1,
arantxa-maestre,Arantxa Maestre,,Arantxa Maestre,1,
leticia-magalhaes,Leticia Magalhaes,,Leticia Magalhaes;Letícia Magalhães,2,exact_name
k-o-malley,K. O'Malley,,K. O'Malley,1,
kevin-m-o-malley,Kevin M. O'Malley,,Kevin M. O'Malley,1,
karen-mamian,Karen Mamian,,Karen Mamian,1,
dun-mao,Dun Mao,,Dun Mao,1,
0000-0003-0320-2268,Jiawei Mao,0000-0003-0320-2268,Jiawei Mao,2,exact_name
simone-marconi,Simone Marconi,,Simone Marconi,1,
steffen-marschmeyer,Steffen Marschmeyer,,Steffen Marschmeyer,1,
graham-d-marshall,Graham D. Marshall,,Graham D. Marshall,1,
0009-0004-3988-2757,Malte Martens,0009-0004-3988-2757,M. Martens;Malte Martens,4,compatible_name+shared_org;exact_name
f-masahisa,F. Masahisa,,F. Masahisa,1,
gianlorenzo-masini,Gianlorenzo Masini,,Gianlorenzo Masini,2,exact_name
kei-masuyama,Kei Masuyama,,Kei Masuyama,1,
nobuyuki-matsuda,Nobuyuki Matsuda,,Nobuyuki Matsuda,1,
shinji-matsuo,Shinji Matsuo,,Shinji Matsuo,1,
0000-0001-9849-3517,Felix M. Mayor,0000-0001-9849-3517,Felix M. Mayor,1,
tiernan-mccaughery,Tiernan McCaughery,,Tiernan McCaughery,1,
0000-0001-8132-7336,Timothy P. McKenna,0000-0001-8132-7336,Timothy P McKenna;Timothy P. McKenna,2,orcid
liam-mcrae,Liam McRae,,Liam McRae,1,
a-meersha,A. Meersha,,A. Meersha,1,
hamid-mehrvar,Hamid Mehrvar,,Hamid Mehrvar,1,
a-meighan,A. Meighan,,A. Meighan,1,
arezou-meighan,Arezou Meighan,,Arezou Meighan,1,
argishti-melikyan,Argishti Melikyan,,Argishti Melikyan,1,
fangyuan-meng,Fangyuan Meng,,Fangyuan Meng,1,
xiangyu-meng,Xiangyu Meng,,Xiangyu Meng,2,exact_name
andrew-mercante,Andrew Mercante,,Andrew Mercante,2,exact_name
0000-0003-3084-2543,Clement Merckling,0000-0003-3084-2543,Clement Merckling,2,exact_name
viphretuo-mere,Viphretuo Mere,,Viphretuo Mere,5,exact_name
maryna-l-meretska,Maryna L. Meretska,,Maryna L. Meretska,1,
adrian-mertens,Adrian Mertens,,A. Mertens;Adrian Mertens,6,compatible_name+shared_org;exact_name
0000-0002-7849-9644,Andreas Messner,0000-0002-7849-9644,A. Messner;Andreas Messner,3,exact_name;orcid
lennart-meyer,Lennart Meyer,,Lennart Meyer,1,
qingjiao-mi,Qingjiao Mi,,Qingjiao Mi,1,
alexey-milenin,Alexey Milenin,,Alexey Milenin,1,
cyriel-minkenberg,Cyriel Minkenberg,,Cyriel Minkenberg,3,exact_name
taichi-misawa,Taichi Misawa,,Taichi Misawa,1,
mario-miscuglio,Mario Miscuglio,,Mario Miscuglio,2,exact_name
0000-0001-6263-4250,Vaidotas Mišeikis,0000-0001-6263-4250,Vaidotas Mišeikis,1,
takuya-mitarai,Takuya Mitarai,,Takuya Mitarai,1,
matthew-mitchell,Matthew Mitchell,,Matthew Mitchell,1,
yutaka-miyamoto,Yutaka Miyamoto,,Yutaka Miyamoto,1,
0009-0007-9307-0532,Hiroki Miyano,0009-0007-9307-0532,Hiroki Miyano,1,
0000-0003-1309-1418,Yuto Miyatake,0000-0003-1309-1418,Yuto Miyatake,1,
m-moehrle,M. Moehrle,,M. Moehrle,1,
0000-0003-0945-2786,Arno Moerman,0000-0003-0945-2786,A. Moerman;Arno Moerman,5,exact_name;orcid
aseema-mohanty,Aseema Mohanty,,Aseema Mohanty,1,
0000-0003-3483-4700,Charles Möhl,0000-0003-3483-4700,Charles Möhl,2,orcid
alberto-montanaro,Alberto Montanaro,,A. Montanaro;Alberto Montanaro,3,compatible_name+shared_org;exact_name
0009-0001-4067-286X,Nick Montifiore,0009-0001-4067-286X,Nick Montifiore,1,
0000-0001-9864-2367,Shayan Mookherjea,0000-0001-9864-2367,Shayan Mookherjea,6,exact_name;orcid
0000-0002-0930-4604,David Moor,0000-0002-0930-4604,D. Moor;David Moor,4,orcid
0000-0001-7977-492X,Hesam Moradinejad,0000-0001-7977-492X,Hesam Moradinejad,1,
mohammad-kazem-moravvejfarshi,Mohammad Kazem Moravvej-Farshi,,Mohammad Kazem Moravvej-Farshi,1,
takaya-morikawa,Takaya Morikawa,,Takaya Morikawa,1,
theodore-morin,Theodore Morin,,Theodore Morin,1,
yoshimichi-morita,Yoshimichi Morita,,Yoshimichi Morita,1,
john-mudrick,John Mudrick,,John Mudrick,1,
j-e-muench,J. E. Muench,,J. E. Muench,1,
bob-mulfinger,Bob Mulfinger,,Bob Mulfinger,2,exact_name
kevin-k-s-multani,Kevin K. S. Multani,,Kevin K. S. Multani,2,exact_name
narek-muradyan,Narek Muradyan,,Narek Muradyan,1,
0000-0002-0990-7384,Toshiya Murai,0000-0002-0990-7384,Toshiya Murai,1,
codey-nacke,Codey Nacke,,Codey Nacke,1,
munehiko-nagatani,Munehiko Nagatani,,Munehiko Nagatani,1,
fumihiro-nakajima,Fumihiro Nakajima,,Fumihiro Nakajima,1,
0000-0003-1145-8036,Masanori Nakamura,0000-0003-1145-8036,Masanori Nakamura,1,
0000-0002-2713-9542,Yoshiaki Nakano,0000-0002-2713-9542,Yoshiaki Nakano,1,
sree-h-nandam,Sree H. Nandam,,Sree H. Nandam,1,
emilio-a-nanni,Emilio A. Nanni,,Emilio A. Nanni,1,
leonard-barboza-navarro,Leonard Barboza Navarro,,Leonard Barboza Navarro,1,
hideyuki-nawata,Hideyuki Nawata,,Hideyuki Nawata,1,
0000-0003-4303-3294,Sean P. Nelan,0000-0003-4303-3294,Sean P. Nelan,2,orcid
0009-0004-4823-5500,Patrick Nenezic,0009-0004-4823-5500,Patrick Nenezic,4,exact_name
wing-chau-ng,Wing Chau Ng,,Wing Chau Ng,1,
catherine-nguyen,Catherine Nguyen,,Catherine Nguyen,1,
0009-0003-9297-2156,Margot Niels,0009-0003-9297-2156,Margot Niels,6,exact_name;orcid
aleksandar-nikic,Aleksandar Nikic,,Aleksandar Nikic,2,exact_name
nobuhiko-nishiyama,Nobuhiko Nishiyama,,Nobuhiko Nishiyama,2,exact_name
morten-nissov,Morten Nissov,,Morten Nissov,1,
shengpu-niu,Shengpu Niu,,Shengpu Niu,2,exact_name
behrouz-movahhed-nouri,Behrouz Movahhed Nouri,,Behrouz Movahhed Nouri,2,exact_name
ari-novack,Ari Novack,,Ari Novack,1,
nabila-nujhat,Nabila Nujhat,,Nabila Nujhat,1,
nobuhiro-nunoya,Nobuhiro Nunoya,,Nobuhiro Nunoya,1,
0000-0002-5921-6928,Thomas Nuytten,0000-0002-5921-6928,Thomas Nuytten,1,
andrew-w-nyholm,Andrew W. Nyholm,,Andrew W. Nyholm,1,
hideki-oe,Hideki Oe,,Hideki Oe,1,
0000-0002-5466-6989,Yoshihiro Ogiso,0000-0002-5466-6989,Y. Ogiso;Yoshihiro Ogiso,3,compatible_name+shared_org;exact_name
nobuo-ohata,Nobuo Ohata,,Nobuo Ohata,1,
y-ohiso,Y. Ohiso,,Y. Ohiso,1,
makoto-okano,Makoto Okano,,Makoto Okano,1,
shinya-okuda,Shinya Okuda,,Shinya Okuda,2,exact_name
valeria-bonito-oliva,Valeria Bonito Oliva,,Valeria Bonito Oliva,1,
antonis-olziersky,Antonis Olziersky,,Antonis Olziersky,1,
ryohei-omori,Ryohei Omori,,Ryohei Omori,1,
akihito-ono,Akihito Ono,,Akihito Ono,1,
ehsan-ordouie,Ehsan Ordouie,,Ehsan Ordouie,1,
bradley-orner,Bradley Orner,,Bradley Orner,1,
yevhenii-osadchuk,Yevhenii Osadchuk,,Yevhenii Osadchuk,1,
juro-oshima,Juro Oshima,,Juro Oshima,1,
marcus-ossiander,Marcus Ossiander,,Marcus Ossiander,1,
0000-0002-8737-9142,P. Ossieur,0000-0002-8737-9142,P. Ossieur,1,
armands-ostrovskis,Armands Ostrovskis,,Armands Ostrovskis,1,
masashi-ota,Masashi Ota,,Masashi Ota,1,
0009-0005-2897-862X,Akira Otomo,0009-0005-2897-862X,Akira Otomo,1,
shaoyuan-ou,Shaoyuan Ou,,Shaoyuan Ou,1,
0000-0002-0316-9958,Xin Ou,0000-0002-0316-9958,Xin Ou,4,exact_name;orcid
josuke-ozaki,Josuke Ozaki,,J. Ozaki;Josuke Ozaki,3,compatible_name+shared_org;exact_name
masaaki-ozawa,Masa-aki Ozawa,,Masa-aki Ozawa,1,
elif-ozceri,Elif Ozceri,,Elif Ozceri,1,
c-ozdemir,C. Ozdemir,,C. Ozdemir,1,
oskars-ozolins,Oskars Ozolins,,Oskars Ozolins,2,exact_name
andrea-paganini,Andrea Paganini,,Andrea Paganini,1,
oskar-painter,Oskar Painter,,Oskar Painter,1,
samuel-palermo,Samuel Palermo,,Samuel Palermo,1,
an-pan,An Pan,,An Pan,3,exact_name+shared_org+shared_coauthor
b-pan,B. Pan,,B. Pan,2,exact_name+shared_org+shared_coauthor
bingcheng-pan,Bingcheng Pan,,Bingcheng Pan,2,exact_name+shared_org+shared_coauthor
kaiyan-pan,Kaiyan Pan,,Kaiyan Pan,1,
0000-0003-2620-7272,Shilong Pan,0000-0003-2620-7272,Shilong Pan,1,
wei-pan,Wei Pan,,Wei Pan,1,
xiaoqing-pan,Xiaoqing Pan,,Xiaoqing Pan,1,
ying-pan,Ying Pan,,Ying Pan,1,
yuri-v-panfilov,Yuri V. Panfilov,,Yuri V. Panfilov,1,
xiaodan-pang,Xiaodan Pang,,Xiaodan Pang,1,
marianna-pantouvaki,Marianna Pantouvaki,,Marianna Pantouvaki,1,
athina-papadopoulou,Athina Papadopoulou,,Athina Papadopoulou,2,exact_name
chibeom-park,Chibeom Park,,Chibeom Park,1,
jaepil-park,Jaepil Park,,Jaepil Park,1,
0000-0002-0511-1442,Jiwoong Park,0000-0002-0511-1442,Jiwoong Park,1,
yongchan-park,Yongchan Park,,Yongchan Park,1,
shawn-parker,Shawn Parker,,Shawn Parker,1,
chirag-patel,Chirag Patel,,Chirag Patel,2,exact_name+shared_org+shared_coauthor
david-patel,David Patel,,David Patel,1,
chandraman-patil,Chandraman Patil,,Chandraman Patil,1,
cory-pecinovsky,Cory Pecinovsky,,Cory Pecinovsky,5,exact_name
anna-peczek,Anna Peczek,,Anna Peczek,1,
francois-pelletier,François Pelletier,,François Pelletier,1,
0000-0002-0200-0798,Chao Peng,0000-0002-0200-0798,Chao Peng,1,
chingwei-peng,Ching-Wei Peng,,Ching-Wei Peng,1,
shusheng-peng,Shusheng Peng,,Shusheng Peng,1,
yiwei-peng,Yiwei Peng,,Yiwei Peng,1,
wolfram-h-p-pernice,Wolfram H. P. Pernice,,Wolfram H. P. Pernice,1,
jonathan-peters,Jonathan Peters,,Jonathan Peters,1,
ioannis-petrides,Ioannis Petrides,,Ioannis Petrides,1,
frederic-peyskens,Frédéric Peyskens,,Frédéric Peyskens,1,
0000-0003-4289-907X,Sergio Pezzini,0000-0003-4289-907X,Sergio Pezzini,1,
trong-phan,Trong Phan,,Trong Phan,1,
ian-reed-philippi,Ian Reed Philippi,,Ian Reed Philippi,1,
paolo-pintus,Paolo Pintus,,Paolo Pintus,1,
fabio-pittala,Fabio Pittalà,,Fabio Pittalà,1,
0009-0007-5746-8244,Oliver Pitz,0009-0007-5746-8244,Oliver Pitz,1,
david-v-plant,David V. Plant,,David V. Plant,6,exact_name
0000-0002-8374-1466,Stijn Poelman,0000-0002-8374-1466,S. Poelman;Stijn Poelman,2,compatible_name+shared_org
victor-i-polozov,Victor I. Polozov,,Victor I. Polozov,1,
andrew-t-pomerene,Andrew T. Pomerene,,Andrew Pomerene;Andrew T. Pomerene,3,compatible_name+shared_org+shared_coauthor
joyce-k-s-poon,Joyce K. S. Poon,,Joyce K. S. Poon,1,
youri-popoff,Youri Popoff,,Youri Popoff,1,
s-porto,S. Porto,,S. Porto,1,
agham-posadas,Agham Posadas,,Agham Posadas,1,
keith-powell,Keith Powell,,Keith Powell,2,exact_name
ravi-pradip,Ravi Pradip,,Ravi Pradip,1,
dennis-w-prather,Dennis W. Prather,,Dennis W. Prather,2,exact_name
itamar-priel,Itamar Priel,,Itamar Priel,1,
ivan-prieto,Iván Prieto,,Iván Prieto,1,
maximilian-protte,Maximilian Protte,,Maximilian Protte,1,
0009-0008-6204-2042,Eleni Prountzou,0009-0008-6204-2042,Eleni Prountzou,2,exact_name
michael-pushkarsky,Michael Pushkarsky,,Michael Pushkarsky,1,
hongxin-qi,Hongxin Qi,,Hongxin Qi,2,exact_name
jia-qi,Jia Qi,,Jia Qi,2,exact_name
lu-qi,Lu Qi,,Lu Qi,1,
0000-0001-7395-8453,Luo Qi,0000-0001-7395-8453,Luo Qi,1,
nan-qi,Nan Qi,,Nan Qi,1,
yifan-qi,Yifan Qi,,Yifan Qi,1,
zhongliang-qiao,Zhongliang Qiao,,Zhongliang Qiao,1,
0000-0002-8168-5034,Jun Qin,0000-0002-8168-5034,Jun Qin,1,
benton-qiu,Benton Qiu,,Benton Qiu,4,exact_name
feng-qiu,Feng Qiu,,Feng Qiu,1,
jing-qiu,Jing Qiu,,Jing Qiu,1,
lun-qu,Lun Qu,,Lun Qu,1,
zhicheng-qu,Zhicheng Qu,,Zhicheng Qu,1,
viktor-quiring,Viktor Quiring,,Viktor Quiring,1,
anjali-a-r,Anjali A R,,Anjali A R,1,
arif-rahman,Arif Rahman,,Arif Rahman,2,exact_name
shima-rajabali,Shima Rajabali,,Shima Rajabali,1,
natarajan-rajasekaran,Natarajan Rajasekaran,,Natarajan Rajasekaran,1,
g-vasudevan-rajeswari,G. Vasudevan Rajeswari,,G. Vasudevan Rajeswari,1,
michal-rakowski,Michal Rakowski,,Michal Rakowski,2,exact_name
g-ramann,G. Ramann,,G. Ramann,1,
lora-ramunno,Lora Ramunno,,Lora Ramunno,1,
sebastian-randel,Sebastian Randel,,S. Randel;Sebastian Randel,10,compatible_name+shared_org;exact_name
gabriel-rebeiz,Gabriel Rebeiz,,Gabriel Rebeiz,1,
graham-t-reed,Graham T. Reed,,G. T. Reed;Graham T. Reed,2,compatible_name+shared_org
0000-0002-5223-5480,Tom Reep,0000-0002-5223-5480,Tom Reep,1,
0000-0002-8038-7561,Christian Reimer,0000-0002-8038-7561,Christian Reimer,3,exact_name
mengxin-ren,Mengxin Ren,,Mengxin Ren,1,
xinyi-ren,Xinyi Ren,,Xinyi Ren,1,
yangming-ren,Yangming Ren,,Yangming Ren,3,exact_name+shared_org+shared_coauthor
yekai-ren,Yekai Ren,,Yekai Ren,1,
yujie-ren,Yujie Ren,,Yujie Ren,1,
yuxuan-ren,Yuxuan Ren,,Yuxuan Ren,1,
0000-0002-7709-9606,Dylan Renaud,0000-0002-7709-9606,Dylan Renaud,3,exact_name
raimund-ricken,Raimund Ricken,,Raimund Ricken,1,
0009-0000-0721-8940,Annina Riedhauser,0009-0000-0721-8940,Annina Riedhauser,2,exact_name
0000-0002-3468-6501,Johann Riemensberger,0000-0002-3468-6501,Johann Riemensberger,3,orcid
matt-robbins,Matt Robbins,,Matt Robbins,1,
roberto-rodes,Roberto Rodes,,Roberto Rodes,2,exact_name
ilya-a-rodionov,Ilya A. Rodionov,,Ilya A. Rodionov,1,
0000-0002-4667-5092,Günther Roelkens,0000-0002-4667-5092,G. Roelkens;Gunther Roelkens;Günther Roelkens,5,exact_name;orcid
marco-romagnoli,Marco Romagnoli,,M. Romagnoli;Marco Romagnoli,3,compatible_name+shared_org;exact_name
julius-romer,Julius Römer,,Julius Römer,1,
0000-0003-1064-3395,Haisheng Rong,0000-0003-1064-3395,Haisheng Rong,1,
marina-a-roquet,Marina A. Roquet,,Marina A. Roquet,1,
francesco-da-ros,Francesco Da Ros,,Francesco Da Ros,1,
0009-0001-8195-6172,Aiden Ross,0009-0001-8195-6172,Aiden Ross,1,
xavier-rottenberg,Xavier Rottenberg,,Xavier Rottenberg,1,
ziliang-ruan,Ziliang Ruan,,Ziliang Ruan,9,exact_name
ryan-q-rudy,Ryan Q. Rudy,,Ryan Q. Rudy,1,
a-rundquist,A. Rundquist,,A. Rundquist,1,
patrick-runge,Patrick Runge,,P. Runge;Patrick Runge,2,compatible_name+shared_org
a-ruocco,A. Ruocco,,A. Ruocco,1,
0000-0002-3888-3596,Leslie A. Rusch,0000-0002-3888-3596,Leslie A. Rusch,2,exact_name
ilya-a-ryzhikov,Ilya A. Ryzhikov,,Ilya A. Ryzhikov,1,
0009-0003-3233-5147,Alessandra Sabatti,0009-0003-3233-5147,Alessandra Sabatti,1,
0000-0002-6376-7220,Deividas Sabonis,0000-0002-6376-7220,Deividas Sabonis,1,
wesley-d-sacher,Wesley D. Sacher,,Wesley D. Sacher,1,
arman-safarnejadian,Arman Safarnejadian,,Arman Safarnejadian,1,
0000-0001-6176-1274,Amir H. Safavi-Naeini,0000-0001-6176-1274,Amir H Safavi-Naeini;Amir H. Safavi-Naeini;Amir Safavi-Naeini,4,compatible_name+shared_org;orcid
kosuke-saito,Kosuke Saito,,Kosuke Saito,1,
yusuke-saito,Yusuke Saito,,Yusuke Saito,1,
s-sakpal,S. Sakpal,,S. Sakpal,1,
hiroya-sakumoto,Hiroya Sakumoto,,Hiroya Sakumoto,1,
f-sang,F. Sang,,F. Sang,1,
0000-0003-3570-7391,Christopher J. Sarabalis,0000-0003-3570-7391,Christopher J. Sarabalis,1,
0000-0003-4084-7532,Himirkanti Sarkar,0000-0003-4084-7532,Himirkanti Sarkar,1,
0000-0001-6812-1747,Saugata Sarker,0000-0001-6812-1747,Saugata Sarker,1,
0000-0002-8820-1143,Suchismita Sarker,0000-0002-8820-1143,Suchismita Sarker,1,
0000-0002-0971-8452,Sidra Sarwar,0000-0002-0971-8452,S. Sarwar;Sidra Sarwar,5,compatible_name+shared_org;exact_name
sandeep-seema-saseendran,Sandeep Seema Saseendran,,Sandeep Saseendran;Sandeep Seema Saseendran,4,compatible_name+shared_org;exact_name
0000-0002-0443-9497,Hiromu Sato,0000-0002-0443-9497,Hiromu Sato,2,exact_name
tomonari-sato,Tomonari Sato,,Tomonari Sato,1,
hamed-sattari,Hamed Sattari,,Hamed Sattari,1,
pavel-savechenkov,Pavel Savechenkov,,Pavel Savechenkov,2,exact_name
0000-0002-5080-917X,Vishal Saxena,0000-0002-5080-917X,Vishal Saxena,2,exact_name
ayed-al-sayem,Ayed Al Sayem,,Ayed Al Sayem,4,exact_name
richard-schatz,Richard Schatz,,Richard Schatz,1,
martin-schell,Martin Schell,,M. Schell;Martin Schell,3,compatible_name+shared_org;exact_name
0000-0003-2493-6113,Darrell G. Schlom,0000-0003-2493-6113,Darrell G. Schlom,1,
rolf-schmid,Rolf Schmid,,Rolf Schmid,1,
colja-schubert,Colja Schubert,,Colja Schubert,1,
craig-schulz,Craig Schulz,,Craig Schulz,1,
0000-0002-3029-6426,Adrian Schwarzenberger,0000-0002-3029-6426,A. Schwarzenberger;Adrian Schwarzenberger,11,compatible_name+shared_org;exact_name
0000-0003-1050-3114,Giovanni Scuri,0000-0003-1050-3114,Giovanni Scuri,1,
0000-0002-1084-4640,Paul Seidler,0000-0002-1084-4640,Paul Seidler,2,orcid
naoki-sekine,Naoki Sekine,,Naoki Sekine,1,
minkyo-seo,Min-Kyo Seo,,Min-Kyo Seo,1,
0000-0001-9923-0903,Stefanie Sergeant,0000-0001-9923-0903,Stefanie Sergeant,1,
evgeny-s-sergeev,Evgeny S. Sergeev,,Evgeny S. Sergeev,1,
masoud-shabaninezhad,Masoud Shabaninezhad,,Masoud Shabaninezhad,1,
vladimir-shadymov,Vladimir Shadymov,,Vladimir Shadymov,1,
0000-0002-9641-2493,Eliezer Shahid,0000-0002-9641-2493,Eliezer Shahid,2,orcid
shahriar-shahramian,Shahriar Shahramian,,Shahriar Shahramian,1,
0000-0002-2165-7832,Amirhassan Shams-Ansari,0000-0002-2165-7832,Amirhassan Shams-Ansari,5,exact_name;orcid
chenglin-shang,Chenglin Shang,,Chenglin Shang,3,exact_name
0009-0006-0884-9596,Minghao Shang,0009-0006-0884-9596,Minghao Shang,1,
0000-0002-0615-7848,Linbo Shao,0000-0002-0615-7848,Linbo Shao,3,orcid
s-sharma,S. Sharma,,S. Sharma,1,
farshid-shateri,Farshid Shateri,,Farshid Shateri,1,
0000-0002-1138-6442,Md Jubayer Shawon,0000-0002-1138-6442,Md Jubayer Shawon,2,exact_name
h-shekhar,H. Shekhar,,H. Shekhar,1,
0000-0003-0383-1929,Sudip Shekhar,0000-0003-0383-1929,Sudip Shekhar,4,exact_name
bitao-shen,Bitao Shen,,Bitao Shen,1,
boqiang-shen,Boqiang Shen,,Boqiang Shen,1,
0000-0001-7590-8839,Jian Shen,0000-0001-7590-8839,Jian Shen,2,exact_name+shared_org+shared_coauthor
0000-0001-7502-3643,Li Shen,0000-0001-7502-3643,Li Shen,1,
mohan-shen,Mohan Shen,,Mohan Shen,1,
0000-0001-9949-7843,Weihong Shen,0000-0001-9949-7843,Weihong Shen,1,
yang-shen,Yang Shen,,Yang Shen,1,
a-sherifaj,A. Sherifaj,,A. Sherifaj,1,
0000-0002-5478-3704,Jianyang Shi,0000-0002-5478-3704,Jianyang Shi,1,
jinze-shi,Jinze Shi,,Jinze Shi,2,exact_name
shouyuan-shi,Shouyuan Shi,,Shouyuan Shi,2,exact_name
0000-0001-5781-9912,Wei Shi,0000-0001-5781-9912,Wei Shi,2,exact_name
yaocheng-shi,Yaocheng Shi,,Yaocheng Shi,2,exact_name
zhimin-shi,Zhimin Shi,,Zhimin Shi,1,
euijae-shim,Euijae Shim,,Euijae Shim,1,
masaaki-shimada,Masaaki Shimada,,Masaaki Shimada,1,
ryo-shimizu,Ryo Shimizu,,Ryo Shimizu,1,
s-m-shinde,S. M. Shinde,,S. M. Shinde,1,
mizuki-shirao,Mizuki Shirao,,Mizuki Shirao,2,exact_name
daisei-shoji,Daisei Shoji,,Daisei Shoji,1,
benjamin-a-shopp,Benjamin A. Shopp,,Benjamin A. Shopp;Benjamin Shopp,2,compatible_name+shared_org+shared_coauthor
0000-0002-5429-8661,Haowen Shu,0000-0002-5429-8661,Haowen Shu,1,
0000-0002-8750-8581,Kam-Man Shum,0000-0002-8750-8581,Kam-Man Shum,2,exact_name
jia-xu-brian-sia,Jia Xu Brian Sia,,Jia Xu Brian Sia,1,
jason-w-sickler,Jason W. Sickler,,Jason Sickler;Jason W. Sickler,2,compatible_name+shared_org+shared_coauthor
0000-0003-4066-7304,Anat Siddharth,0000-0003-4066-7304,Anat Siddharth,1,
heinz-siegwart,Heinz Siegwart,,Heinz Siegwart,1,
a-sigmund,A. Sigmund,,A. Sigmund,1,
christine-silberhorn,Christine Silberhorn,,Christine Silberhorn,1,
neil-sinclair,Neil Sinclair,,Neil Sinclair,5,exact_name
0009-0005-7104-3096,Stefan Singer,0009-0005-7104-3096,S. Singer;Stefan Singer,5,compatible_name+shared_org;exact_name
n-singh,N. Singh,,N. Singh,2,exact_name+shared_org+shared_coauthor
neha-singh,Neha Singh,,Neha Singh,1,
0000-0003-0609-1145,Nishant Singh,0000-0003-0609-1145,N. Singh;Nishant Singh,4,exact_name+shared_org+shared_coauthor;orcid
0009-0002-5751-9906,Masis Sirim,0009-0002-5751-9906,Masis Sirim,1,
alexander-sludds,Alexander Sludds,,Alexander Sludds,1,
viacheslav-snigirev,Viacheslav Snigirev,,Viacheslav Snigirev,1,
yohei-sobu,Yohei Sobu,,Yohei Sobu,2,exact_name
moe-soltani,Moe Soltani,,Moe Soltani,1,
0000-0002-9960-9937,Go Soma,0000-0002-9960-9937,Go Soma,3,exact_name;orcid
bowen-song,Bowen Song,,Bowen Song,1,
jinwen-song,Jinwen Song,,Jinwen Song,1,
lijia-song,Lijia Song,,Lijia Song,2,exact_name+shared_org+shared_coauthor
lvbin-song,Lvbin Song,,Lvbin Song,1,
xiaolu-song,Xiaolu Song,,Xiaolu Song,1,
yunpeng-song,Yunpeng Song,,Yunpeng Song,1,
massimo-sorbara,Massimo Sorbara,,Massimo Sorbara,1,
volker-j-sorger,Volker J. Sorger,,Volker J. Sorger,2,exact_name
vito-sorianello,Vito Sorianello,,V. Sorianello;Vito Sorianello,3,compatible_name+shared_org;exact_name
olga-s-sorokina,Olga S. Sorokina,,Olga S. Sorokina,1,
0000-0001-7575-8885,Dylan Sotir,0000-0001-7575-8885,Dylan Sotir,1,
oney-soykal,Öney Soykal,,Öney Soykal,1,
ryan-sporer,Ryan Sporer,,Ryan Sporer,1,
andrew-m-spring,Andrew M. Spring,,Andrew M. Spring,1,
jeremy-staffa,Jeremy Staffa,,Jeremy Staffa,1,
teodor-stanev,Teodor Stanev,,Teodor Stanev,2,exact_name
andrew-l-starbuck,Andrew L. Starbuck,,Andrew L. Starbuck;Andrew Starbuck,3,compatible_name+shared_org+shared_coauthor
0000-0002-7389-5592,Pascal Stark,0000-0002-7389-5592,Pascal Stark,2,exact_name
charles-starnault,Charles St-Arnault,,Charles St-Arnault,4,exact_name
0000-0001-9645-1807,Daniel Steckler,0000-0001-9645-1807,Daniel Steckler,1,
brian-stern,Brian Stern,,Brian Stern,1,
0000-0002-2734-7819,Vladimir A. Stoica,0000-0002-2734-7819,Vladimir A. Stoica,1,
0000-0001-6416-9639,Hubert S. Stokowski,0000-0001-6416-9639,Hubert S. Stokowski,1,
john-n-straguzzi,John N. Straguzzi,,John N. Straguzzi,1,
matthew-streshinsky,Matthew Streshinsky,,Matthew Streshinsky,1,
andy-stricker,Andy Stricker,,Andy Stricker,1,
ming-su,Ming Su,,Ming Su,1,
wenqu-su,Wenqu Su,,Wenqu Su,1,
0000-0003-2520-4475,Xinzhou Su,0000-0003-2520-4475,Xinzhou Su,1,
0000-0002-1526-8187,Yikai Su,0000-0002-1526-8187,Yikai Su,4,exact_name+shared_org;exact_name+shared_org+shared_coauthor;orcid
0000-0001-7661-9596,Albert Suceava,0000-0001-7661-9596,Albert Suceava,1,
kenta-sugawara,Kenta Sugawara,,Kenta Sugawara,1,
kenta-sugiura,Kenta Sugiura,,Kenta Sugiura,1,
0000-0002-2720-5546,Kei Sumita,0000-0002-2720-5546,Kei Sumita,1,
aolong-sun,Aolong Sun,,Aolong Sun,1,
changzheng-sun,Changzheng Sun,,Changzheng Sun,3,exact_name+shared_org+shared_coauthor
conglin-sun,Conglin Sun,,Conglin Sun,1,
0000-0001-5835-1354,DeGui Sun,0000-0001-5835-1354,DeGui Sun,1,
haozhe-sun,Haozhe Sun,,Haozhe Sun,1,
jiale-sun,Jiale Sun,,Jiale Sun,2,exact_name+shared_org+shared_coauthor
lu-sun,Lu Sun,,Lu Sun,1,
na-sun,Na Sun,,Na Sun,1,
peng-sun,Peng Sun,,Peng Sun,1,
shihao-sun,Shihao Sun,,Shihao Sun,1,
wenzhao-sun,Wenzhao Sun,,Wenzhao Sun,1,
zhongpeng-sun,Zhongpeng Sun,,Zhongpeng Sun,1,
mohammad-amin-tadayon,Mohammad Amin Tadayon,,Mohammad Amin Tadayon,1,
0000-0002-2955-9209,Iman Taghavi,0000-0002-2955-9209,Iman Taghavi,4,exact_name;orcid
kazumasa-takabayashi,Kazumasa Takabayashi,,Kazumasa Takabayashi,1,
kan-takada,Kan Takada,,Kan Takada,1,
0000-0002-5601-2604,Shinichi Takagi,0000-0002-5601-2604,Shinichi Takagi,3,exact_name
shingo-takano,Shingo Takano,,Shingo Takano,1,
0000-0002-9852-1474,Mitsuru Takenaka,0000-0002-9852-1474,Mitsuru Takenaka,3,exact_name;orcid
kazuma-taki,Kazuma Taki,,Kazuma Taki,1,
ullelinda-talts,Ülle-Linda Talts,,Ülle-Linda Talts,2,exact_name
w-q-tan,W. Q. Tan,,W. Q. Tan,2,exact_name
0000-0002-2009-8266,Ying Tan,0000-0002-2009-8266,Ying Tan,1,
hajime-tanaka,Hajime Tanaka,,Hajime Tanaka,1,
shinsuke-tanaka,Shinsuke Tanaka,,Shinsuke Tanaka,2,exact_name
0000-0002-6086-1510,Takuo Tanemura,0000-0002-6086-1510,Takuo Tanemura,4,exact_name
hanzhi-tang,Hanzhi Tang,,Hanzhi Tang,1,
0000-0001-5374-2137,Hong X. Tang,0000-0001-5374-2137,Hong X. Tang,1,
jin-tang,Jin Tang,,Jin Tang,1,
rui-tang,Rui Tang,,Rui Tang,1,
xuefeng-tang,Xuefeng Tang,,Xuefeng Tang,1,
hiromasa-tanobe,Hiromasa Tanobe,,H. Tanobe;Hiromasa Tanobe,2,compatible_name+shared_org
0000-0001-7205-3003,Ryota Tanomura,0000-0001-7205-3003,Ryota Tanomura,1,
yuansheng-tao,Yuansheng Tao,,Yuansheng Tao,2,exact_name
anna-tatarczak,Anna Tatarczak,,Anna Tatarczak,1,
alaric-tate,Alaric Tate,,Alaric Tate,4,exact_name
phoebe-m-tengdin,Phoebe M. Tengdin,,Phoebe M. Tengdin,1,
k-b-k-teo,K. B. K. Teo,,K. B. K. Teo,1,
ting-yu-teo,Ting Yu Teo,,Ting Yu Teo,1,
kenichi-terao,Kenichi Terao,,Kenichi Terao,1,
m-theurer,M. Theurer,,M. Theurer,1,
0000-0003-0663-5587,Frederik Thiele,0000-0003-0663-5587,Frederik Thiele,1,
philipp-thomas,Philipp Thomas,,Philipp Thomas,1,
robert-thomas,Robert Thomas,,Robert Thomas,1,
0000-0003-2545-1468,Martin Thomaschewski,0000-0003-2545-1468,Martin Thomaschewski,1,
0000-0002-2865-9558,Mark G. Thompson,0000-0002-2865-9558,Mark G. Thompson,1,
0000-0003-0111-431X,Dries Van Thourhout,0000-0003-0111-431X,Dries Van Thourhout,2,exact_name
0000-0003-3852-3395,Prachi Thureja,0000-0003-3852-3395,Prachi Thureja,1,
xiaodong-tian,Xiaodong Tian,,Xiaodong Tian,1,
yonghui-tian,Yonghui Tian,,Yonghui Tian,2,exact_name+shared_org+shared_coauthor
matteo-tiberi,Matteo Tiberi,,M. Tiberi;Matteo Tiberi,2,compatible_name+shared_org
janet-tinkler,Janet Tinkler,,Janet Tinkler,1,
jason-tischler,Jason Tischler,,Jason Tischler,1,
l-tobing,L. Tobing,,L. Tobing,2,exact_name
alexander-tofini,Alexander Tofini,,Alexander Tofini,2,exact_name
yeyu-tong,Yeyu Tong,,Yeyu Tong,1,
0000-0003-4206-8698,Kasidit Toprasertpong,0000-0003-4206-8698,Kasidit Toprasertpong,3,exact_name;orcid
0000-0003-1817-5370,G. Torfs,0000-0003-1817-5370,G. Torfs,1,
kazuki-torii,Kazuki Torii,,Kazuki Torii,1,
minh-tran,Minh Tran,,Minh Tran,1,
son-tran,Son Tran,,Son Tran,1,
y-tran,Y. Tran,,Y. Tran,1,
0000-0002-0240-0257,Morgan Trassin,0000-0002-0240-0257,Morgan Trassin,1,
douglas-c-trotter,Douglas C. Trotter,,Douglas C. Trotter;Douglas Trotter,4,compatible_name+shared_org+shared_coauthor;exact_name
hannhuei-tsai,Hann-Huei Tsai,,Hann-Huei Tsai,1,
0009-0002-7617-5686,Yusuke Tsubai,0009-0002-7617-5686,Yusuke Tsubai,2,exact_name
tai-tsuchizawa,Tai Tsuchizawa,,Tai Tsuchizawa,2,exact_name
toshiya-tsuji,Toshiya Tsuji,,Toshiya Tsuji,1,
moshe-tur,Moshe Tur,,Moshe Tur,1,
p-turla,P. Turla,,P. Turla,1,
asami-uchiyama,Asami Uchiyama,,Asami Uchiyama,2,exact_name
shiekh-zia-uddin,Shiekh Zia Uddin,,Shiekh Zia Uddin,3,exact_name
0000-0003-0978-5126,Yuta Ueda,0000-0003-0978-5126,Yuta Ueda,1,
futa-uemura,Futa Uemura,,Futa Uemura,1,
0000-0002-7767-6039,Anja Ulrich,0000-0002-7767-6039,Anja Ulrich,2,exact_name
0000-0001-5223-953X,Sandeep Ummethala,0000-0001-5223-953X,Sandeep Ummethala,1,
sarah-uvin,Sarah Uvin,,Sarah Uvin,2,exact_name
ali-uzun,Ali Uzun,,Ali Uzun,1,
0000-0001-8224-4380,Forrest Valdez,0000-0001-8224-4380,Forrest Valdez,5,exact_name;orcid
gareth-valentine,Gareth Valentine,,Gareth Valentine,1,
l-valenziano,L. Valenziano,,L. Valenziano,1,
jeanmichel-vallee,Jean-Michel Vallée,,Jean-Michel Vallée,1,
0000-0003-4692-9467,Tom Vanackere,0000-0003-4692-9467,T. Vanackere;Tom Vanackere,6,exact_name;orcid
0000-0002-5639-9300,Tom Vandekerckhove,0000-0002-5639-9300,T. Vandekerckhove;Tom Vandekerckhove,2,orcid
kevin-vandersmissen,Kevin Vandersmissen,,Kevin Vandersmissen,1,
akhil-varri,Akhil Varri,,Akhil Varri,1,
milad-gholipour-vazimali,Milad Gholipour Vazimali,,Milad Gholipour Vazimali,1,
vesselin-velev,Vesselin Velev,,Vesselin Velev,1,
n-venkataraman,N. Venkataraman,,N. Venkataraman,1,
peter-verheyen,Peter Verheyen,,Peter Verheyen,1,
luis-g-villanueva,Luis G. Villanueva,,Luis G. Villanueva,1,
gerardo-e-villarrealgarcia,Gerardo E. Villarreal-Garcia,,Gerardo E. Villarreal-Garcia,1,
0000-0002-5765-0552,Ewoud Vissers,0000-0002-5765-0552,Ewoud Vissers,3,exact_name
dashiell-l-p-vitullo,Dashiell L. P. Vitullo,,Dashiell L. P. Vitullo,1,
maria-carolina-volpato,Maria Carolina Volpato,,Maria Carolina Volpato,1,
0000-0002-4603-9686,Jelena Vučković,0000-0002-4603-9686,Jelena Vučković,1,
thorsten-wahlbrink,Thorsten Wahlbrink,,Thorsten Wahlbrink,1,
hitoshi-wakita,Hitoshi Wakita,,Hitoshi Wakita,1,
michael-wale,Michael Wale,,Michael Wale,1,
yangyang-wan,Yangyang Wan,,Yangyang Wan,1,
0000-0002-0553-498X,Alan X. Wang,0000-0002-0553-498X,Alan X. Wang,1,
aoxue-wang,Aoxue Wang,,Aoxue Wang,2,exact_name+shared_org+shared_coauthor
binhao-wang,Binhao Wang,,Binhao Wang,4,exact_name+shared_org+shared_coauthor
0000-0001-8088-1845,Bo Wang,0000-0001-8088-1845,Bo Wang,1,
changqing-wang,Changqing Wang,,Changqing Wang,1,
0000-0002-1939-1422,Cheng Wang,0000-0002-1939-1422,Cheng Wang,7,exact_name+shared_org+shared_coauthor;orcid
chengli-wang,Chengli Wang,,Chengli Wang,3,exact_name+shared_org+shared_coauthor
dong-wang,Dong Wang,,Dong Wang,1,
0000-0002-1465-8116,Feifan Wang,0000-0002-1465-8116,Feifan Wang,1,
haibo-wang,Haibo Wang,,Haibo Wang,1,
hao-wang,Hao Wang,,Hao Wang,1,
haohua-wang,Haohua Wang,,Haohua Wang,3,exact_name+shared_org+shared_coauthor
haoyu-wang,Haoyu Wang,,Haoyu Wang,1,
hong-wang,Hong Wang,,Hong Wang,1,
hongwei-wang,Hongwei Wang,,Hongwei Wang,3,exact_name+shared_coauthor;exact_name+shared_org+shared_coauthor
hua-wang,Hua Wang,,Hua Wang,2,exact_name+shared_org+shared_coauthor
jian-wang,Jian Wang,,Jian Wang,2,exact_name+shared_org+shared_coauthor
0000-0002-5796-5220,Jiawei Wang,0000-0002-5796-5220,Jiawei Wang,1,
jiawei-wang,Jiawei Wang,,Jiawei Wang,1,
jingbo-wang,Jingbo Wang,,Jingbo Wang,1,
jingyi-wang,Jingyi Wang,,Jingyi Wang,2,exact_name+shared_coauthor
lai-wang,Lai Wang,,Lai Wang,2,exact_name+shared_org+shared_coauthor
lei-wang,Lei Wang,,Lei Wang,1,
long-wang,Long Wang,,Long Wang,1,
0000-0002-2410-9495,Min Wang,0000-0002-2410-9495,Min Wang,2,exact_name+shared_org+shared_coauthor
qiansheng-wang,Qiansheng Wang,,Qiansheng Wang,1,
0000-0002-5704-3971,Rui Ning Wang,0000-0002-5704-3971,Rui Ning Wang,1,
rui-wang,Rui Wang,,Rui Wang,1,
shaowei-wang,Shaowei Wang,,Shaowei Wang,1,
sihao-wang,Sihao Wang,,Sihao Wang,1,
siyuan-wang,Siyuan Wang,,Siyuan Wang,1,
ting-wang,Ting Wang,,Ting Wang,1,
wanjun-wang,Wanjun Wang,,Wanjun Wang,1,
weisheng-wang,Weisheng Wang,,Weisheng Wang,1,
xi-wang,Xi Wang,,Xi Wang,1,
xiaoxi-wang,Xiaoxi Wang,,Xiaoxi Wang,2,exact_name+shared_org+shared_coauthor
0000-0001-8206-2544,Xingjun Wang,0000-0001-8206-2544,Xingjun Wang,1,
xu-wang,Xu Wang,,Xu Wang,2,exact_name+shared_org+shared_coauthor
xuanhao-wang,Xuanhao Wang,,Xuanhao Wang,2,exact_name+shared_org+shared_coauthor
y-p-wang,Y.-P. Wang,,Y.-P. Wang,1,
yimeng-wang,Yimeng Wang,,Yimeng Wang,1,
ying-wang,Ying Wang,,Ying Wang,1,
ying-wang-2,Ying Wang,,Ying Wang,1,
yunjie-wang,Yunjie Wang,,Yunjie Wang,1,
zhe-wang,Zhe Wang,,Zhe Wang,1,
0009-0005-4058-5458,Zhenzheng Wang,0009-0005-4058-5458,Zhenzheng Wang,2,exact_name+shared_org+shared_coauthor
zi-wang,Zi Wang,,Zi Wang,1,
zixi-wang,Zixi Wang,,Zixi Wang,1,
zong-wang,Zong Wang,,Zong Wang,2,exact_name+shared_org+shared_coauthor
moaz-waqar,Moaz Waqar,,Moaz Waqar,1,
kouhei-watanabe,Kouhei Watanabe,,Kouhei Watanabe,1,
tohma-watanabe,Tohma Watanabe,,Tohma Watanabe,1,
chikara-watatani,Chikara Watatani,,Chikara Watatani,1,
michael-r-watts,Michael R. Watts,,Michael R. Watts,1,
minerva-websterpact,Minerva Webster-Pact,,Minerva Webster-Pact,1,
erwan-weckenmann,Erwan Weckenmann,,Erwan Weckenmann,1,
jindian-wei,Jindian Wei,,Jindian Wei,1,
0000-0003-0558-5899,Helena C. Weigand,0000-0003-0558-5899,Helena C. Weigand,1,
peter-o-weigel,Peter O. Weigel,,Peter O. Weigel,1,
chao-wen,Chao Wen,,C. Wen;Chao Wen,2,compatible_name+shared_org
0000-0001-6804-9562,Wei-Chen Wen,0000-0001-6804-9562,Wei-Chen Wen,1,
xueqin-wen,Xueqin Wen,,Xueqin Wen,1,
zheng-wen,Zheng Wen,,Zheng Wen,1,
zongheng-weng,Zongheng Weng,,Zongheng Weng,1,
0000-0002-5387-310X,Alexander D. White,0000-0002-5387-310X,Alexander D. White,1,
christoph-wilhelm,Christoph Wilhelm,,C. Wilhelm;Christoph Wilhelm,2,compatible_name+shared_org
kevin-williams,Kevin Williams,,Kevin Williams,1,
0000-0002-7339-4376,Alan E. Willner,0000-0002-7339-4376,Alan E. Willner,1,
0009-0009-6376-1660,Joel Winiger,0009-0009-6376-1660,J. Winiger;Joel Winiger,3,compatible_name+shared_org;exact_name
0000-0002-5935-7982,Jeremy D Witmer,0000-0002-5935-7982,Jeremy D Witmer,1,
0009-0002-8250-4538,Donald Witt,0009-0002-8250-4538,Donald Witt,2,exact_name
dirk-wolansky,Dirk Wolansky,,Dirk Wolansky,1,
stefan-wolf,Stefan Wolf,,Stefan Wolf,1,
0000-0002-5764-8540,E. Alex Wollack,0000-0002-5764-8540,E. Alex Wollack,1,
franco-n-c-wong,Franco N. C. Wong,,Franco N. C. Wong,1,
helen-wong,Helen Wong,,Helen Wong,1,
chenghan-wu,Chenghan Wu,,Chenghan Wu,1,
guiling-wu,Guiling Wu,,Guiling Wu,1,
haoyuan-wu,Haoyuan Wu,,Haoyuan Wu,1,
lingfeng-wu,Lingfeng Wu,,Lingfeng Wu,1,
0000-0001-8012-0456,Rongbo Wu,0000-0001-8012-0456,Rongbo Wu,1,
siqi-wu,Siqi Wu,,Siqi Wu,1,
wei-wu,Wei Wu,,Wei Wu,1,
weilu-wu,Weilu Wu,,Weilu Wu,1,
xi-wu,Xi Wu,,Xi Wu,1,
xiaofeng-wu,Xiaofeng Wu,,Xiaofeng Wu,1,
yifan-wu,Yifan Wu,,Yifan Wu,1,
yongjun-wu,Yongjun Wu,,Yongjun Wu,1,
pieter-wuytens,Pieter Wuytens,,Pieter Wuytens,2,exact_name
0000-0002-9650-7839,Jinsong Xia,0000-0002-9650-7839,Jinsong Xia,3,exact_name;orcid
jinlong-xiang,Jinlong Xiang,,Jinlong Xiang,1,
0000-0003-3696-877X,Xi Xiao,0000-0003-3696-877X,Xi Xiao,4,exact_name+shared_org;exact_name+shared_org+shared_coauthor
yahui-xiao,Yahui Xiao,,Yahui Xiao,1,
0000-0002-8797-7871,Jiacheng Xie,0000-0002-8797-7871,Jiacheng Xie,1,
l-xie,L. Xie,,L. Xie,1,
xiangzhi-xie,Xiangzhi Xie,,Xiangzhi Xie,3,exact_name+shared_org+shared_coauthor
xiaojun-xie,Xiaojun Xie,,Xiaojun Xie,1,
0000-0002-9596-1407,C. J. Xin,0000-0002-9596-1407,C. J. Xin,3,exact_name
lei-xin,Lei Xin,,Lei Xin,1,
sizhe-xing,Sizhe Xing,,Sizhe Xing,2,exact_name
weichuan-xing,Weichuan Xing,,Weichuan Xing,1,
0000-0002-1015-4578,Bing Xiong,0000-0002-1015-4578,Bing Xiong,3,exact_name
0000-0002-2797-7343,Bo Xiong,0000-0002-2797-7343,Bo Xiong,2,exact_name
chenrui-xu,Chenrui Xu,,Chenrui Xu,1,
jack-xu,Jack Xu,,Jack Xu,1,
jian-xu,Jian Xu,,Jian Xu,1,
jingjun-xu,Jingjun Xu,,Jingjun Xu,1,
0000-0003-1935-8910,Ke Xu,0000-0003-1935-8910,Ke Xu,1,
0000-0001-6261-0347,Mengyue Xu,0000-0001-6261-0347,Mengyue Xu,3,exact_name+shared_org+shared_coauthor;orcid
mengyue-xu,Mengyue Xu,,Mengyue Xu,2,exact_name+shared_org+shared_coauthor
wenjia-xu,Wenjia Xu,,Wenjia Xu,1,
yichen-xu,Yichen Xu,,Yichen Xu,1,
yingdong-xu,Yingdong Xu,,Yingdong Xu,1,
yizhou-xu,Yizhou Xu,,Yizhou Xu,1,
yongsheng-xu,Yongsheng Xu,,Yongsheng Xu,1,
yuntao-xu,Yuntao Xu,,Yuntao Xu,1,
zengyi-xu,Zengyi Xu,,Zengyi Xu,1,
jintao-xue,Jintao Xue,,Jintao Xue,3,exact_name
shixin-xue,Shixin Xue,,Shixin Xue,2,exact_name
0009-0005-4055-714X,Xiaotian Xue,0009-0005-4055-714X,Xiaotian Xue,1,
hideki-yagi,Hideki Yagi,,Hideki Yagi,1,
0000-0002-8355-7060,Koji Yamada,0000-0002-8355-7060,Koji Yamada,3,exact_name
0000-0002-9503-171X,Toshiki Yamada,0000-0002-9503-171X,Toshiki Yamada,1,
yuya-yamaguchi,Yuya Yamaguchi,,Yuya Yamaguchi,1,
naokatsu-yamamoto,Naokatsu Yamamoto,,Naokatsu Yamamoto,1,
0000-0003-3701-7319,Noritsugu Yamamoto,0000-0003-3701-7319,Noritsugu Yamamoto,2,exact_name
yuji-yamamoto,Yuji Yamamoto,,Yuji Yamamoto,1,
0000-0001-9434-2957,Hiroshi Yamazaki,0000-0001-9434-2957,Hiroshi Yamazaki,1,
ding-yan,Ding Yan,,Ding Yan,1,
lianshan-yan,Lianshan Yan,,Lianshan Yan,1,
x-yan,X. Yan,,X. Yan,1,
fan-yang,Fan Yang,,Fan Yang,1,
fenghe-yang,Fenghe Yang,,Fenghe Yang,3,exact_name+shared_org;exact_name+shared_org+shared_coauthor
jingwei-yang,Jingwei Yang,,Jingwei Yang,2,exact_name+shared_org+shared_coauthor
wenchang-yang,Wenchang Yang,,Wenchang Yang,1,
0009-0003-5074-2731,Wenfeng Yang,0009-0003-5074-2731,Wenfeng Yang,1,
0000-0002-0025-5914,Yang Yang,0000-0002-0025-5914,Yang Yang,1,
yihao-yang,Yihao Yang,,Yihao Yang,2,exact_name+shared_org+shared_coauthor
0000-0002-3195-5569,Warakorn Yanwachirakul,0000-0002-3195-5569,Warakorn Yanwachirakul,1,
jianping-yao,Jianping Yao,,Jianping Yao,1,
peng-yao,Peng Yao,,Peng Yao,2,exact_name+shared_org+shared_coauthor
weiming-yao,Weiming Yao,,Weiming Yao,1,
yuan-yao,Yuan Yao,,Yuan Yao,1,
sahar-alasvand-yazdani,Sahar Alasvand Yazdani,,Sahar Alasvand Yazdani,1,
rui-ye,Rui Ye,,Rui Ye,1,
zhilin-ye,Zhilin Ye,,Zhilin Ye,1,
0000-0001-8711-6505,Matthew Yeh,0000-0001-8711-6505,Matthew Yeh,2,orcid
y-c-yeo,Y.-C. Yeo,,Y. C. Yeo;Y.-C. Yeo,2,exact_name
qiyuan-yi,Qiyuan Yi,,Qiyuan Yi,1,
jieun-yim,Jieun Yim,,Jieun Yim,1,
difeng-yin,Difeng Yin,,Difeng Yin,1,
guofeng-yin,Guofeng Yin,,Guofeng Yin,1,
0000-0002-9672-6652,Xin Yin,0000-0002-9672-6652,Xin Yin,1,
yuchen-yin,Yuchen Yin,,Yuchen Yin,1,
yuexin-yin,Yuexin Yin,,Yuexin Yin,1,
0009-0001-3745-0609,Yuhui Yin,0009-0001-3745-0609,Yuhui Yin,1,
0000-0002-0434-9950,Shiyoshi Yokoyama,0000-0002-0434-9950,Shiyoshi Yokoyama,4,exact_name;orcid
j-o-yoo,J. O. Yoo,,J. O. Yoo,2,exact_name
jeff-f-young,Jeff F. Young,,Jeff F. Young,1,
nathan-youngblood,Nathan Youngblood,,Nathan Youngblood,1,
kerolos-m-a-yousef,Kerolos M. A. Yousef,,Kerolos M. A. Yousef,1,
chengpin-yu,Chengpin Yu,,Chengpin Yu,1,
fengxin-yu,Fengxin Yu,,Fengxin Yu,3,exact_name+shared_org+shared_coauthor
haijiang-yu,Haijiang Yu,,Haijiang Yu,1,
han-yu,Han Yu,,Han Yu,2,exact_name+shared_org+shared_coauthor
hua-yu,Hua Yu,,Hua Yu,2,exact_name+shared_org+shared_coauthor
jiadong-yu,Jiadong Yu,,Jiadong Yu,1,
jianping-yu,Jianping Yu,,Jianping Yu,1,
0000-0002-7815-4195,Mengjie Yu,0000-0002-7815-4195,Mengjie Yu,3,exact_name+shared_org+shared_coauthor;orcid
0000-0003-1687-3597,Rong Yu,0000-0003-1687-3597,Rong Yu,1,
shaohua-yu,Shaohua Yu,,Shaohua Yu,3,exact_name+shared_org;exact_name+shared_org+shared_coauthor
siyuan-yu,Siyuan Yu,,Siyuan Yu,3,exact_name+shared_org+shared_coauthor
xianbin-yu,Xianbin Yu,,Xianbin Yu,1,
yalong-yu,Yalong Yu,,Yalong Yu,2,exact_name+shared_org+shared_coauthor
yiling-yu,Yiling Yu,,Yiling Yu,1,
yu-yu,Yu Yu,,Yu Yu,1,
yue-yu,Yue Yu,,Yue Yu,1,
0000-0002-3067-3965,Zejie Yu,0000-0002-3067-3965,Zejie Yu,2,exact_name+shared_org+shared_coauthor
can-yuan,Can Yuan,,Can Yuan,1,
0000-0001-9481-0247,Luqi Yuan,0000-0001-9481-0247,Luqi Yuan,1,
shuai-yuan,Shuai Yuan,,Shuai Yuan,1,
shuai-yuan-2,Shuai Yuan,,Shuai Yuan,2,exact_name+shared_coauthor
yuan-yuan,Yuan Yuan,,Yuan Yuan,1,
yuan-yuan-2,Yuan Yuan,,Yuan Yuan,1,
didit-yudistira,Didit Yudistira,,Didit Yudistira,1,
gongcheng-yue,Gongcheng Yue,,Gongcheng Yue,1,
hengsong-yue,Hengsong Yue,,Hengsong Yue,2,exact_name
boris-zabelich,Boris Zabelich,,Boris Zabelich,1,
mathew-zablocki,Mathew Zablocki,,Mathew Zablocki,1,
homa-zarebidaki,Homa Zarebidaki,,Homa Zarebidaki,1,
cheng-zeng,Cheng Zeng,,Cheng Zeng,3,exact_name+shared_org+shared_coauthor
ming-zeng,Ming Zeng,,Ming Zeng,1,
siwei-zeng,Siwei Zeng,,Siwei Zeng,1,
yuansong-zeng,Yuansong Zeng,,Yuansong Zeng,3,exact_name+shared_org+shared_coauthor
0009-0008-8610-2185,M. Zervas,0009-0008-8610-2185,M. Zervas,1,
0009-0005-8862-7434,Tingting Zhai,0009-0005-8862-7434,Tingting Zhai,1,
hongbo-zhan,Hongbo Zhan,,Hongbo Zhan,1,
chong-zhang,Chong Zhang,,Chong Zhang,1,
dewei-zhang,Dewei Zhang,,Dewei Zhang,1,
fan-zhang,Fan Zhang,,Fan Zhang,1,
hao-zhang,Hao Zhang,,Hao Zhang,1,
hengwei-zhang,Hengwei Zhang,,Hengwei Zhang,1,
hongguang-zhang,Hongguang Zhang,,Hongguang Zhang,2,exact_name+shared_org+shared_coauthor
j-zhang,J. Zhang,,J. Zhang,1,
j-zhang-2,J. Zhang,,J. Zhang,1,
jiejun-zhang,Jiejun Zhang,,Jiejun Zhang,1,
jincan-zhang,Jincan Zhang,,Jincan Zhang,1,
jincheng-zhang,Jincheng Zhang,,Jincheng Zhang,1,
junkai-zhang,Junkai Zhang,,Junkai Zhang,1,
0000-0001-8041-1608,Junwen Zhang,0000-0001-8041-1608,Junwen Zhang,2,orcid
0000-0001-7597-8941,Junyin Zhang,0000-0001-7597-8941,Junyin Zhang,3,exact_name+shared_org+shared_coauthor
junyu-zhang,Junyu Zhang,,Junyu Zhang,1,
kaibo-zhang,Kaibo Zhang,,Kaibo Zhang,2,exact_name+shared_org+shared_coauthor
kaibo-zhang-2,Kaibo Zhang,,Kaibo Zhang,1,
kaiping-zhang,Kaiping Zhang,,Kaiping Zhang,1,
ke-zhang,Ke Zhang,,Ke Zhang,5,exact_name+shared_coauthor;exact_name+shared_org+shared_coauthor
lei-zhang,Lei Zhang,,Lei Zhang,2,exact_name+shared_org+shared_coauthor
lu-zhang,Lu Zhang,,Lu Zhang,1,
0000-0001-9838-3895,Mian Zhang,0000-0001-9838-3895,Mian Zhang,5,exact_name+shared_org+shared_coauthor;orcid
michelle-zhang,Michelle Zhang,,Michelle Zhang,1,
ming-zhang,Ming Zhang,,Ming Zhang,2,exact_name+shared_org+shared_coauthor
minming-zhang,Minming Zhang,,Minming Zhang,1,
peijie-zhang,Peijie Zhang,,Peijie Zhang,2,exact_name+shared_org+shared_coauthor
qianni-zhang,Qianni Zhang,,Qianni Zhang,1,
ruizhi-zhang,Ruizhi Zhang,,Ruizhi Zhang,1,
wenfu-zhang,Wenfu Zhang,,Wenfu Zhang,5,exact_name+shared_org;exact_name+shared_org+shared_coauthor
xuelei-zhang,Xuelei Zhang,,Xuelei Zhang,1,
y-zhang,Y. Zhang,,Y. Zhang,2,exact_name+shared_org+shared_coauthor
yanming-zhang,Yanming Zhang,,Yanming Zhang,1,
yichi-zhang,Yichi Zhang,,Yichi Zhang,1,
yiting-zhang,Yiting Zhang,,Yiting Zhang,1,
0000-0003-0507-4175,Yiwen Zhang,0000-0003-0507-4175,Yiwen Zhang,4,exact_name+shared_org+shared_coauthor;orcid
0000-0003-4857-8031,Yong Zhang,0000-0003-4857-8031,Yong Zhang,3,exact_name+shared_org+shared_coauthor
yuguang-zhang,Yuguang Zhang,,Yuguang Zhang,1,
zeyu-zhang,Zeyu Zhang,,Zeyu Zhang,1,
zhao-zhang,Zhao Zhang,,Zhao Zhang,1,
0009-0001-8537-417X,Zhiyu Zhang,0009-0001-8537-417X,Zhiyu Zhang,1,
zhongshan-zhang,Zhongshan Zhang,,Zhongshan Zhang,1,
0009-0008-8958-4917,Zixuan Zhang,0009-0008-8958-4917,Zixuan Zhang,1,
gang-zhao,Gang Zhao,,Gang Zhao,1,
haibin-zhao,Haibin Zhao,,Haibin Zhao,1,
jie-zhao,Jie Zhao,,Jie Zhao,1,
jie-zhao-2,Jie Zhao,,Jie Zhao,1,
m-zhao,M. Zhao,,M. Zhao,1,
qisheng-zhao,Qisheng Zhao,,Qisheng Zhao,1,
xinran-zhao,Xinran Zhao,,Xinran Zhao,1,
yaotian-zhao,Yaotian Zhao,,Yaotian Zhao,1,
zhenyu-zhao,Zhenyu Zhao,,Zhenyu Zhao,1,
bofang-zheng,Bofang Zheng,,Bofang Zheng,1,
dahuai-zheng,Dahuai Zheng,,Dahuai Zheng,1,
haiyang-zheng,Haiyang Zheng,,Haiyang Zheng,1,
jun-zheng,Jun Zheng,,Jun Zheng,1,
keshuang-zheng,Keshuang Zheng,,Keshuang Zheng,1,
qiang-zheng,Qiang Zheng,,Qiang Zheng,1,
shuang-zheng,Shuang Zheng,,Shuang Zheng,1,
shuhang-zheng,Shuhang Zheng,,Shuhang Zheng,2,exact_name+shared_org+shared_coauthor
xiujun-zheng,Xiujun Zheng,,Xiujun Zheng,2,exact_name+shared_org+shared_coauthor
yong-zheng,Yong Zheng,,Yong Zheng,1,
0000-0003-4442-1176,Yuanlin Zheng,0000-0003-4442-1176,Yuanlin Zheng,1,
0009-0005-3856-7488,Zhao Zheng,0009-0005-3856-7488,Zhao Zheng,1,
zhiwen-zheng,Zhiwen Zheng,,Zhiwen Zheng,1,
0000-0002-4060-4891,Zibo Zheng,0000-0002-4060-4891,Zibo Zheng,2,exact_name+shared_org+shared_coauthor
hua-zhong,Hua Zhong,,Hua Zhong,1,
0000-0003-2791-0453,Gangqiang Zhou,0000-0003-2791-0453,Gangqiang Zhou,1,
0000-0001-5570-0950,Huibin Zhou,0000-0001-5570-0950,Huibin Zhou,1,
j-zhou,J. Zhou,,J. Zhou,1,
ji-zhou,Ji Zhou,,Ji Zhou,1,
jianying-zhou,Jianying Zhou,,Jianying Zhou,1,
junxia-zhou,Junxia Zhou,,Junxia Zhou,2,exact_name+shared_org+shared_coauthor
liang-zhou,Liang Zhou,,Liang Zhou,1,
lidan-zhou,Lidan Zhou,,Lidan Zhou,1,
linjie-zhou,Linjie Zhou,,Linjie Zhou,1,
peiqi-zhou,Peiqi Zhou,,Peiqi Zhou,1,
vivian-zhou,Vivian Zhou,,Vivian Zhou,1,
0000-0001-5543-9211,Yiyu Zhou,0000-0001-5543-9211,Yiyu Zhou,1,
yujun-zhou,Yujun Zhou,,Yujun Zhou,1,
zhonghao-zhou,Zhonghao Zhou,,Zhonghao Zhou,1,
zihan-zhou,Zihan Zhou,,Zihan Zhou,1,
changrui-zhu,Changrui Zhu,,Changrui Zhu,1,
d-zhu,D. Zhu,,D. Zhu,1,
0000-0003-0210-1860,Di Zhu,0000-0003-0210-1860,Di Zhu,5,orcid
lixin-zhu,Lixin Zhu,,Lixin Zhu,1,
paikun-zhu,Paikun Zhu,,Paikun Zhu,1,
pengfei-zhu,Pengfei Zhu,,Pengfei Zhu,1,
0000-0001-6725-5145,Sha Zhu,0000-0001-6725-5145,Sha Zhu,1,
shining-zhu,Shining Zhu,,Shining Zhu,1,
tao-zhu,Tao Zhu,,Tao Zhu,2,exact_name+shared_org+shared_coauthor
yibo-zhu,Yibo Zhu,,Yibo Zhu,2,exact_name+shared_org+shared_coauthor
yingxin-zhu,Yingxin Zhu,,Yingxin Zhu,1,
yuntao-zhu,Yuntao Zhu,,Yuntao Zhu,1,
yupeng-zhu,Yupeng Zhu,,Yupeng Zhu,1,
m-ziari,M. Ziari,,M. Ziari,1,
darko-zibar,Darko Zibar,,Darko Zibar,1,
0000-0002-0927-4986,Lars Zimmermann,0000-0002-0927-4986,Lars Zimmermann,1,
william-a-zortman,William A. Zortman,,William A. Zortman,1,
fang-zou,Fang Zou,,Fang Zou,1,
mingjie-zou,Mingjie Zou,,Mingjie Zou,1,
xihua-zou,Xihua Zou,,Xihua Zou,1,
0009-0007-2104-3711,Yue Zuo,0009-0007-2104-3711,Yue Zuo,1,
amaia-zurutuza,Amaia Zurutuza,,Amaia Zurutuza,1,
thomas-zwick,Thomas Zwick,,T. Zwick;Thomas Zwick,2,compatible_name+shared_org
0000-0002-4712-3548,Heiner Zwickel,0000-0002-4712-3548,Heiner Zwickel,3,orcid
j-zyskind,J. Zyskind,,J. Zyskind,1,
