paper_id,new_candidate,year,published_on,year_basis,title,authors,doi,arxiv_id,platform,scope,discovery_trail,identity_url,pdf_url,status,source_type,source_version,sha256,pages,figure_files,license,license_verified,retrieved_on,checked_on,cache_directory,retrieval_reason,extraction_notes
boynton2020,no,2020,2020-01-14,existing_catalog_year,A heterogeneously integrated silicon photonic/lithium niobate travelling wave electro-optic modulator,Nicholas Boynton;Hong Cai;Michael Gehl;Shawn Arterburn;Christina Dallo;Andrew Pomerene;Andrew Starbuck;Dana Hood;Douglas C. Trotter;Thomas Friedmann;Christopher T. DeRose;Anthony Lentine,10.1364/oe.28.001868,,lithium_niobate,core_integrated_modulator,Existing candidate / previous retrieval request; see RESEARCH_ROUTES.md,https://doi.org/10.1364/oe.28.001868,,needs_retrieval,,,,,,,,,2026-10-02,,Carried forward from the previous manual-download list; publisher access was previously unavailable. No fresh download attempt in this pass.,
eltes2020,no,2020,2020-07-06,existing_catalog_year,An integrated optical modulator operating at cryogenic temperatures,Felix Eltes;Gerardo E. Villarreal-Garcia;Daniele Caimi;Heinz Siegwart;Antonio A. Gentile;Andy Hart;Pascal Stark;Graham D. Marshall;Mark G. Thompson;Jorge Barreto;Jean Fompeyrine;Stefan Abel,10.1038/s41563-020-0725-5,,barium_titanate,core_integrated_modulator,Existing candidate / previous retrieval request; see RESEARCH_ROUTES.md,https://doi.org/10.1038/s41563-020-0725-5,,needs_retrieval,,,,,,,,,2026-10-02,,No accessible primary-source PDF cached in this pass; author/institutional route recorded in RESEARCH_ROUTES.md.,
li2020,no,2020,2020-08-17,existing_catalog_year,Lithium niobate photonic-crystal electro-optic modulator,Mingxiao Li;Jingwei Ling;Yang He;Usman A. Javid;Shixin Xue;Qiang Lin,10.1038/s41467-020-17950-7,2003.03259,lithium_niobate,core_integrated_modulator,Visible/near-IR topic -> Rochester / Stanford / UCSD author networks,https://arxiv.org/abs/2003.03259v3,https://arxiv.org/pdf/2003.03259v3,cached,arxiv_preprint,2003.03259v3,a67ed71457d7d5f9b8fd550177a7202dd34cf3d6ccca634ae1217a3cbc1c489c,9,18,,False,2026-10-03T03:17:30+00:00,2026-10-02,references/li2020/,,
lu2020,yes,2020,2020-08-24,journal_or_conference_citation_year,High-temperature-resistant silicon-polymer hybrid modulator operating at up to 200 Gbit s−1 for energy-efficient datacentres and harsh-environment applications,Guo-Wei Lu;Jianxun Hong;Feng Qiu;Andrew M. Spring;Tsubasa Kashino;Juro Oshima;Masa-aki Ozawa;Hideyuki Nawata;Shiyoshi Yokoyama,10.1038/s41467-020-18005-7,,eo_polymer,core_integrated_modulator,Kieninger/SOH -> Yokoyama/Qiu -> primary publisher,https://doi.org/10.1038/s41467-020-18005-7,https://www.nature.com/articles/s41467-020-18005-7.pdf,cached,journal,version_of_record,90c7f9453fcd83c96cc0f70f99479a75db57d18366d65bd24743fe7d22279266,9,21,CC-BY-4.0,True,2026-10-03T03:24:36+00:00,2026-10-02,references/lu2020/,,
ogiso2020,no,2020,2020-01-15,existing_catalog_year,80-GHz Bandwidth and 1.5-V Vπ InP-Based IQ Modulator,Yoshihiro Ogiso;Yasuaki Hashizume;Hiromasa Tanobe;Nobuhiro Nunoya;Minoru Ida;Yutaka Miyamoto;Mitsuteru Ishikawa;Josuke Ozaki;Yuta Ueda;Hitoshi Wakita;Munehiko Nagatani;Hiroshi Yamazaki;Masanori Nakamura;Takayuki Kobayashi;Shigeru Kanazawa,10.1109/jlt.2019.2924671,,inp_mqw,core_integrated_modulator,Existing candidate / previous retrieval request; see RESEARCH_ROUTES.md,https://doi.org/10.1109/jlt.2019.2924671,,needs_retrieval,,,,,,,,,2026-10-02,,Carried forward from the previous manual-download list; publisher access was previously unavailable. No fresh download attempt in this pass.,
xu2020,no,2020,2020-08-06,existing_catalog_year,High-performance coherent optical modulators based on thin-film lithium niobate platform,Mengyue Xu;Mingbo He;Hongguang Zhang;Jian Jian;Ying Pan;Xiaoyue Liu;Lifeng Chen;Xiangyu Meng;Hui Chen;Zhaohui Li;Xi Xiao;Shaohua Yu;Siyuan Yu;Xinlun Cai,10.1038/s41467-020-17806-0,2006.15536,lithium_niobate,core_integrated_modulator,Coherent LN modulators -> Xinlun Cai / Mengyue Xu / Sun Yat-sen / Huawei,https://arxiv.org/abs/2006.15536v1,https://arxiv.org/pdf/2006.15536v1,cached,arxiv_preprint,2006.15536v1,4d11c73c8ac5841a8573333d1de03b9227651e12481526c2cec366f9a7c80122,10,11,,False,2026-10-03T03:17:35+00:00,2026-10-02,references/xu2020/,,
zwickel2020,yes,2020,2020-04-16,journal_or_conference_citation_year,Verified equivalent-circuit model for slot-waveguide modulators,Heiner Zwickel;Stefan Singer;Clemens Kieninger;Yasar Kutuvantavida;Narek Muradyan;Thorsten Wahlbrink;Shiyoshi Yokoyama;Sebastian Randel;Wolfgang Freude;Christian Koos,10.1364/OE.383120,2001.02642,eo_polymer,core_modulator_model,"Kieninger/Ummethala -> Koos/Zwickel -> arXiv; 2020 journal, earlier preprint",https://doi.org/10.1364/OE.383120,https://arxiv.org/pdf/2001.02642v1,cached,arxiv_preprint,2001.02642v1,5fd78bff1e0dc3be734aeff06c8e8050b2948231e8172f7866ba1d9a9f5efdc0,27,89,,False,2026-10-03T03:24:48+00:00,2026-10-02,references/zwickel2020/,,
liu2021a,yes,2021,2021,journal_or_conference_citation_year,Wideband thin-film lithium niobate modulator with low half-wave-voltage length product,Xuecheng Liu;Bing Xiong;Changzheng Sun;Jian Wang;Zhibiao Hao;Lai Wang;Yanjun Han;Hongtao Li;Jiadong Yu;Yi Luo,10.3788/COL202119.060016,,lithium_niobate,core_integrated_modulator,liu2021 -> Xuecheng Liu/Bing Xiong/Changzheng Sun -> COL,https://doi.org/10.3788/COL202119.060016,https://www.researching.cn/ArticlePdf/m00005/2021/19/6/060016.pdf,needs_retrieval,,,,,,,,,2026-10-02,,BREAKER active (1751 s left): a previous request was blocked; not fetching.,
pan2021,no,2021,2021-05-24,existing_catalog_year,Demonstration of high-speed thin-film lithium-niobate-on-insulator optical modulators at the 2-µm wavelength,Bingcheng Pan;Jinyao Hu;Yishu Huang;Lijia Song;Jingyi Wang;Pengxin Chen;Zejie Yu;Liu Liu;Daoxin Dai,10.1364/oe.416908,,lithium_niobate,core_integrated_modulator,Existing candidate / previous retrieval request; see RESEARCH_ROUTES.md,https://doi.org/10.1364/oe.416908,,needs_retrieval,,,,,,,,,2026-10-02,,Carried forward from the previous manual-download list; publisher access was previously unavailable. No fresh download attempt in this pass.,
ummethala2021,no,2021,2021-04-09,existing_catalog_year,Hybrid electro-optic modulator combining silicon photonic slot waveguides with high-k radio-frequency slotlines,Sandeep Ummethala;Juned N. Kemal;Ahmed S. Alam;Matthias Lauermann;Artem Kuzmin;Yasar Kutuvantavida;Sree H. Nandam;Lothar Hahn;Delwin L. Elder;Larry R. Dalton;Thomas Zwick;Sebastian Randel;Wolfgang Freude;Christian Koos,10.1364/optica.411161,2011.09931,eo_polymer,core_integrated_modulator,Kieninger -> Sandeep Ummethala / Christian Koos / KIT,https://arxiv.org/abs/2011.09931v1,https://arxiv.org/pdf/2011.09931v1,cached,arxiv_preprint,2011.09931v1,407070398dc3643fa1cd74c04cfe733fdb9060d3de1ccd67b615de345d344435,15,25,,False,2026-10-03T03:17:54+00:00,2026-10-02,references/ummethala2021/,,
zhang2021b,no,2021,2021-11-29,existing_catalog_year,High-speed electro-optic modulator based on silicon nitride loaded lithium niobate on an insulator platform,Pu Zhang;Haijin Huang;Yongheng Jiang;Xu Han;Huifu Xiao;Andreas Frigg;Thach G. Nguyen;Andreas Boes;Guanghui Ren;Yikai Su;Yonghui Tian;Arnan Mitchell,10.1364/ol.446222,,lithium_niobate,core_integrated_modulator,Old retrieval list -> author/title search -> university-hosted paper,https://doi.org/10.1364/ol.446222,https://otip.sjtu.edu.cn/publication/Journal/2021-OL-PuZhang-High-speed%20electro-optic%20modulator%20based%20on.pdf,needs_retrieval,,,,,,,,,2026-10-02,,University-hosted PDF transfer did not complete after more than five minutes; stopped and host cooldown applied. Try the direct university link in a normal browser.,
arabjuneghani2022,no,2022,2022-10-26,existing_catalog_year,Thin‐Film Lithium Niobate Optical Modulators with an Extrapolated Bandwidth of 170 GHz,Farzaneh Arab Juneghani;Milad Gholipour Vazimali;Jie Zhao;Xi Chen;Son Thai Le;Haoshuo Chen;Ehsan Ordouie;Nicolas K Fontaine;Sasan Fathpour,10.1002/adpr.202200216,,lithium_niobate,core_integrated_modulator,Arab Juneghani -> Sasan Fathpour / UCF -> author-hosted publisher copy,https://doi.org/10.1002/adpr.202200216,https://bpb-us-e1.wpmucdn.com/sites.gatech.edu/dist/c/2133/files/2025/09/170-GHz-Thin%E2%80%90Film-Lithium-Niobate-Optical-Modulators.pdf,cached,institutional_copy,version_of_record,85e8f54cd71d1c99ce5615f9c4fa9b12ca39b1c6d2bccea3d34c345285aa57d8,6,12,CC-BY (version unspecified in cached text),True,2026-10-03T03:24:13+00:00,2026-10-02,references/arabjuneghani2022/,,5 embedded-image extraction failures; affected pages have rendered fallbacks. Raw PDF retained.
celik2022,no,2022,2022-06-09,existing_catalog_year,High-bandwidth CMOS-voltage-level electro-optic modulation of 780 nm light in thin-film lithium niobate,Oguz Tolga Celik;Christopher J. Sarabalis;Felix M. Mayor;Hubert S. Stokowski;Jason F. Herrmann;Timothy P. McKenna;Nathan R. A. Lee;Wentao Jiang;Kevin K. S. Multani;Amir H. Safavi-Naeini,10.1364/oe.460119,2204.03138,lithium_niobate,core_integrated_modulator,Visible/near-IR topic -> Rochester / Stanford / UCSD author networks,https://arxiv.org/abs/2204.03138v1,https://arxiv.org/pdf/2204.03138v1,cached,arxiv_preprint,2204.03138v1,9714cf8eca19e7bf36c476fba5c08f95215eb1fbde66d410a5fcb5fecaac590b,10,12,,False,2026-10-03T03:17:42+00:00,2026-10-02,references/celik2022/,,
li2022b,yes,2022,2022-09-21,journal_or_conference_citation_year,High modulation efficiency and large bandwidth thin-film lithium niobate modulator for visible light,Chijun Li;Bin Chen;Ziliang Ruan;Haoyuan Wu;Yujun Zhou;Jie Liu;Pengxin Chen;Kaixuan Chen;Changjian Guo;Liu Liu,10.1364/OE.469065,,lithium_niobate,core_integrated_modulator,chen2022 -> Kaixuan Chen/Liu Liu -> visible modulator references,https://doi.org/10.1364/OE.469065,,needs_retrieval,,,,,,,,,2026-10-02,,No downloadable open primary-source PDF located in this search pass.,
mao2022,no,2022,2022-12-02,existing_catalog_year,Heterogeneous silicon-on-lithium niobate electro-optic modulator for 100-Gbaud modulation,Jiawei Mao;Hiromu Sato;Guo-Wei Lu;Shiyoshi Yokoyama,10.1063/5.0109251,,lithium_niobate,core_integrated_modulator,Existing candidate / previous retrieval request; see RESEARCH_ROUTES.md,https://doi.org/10.1063/5.0109251,,needs_retrieval,,,,,,,,,2026-10-02,,Carried forward from the previous manual-download list; publisher access was previously unavailable. No fresh download attempt in this pass.,
wang2022,yes,2022,2022-07-21,journal_or_conference_citation_year,Silicon–Lithium Niobate Hybrid Intensity and Coherent Modulators Using a Periodic Capacitively Loaded Traveling-Wave Electrode,Zong Wang;Gengxin Chen;Ziliang Ruan;Ranfeng Gan;Pucheng Huang;Zhiwen Zheng;Liwang Lu;Jun Li;Changjian Guo;Kaixuan Chen;Liu Liu,10.1021/acsphotonics.2c00263,,lithium_niobate,core_integrated_modulator,chen2022 -> periodic electrode / Liu Liu author network,https://doi.org/10.1021/acsphotonics.2c00263,,needs_retrieval,,,,,,,,,2026-10-02,,No downloadable open primary-source PDF located in this search pass.,
wang2022a,yes,2022,,preprint_submission_year,Thin-Film Lithium Niobate based Dual-Polarization IQ modulator for Single-Carrier 1.6 Tb/s Transmission,Xuanhao Wang;Chenglin Shang;An Pan;Xingran Cheng;Tao Gui;Shuai Yuan;Chengcheng Gui;Keshuang Zheng;Peijie Zhang;Xiaolu Song;Yanbo Li;Liangchuan Li;Cheng Zeng;Jinsong Xia,,2201.09730,lithium_niobate,core_integrated_modulator,Xu2022 -> DP-IQ topic -> Xuanhao Wang/Jinsong Xia HUST/Huawei,https://arxiv.org/abs/2201.09730v1,https://arxiv.org/pdf/2201.09730v1,cached,arxiv_preprint,2201.09730v1,18bcea80bc9a9961d2f3276b063b3420200a263287bae39801cf431eb5365d41,4,6,,False,2026-10-03T03:47:46+00:00,2026-10-02,references/wang2022a/,,
xu2022,no,2022,2022-01-10,existing_catalog_year,Dual-polarization thin-film lithium niobate in-phase quadrature modulators for terabit-per-second transmission,Mengyue Xu;Yuntao Zhu;Fabio Pittalà;Jin Tang;Mingbo He;Wing Chau Ng;Jingyi Wang;Ziliang Ruan;Xuefeng Tang;Maxim Kuschnerov;Liu Liu;Siyuan Yu;Bofang Zheng;Xinlun Cai,10.1364/optica.449691,,lithium_niobate,core_integrated_modulator,Old retrieval list -> author/title search -> university-hosted paper,https://doi.org/10.1364/optica.449691,https://einstein.nju.edu.cn/upload/uploadify/20220124/20210110-Optica-Dual-polarizationthin-filmlithiumniobatein-phasequadraturemodulatorsforterabit-per-secondtransmission_202201241539560544.pdf,needs_retrieval,,,,,,,,,2026-10-02,,University-hosted PDF transfer did not complete after more than five minutes; stopped and host cooldown applied. Try the direct university link in a normal browser.,
yang2022,no,2022,2022,existing_catalog_year,Monolithic thin film lithium niobate electro-optic modulator with over 110 GHz bandwidth,Fan Yang;Xiansong Fang;Xinyu Chen;Lixin Zhu;Fan Zhang;Zhangyuan Chen;Yanping Li,10.3788/col202220.022502,,lithium_niobate,core_integrated_modulator,Existing candidate / previous retrieval request; see RESEARCH_ROUTES.md,https://doi.org/10.3788/col202220.022502,https://www.researching.cn/ArticlePdf/m00005/2022/20/2/022502.pdf,needs_retrieval,,,,,,,,,2026-10-02,,"FAILED network error: HTTPSConnectionPool(host='www.researching.cn', port=443): Max retries exceeded with url: /ArticlePdf/m00005/2022/20/2/022502.pdf (Caused by SSLError(SSLCertVerificationError(1, '[SSL: CERTIFICATE_VERIFY_FAILED] certificate verify failed: unable to get local issuer certificate (_ssl.c:1010)')))",
zhang2022,no,2022,2022-09-28,existing_catalog_year,Systematic investigation of millimeter-wave optic modulation performance in thin-film lithium niobate,Yiwen Zhang;Linbo Shao;Jingwei Yang;Zhaoxi Chen;Ke Zhang;Kam-Man Shum;Di Zhu;Chi Hou Chan;Marko Lončar;Cheng Wang,10.1364/prj.468518,,lithium_niobate,core_integrated_modulator,Zhang/Loncar/Wang -> Cheng Wang CityU publication list,https://doi.org/10.1364/prj.468518,https://www.ee.cityu.edu.hk/~cwang/document/Systematic%20Investigation%20of%20Millimeter-Wave%20Optic%20Modulation%20Performance%20in%20Thin-Film%20Lithium%20Niobate.pdf,cached,institutional_copy,version_of_record,5bfe70808ae184cd84fa3e13606a40008bbcdfee3bff1ba5df1ebfc471c74c5a,8,13,,False,2026-10-03T03:31:34+00:00,2026-10-02,references/zhang2022/,,
chen2023,yes,2023,2023-08-23,journal_or_conference_citation_year,Compact slow‐light waveguide and modulator on thin‐film lithium niobate platform,Gengxin Chen;Haohua Wang;Bin Chen;Ziliang Ruan;Changjian Guo;Kaixuan Chen;Liu Liu,10.1515/nanoph-2023-0306,,lithium_niobate,core_integrated_modulator,chen2022 -> Gengxin Chen/Liu Liu -> slow-light modulators,https://doi.org/10.1515/nanoph-2023-0306,,needs_retrieval,,,,,,,,,2026-10-02,,No downloadable open primary-source PDF located in this search pass.,
churaev2023,no,2023,2023-06-13,existing_catalog_year,A heterogeneously integrated lithium niobate-on-silicon nitride photonic platform,Mikhail Churaev;Rui Ning Wang;Annina Riedhauser;Viacheslav Snigirev;Terence Blésin;Charles Möhl;Miles H. Anderson;Anat Siddharth;Youri Popoff;Ute Drechsler;Daniele Caimi;Simon Hönl;Johann Riemensberger;Junqiu Liu;Paul Seidler;Tobias J. Kippenberg,10.1038/s41467-023-39047-7,,lithium_niobate,core_integrated_modulator,Li/Lin -> Kippenberg EPFL -> LN/SiN integration,https://doi.org/10.1038/s41467-023-39047-7,https://www.nature.com/articles/s41467-023-39047-7.pdf,cached,journal,version_of_record,e58c9476653b22d415e91fbffed841fb56a44495f06f33553b0049ad74e367a8,9,13,CC-BY-4.0,True,2026-10-03T03:31:48+00:00,2026-10-02,references/churaev2023/,,
eltes2023,no,2023,2023,existing_catalog_year,Thin-film BTO-based modulators enabling 200 Gb/s data rates with sub 1 Vpp drive signal,Felix Eltes;Weijia Li;Essam Berikaa;Md Samiul Alam;Santiago Bernal;Cyriel Minkenberg;David V. Plant;Stefan Abel,10.1364/ofc.2023.th4a.2,,barium_titanate,core_integrated_modulator,Existing candidate / previous retrieval request; see RESEARCH_ROUTES.md,https://doi.org/10.1364/ofc.2023.th4a.2,,needs_retrieval,,,,,,,,,2026-10-02,,No accessible primary-source PDF cached in this pass; author/institutional route recorded in RESEARCH_ROUTES.md.,
gupta2023,no,2023,2023-06-01,existing_catalog_year,"Implementation, Modelling and Verification of High-Speed Mach-Zehnder Phase Modulators in an Open Access InP Foundry Platform",Y Durvasa Gupta;Guillaume Binet;Wouter Diels;Oliver Abdeen;Tom Gaertner;Moritz Baier;Martin Schell,10.1109/jlt.2023.3244129,,inp_mqw,core_integrated_modulator,Gupta -> Fraunhofer HHI -> POETICS project author manuscript,https://doi.org/10.1109/jlt.2023.3244129,https://ict-poetics.eu/wp-content/uploads/2023/02/D.-Gupta-et-al_JTL_2023.pdf,cached,institutional_copy,accepted_manuscript,5fbb6665d54e6d69e3e8024744d680aaae1ffdec82fcb5fa240e49cc15403203,7,15,,False,2026-10-03T03:31:21+00:00,2026-10-02,references/gupta2023/,,
han2023,no,2023,2023-10-20,existing_catalog_year,Slow-light silicon modulator with 110-GHz bandwidth,Changhao Han;Zhao Zheng;Haowen Shu;Ming Jin;Jun Qin;Ruixuan Chen;Yuansheng Tao;Bitao Shen;Bowen Bai;Fenghe Yang;Yimeng Wang;Haoyu Wang;Feifan Wang;Zixuan Zhang;Shaohua Yu;Chao Peng;Xingjun Wang,10.1126/sciadv.adi5339,,silicon_plasma_dispersion,core_integrated_modulator,Existing candidate / previous retrieval request; see RESEARCH_ROUTES.md,https://doi.org/10.1126/sciadv.adi5339,https://www.science.org/doi/pdf/10.1126/sciadv.adi5339,needs_retrieval,,,,,,,,,2026-10-02,,FAILED status=403 type=text/html; charset=UTF-8 bytes=5602; not a complete PDF. Record it in needs_download.md and move on (no workarounds).,
kohli2023,no,2023,2023-06-15,existing_catalog_year,Plasmonic Ferroelectric Modulator Monolithically Integrated on SiN for 216 GBd Data Transmission,M. Kohli;D. Chelladurai;A. Messner;Y. Horst;D. Moor;J. Winiger;T. Blatter;T. Buriakova;C. Convertino;F. Eltes;M. Zervas;Y. Fedoryshyn;U. Koch;J. Leuthold,10.1109/jlt.2023.3260064,,barium_titanate,core_integrated_modulator,Existing candidate / previous retrieval request; see RESEARCH_ROUTES.md,https://doi.org/10.1109/jlt.2023.3260064,,needs_retrieval,,,,,,,,,2026-10-02,,ETH repository lists a published PDF; its page returned 403 during this pass.,
liu2023,yes,2023,2023,journal_or_conference_citation_year,Ultra-compact lithium niobate photonic chip for high-capacity and energy-efficient wavelength-division-multiplexing transmitters,Hongxuan Liu;Bingcheng Pan;Yishu Huang;Jianghao He;Ming Zhang;Zejie Yu;Liu Liu;Yaocheng Shi;Daoxin Dai,10.37188/lam.2023.013,,lithium_niobate,core_integrated_modulator,chen2022 -> Liu Liu/Daoxin Dai -> publisher article,https://doi.org/10.37188/lam.2023.013,https://www.light-am.com/article/pdf/preview/LAM2022120039.pdf,cached,journal,version_of_record,e69c3aef4ec4edee5f67d3bfec04755ca37009c2793c6d0a7c425968fec9f43e,10,40,CC-BY-4.0,True,2026-10-03T03:32:07+00:00,2026-10-02,references/liu2023/,,
schwarzenberger2023,yes,2023,2023-11-13,journal_or_conference_citation_year,First demonstration of a silicon-organic hybrid (SOH) modulator based on a long-term-stable crosslinked electro-optic material,A. Schwarzenberger;A. Mertens;H. Kholeif;A. Kotz;C. Eschenbaum;L. E. Johnson;D. L. Elder;S. R. Hammond;K. O'Malley;L. Dalton;S. Randel;W. Freude;C. Koos,10.1049/icp.2023.2357,,eo_polymer,core_integrated_modulator,Ummethala/Kieninger -> Koos -> KITopen 1000163853,https://doi.org/10.1049/icp.2023.2357,,needs_retrieval,,,,,,,,,2026-10-02,,No downloadable open primary-source PDF located in this search pass.,
schwarzenberger2023a,yes,2023,2023,journal_or_conference_citation_year,First Demonstration of a cryogenic Silicon Organic Hybrid (SOH) Mach-Zehnder Modulator with a Sub-1V π-Voltage,A. Schwarzenberger;H. Kholeif;A. Kotz;A. Kuzmin;A. Mertens;C. Eschenbaum;G. Ramann;J. Zyskind;M. Lebby;S. Randel;W. Freude;C. Koos,10.1364/CLEO_SI.2023.STh5C.7,,eo_polymer,core_integrated_modulator,Ummethala/Kieninger -> Koos -> KIT author page,https://doi.org/10.1364/CLEO_SI.2023.STh5C.7,,needs_retrieval,,,,,,,,,2026-10-02,,No downloadable open primary-source PDF located in this search pass.,
shen2023,yes,2023,2023-11-21,journal_or_conference_citation_year,Hybrid lithium tantalite-silicon integrated photonics platform for electro-optic modulation,Jian Shen;Yong Zhang;Chenglong Feng;Zihan Xu;Lei Zhang;Yikai Su,10.1364/OL.502492,,lithium_tantalate,core_integrated_modulator,Zhang2021b -> Yikai Su/Yong Zhang -> Jian Shen,https://doi.org/10.1364/OL.502492,https://otip.sjtu.edu.cn/publication/Journal/2023-OL-JianShen-Hybrid%20lithium%20tantalite-silicon%20integrated%20photonics.pdf,needs_retrieval,,,,,,,,,2026-10-02,,BREAKER active (1404 s left): a previous request was blocked; not fetching.,
valdez2023a,no,2023,2023-05-02,existing_catalog_year,"100 GHz bandwidth, 1 volt integrated electro-optic Mach–Zehnder modulator at near-IR wavelengths",Forrest Valdez;Viphretuo Mere;Shayan Mookherjea,10.1364/optica.484549,2211.13348,lithium_niobate,core_integrated_modulator,Valdez -> Shayan Mookherjea / UCSD -> versioned preprint,https://doi.org/10.1364/optica.484549,https://arxiv.org/pdf/2211.13348v1,cached,arxiv_preprint,2211.13348v1,db51552a67387299828eb7c8795d634a5db93e5eb711a950eb0724c51457648e,12,39,,False,2026-10-03T03:23:59+00:00,2026-10-02,references/valdez2023a/,,
vanackere2023,yes,2023,2023-08-01,journal_or_conference_citation_year,Heterogeneous integration of a high-speed lithium niobate modulator on silicon nitride using micro-transfer printing,T. Vanackere;T. Vandekerckhove;L. Bogaert;M. Billet;S. Poelman;S. Cuyvers;J. Van Kerrebrouck;A. Moerman;O. Caytan;N. Singh;S. Lemey;G. Torfs;P. Ossieur;G. Roelkens;S. Clemmen;B. Kuyken,10.1063/5.0150878,,lithium_niobate,core_integrated_modulator,Niels -> Vanackere/Kuyken/Roelkens -> Ghent publication 5023,https://doi.org/10.1063/5.0150878,https://www.photonics.intec.ugent.be/download/pub_5023.pdf,cached,institutional_copy,version_of_record,2ed2a7a699c30f07de328239bd68345a1465ccba6f81a266aaa371818fa717e8,8,11,CC-BY-4.0,True,2026-10-03T03:24:43+00:00,2026-10-02,references/vanackere2023/,,
xue2023,yes,2023,2023-01-19,journal_or_conference_citation_year,Full-spectrum visible electro-optic modulator,Shixin Xue;Zhimin Shi;Jingwei Ling;Zhengdong Gao;Qili Hu;Kaibo Zhang;Gareth Valentine;Xi Wu;Jeremy Staffa;Usman A. Javid;Qiang Lin,10.1364/OPTICA.482667,,lithium_niobate,core_integrated_modulator,li2020 -> Qiang Lin -> Rochester/Meta visible modulators,https://doi.org/10.1364/OPTICA.482667,,needs_retrieval,,,,,,,,,2026-10-02,,No downloadable open primary-source PDF located in this search pass.,
zhang2023,yes,2023,2023-08-29,journal_or_conference_citation_year,High-speed electro-optic modulation in topological interface states of a one-dimensional lattice,Yong Zhang;Jian Shen;Jingchi Li;Hongwei Wang;Chenglong Feng;Lei Zhang;Lu Sun;Jian Xu;Ming Liu;Ying Wang;Yonghui Tian;Jianwen Dong;Yikai Su,10.1038/s41377-023-01251-x,,lithium_niobate,core_integrated_modulator,Zhang2021b -> Yikai Su/Yong Zhang SJTU group publications,https://doi.org/10.1038/s41377-023-01251-x,https://www.nature.com/articles/s41377-023-01251-x.pdf,cached,journal,version_of_record,2d7bc43eb35bcaadd51406a9e9b2fe42c00478f35d0c901fb81c4ccab5f8dc0c,10,28,,False,2026-10-03T03:47:44+00:00,2026-10-02,references/zhang2023/,,
li2024,no,2024,2024-02-01,existing_catalog_year,Thin-Film BTO-Based MZMs for Next-Generation IMDD Transceivers Beyond 200 Gbps/λ,Weijia Li;Felix Eltes;Essam Berikaa;Md Samiul Alam;Santiago Bernal;Cyriel Minkenberg;Stefan Abel;David V. Plant,10.1109/jlt.2023.3339472,,barium_titanate,core_integrated_modulator,Existing candidate / previous retrieval request; see RESEARCH_ROUTES.md,https://doi.org/10.1109/jlt.2023.3339472,,needs_retrieval,,,,,,,,,2026-10-02,,No accessible primary-source PDF cached in this pass; author/institutional route recorded in RESEARCH_ROUTES.md.,
mao2024,no,2024,2024-07-01,existing_catalog_year,Ultra-fast perovskite electro-optic modulator and multi-band transmission up to 300 Gbit s−1,Jiawei Mao;Futa Uemura;Sahar Alasvand Yazdani;Yuexin Yin;Hiromu Sato;Guo-Wei Lu;Shiyoshi Yokoyama,10.1038/s43246-024-00558-5,,plzt,core_integrated_modulator,Lu/Qiu -> Yokoyama -> PLZT,https://doi.org/10.1038/s43246-024-00558-5,https://www.nature.com/articles/s43246-024-00558-5.pdf,cached,journal,version_of_record,129edce2f3d9d745a8a4b239b5b80f9df74eec1c02e7cecd458529aea28961a8,8,9,CC-BY-4.0,True,2026-10-03T03:32:02+00:00,2026-10-02,references/mao2024/,,
qi2024,no,2024,2024,existing_catalog_year,110-GHz bandwidth integrated lithium niobate modulator without direct lithium niobate etching,Yifan Qi;Gongcheng Yue;Ting Hao;Yang Li,10.1364/cleo_at.2024.am4j.4,2308.03073,lithium_niobate,core_integrated_modulator,LN electrode/platform search -> Yifan Qi / Yang Li / Tsinghua,https://arxiv.org/abs/2308.03073v4,https://arxiv.org/pdf/2308.03073v4,cached,arxiv_preprint,2308.03073v4,accbe804312b52da9aec818df17ec7b7b309d5d89b6631b88d2c70e19ba336c4,9,15,,False,2026-10-03T03:17:47+00:00,2026-10-02,references/qi2024/,,
shen2024,no,2024,2024-01-16,existing_catalog_year,Photonic link from single-flux-quantum circuits to room temperature,Mohan Shen;Jiacheng Xie;Yuntao Xu;Sihao Wang;Risheng Cheng;Wei Fu;Yiyu Zhou;Hong X. Tang,10.1038/s41566-023-01370-2,2309.03284,lithium_niobate,core_integrated_modulator,Cryogenic modulator topic -> Mohan Shen / Hong Tang / Yale,https://arxiv.org/abs/2309.03284v1,https://arxiv.org/pdf/2309.03284v1,cached,arxiv_preprint,2309.03284v1,d3549a1612fb2c7c96cf32055e46683b668568628e83cd1d003aea54a4c9877d,25,38,,False,2026-10-03T03:20:57+00:00,2026-10-02,references/shen2024/,,
yang2024,yes,2024,2024-04-25,journal_or_conference_citation_year,High-Bandwidth Lumped Mach-Zehnder Modulators Based on Thin-Film Lithium Niobate,Peng Yang;Siwei Sun;Yuqiang Zhang;Rui Cao;Huimin He;Haiyun Xue;Fengman Liu,10.3390/photonics11050399,,lithium_niobate,core_integrated_modulator,topic search -> lumped vs traveling-wave LN,https://doi.org/10.3390/photonics11050399,,needs_retrieval,,,,,,,,,2026-10-02,,Publisher page returned HTTP 429; PDF not attempted further.,
yu2024,yes,2024,,preprint_submission_year,Stable room-temperature multiferroic skyrmions in lithium niobate with enhanced Pockels effect,Yalong Yu;Bo Xiong;Siqi Wu;Yekai Ren;Nuo Chen;Qingjiao Mi;Kangping Lou;Rui Wang;Tao Chu,,2407.05349,lithium_niobate,auxiliary_material_and_pockels_study,yue2025 -> Tao Chu/Bo Xiong -> material-enhanced modulator,https://arxiv.org/abs/2407.05349,https://arxiv.org/pdf/2407.05349v1,cached,arxiv_preprint,2407.05349v1,92d8ffbb20ae6005c88051a98d8b8faa0661255eebc6ff7851f7ed500ec30998,22,25,,False,2026-10-03T03:26:13+00:00,2026-10-02,references/yu2024/,,
zhou2024,yes,2024,2024-11-04,journal_or_conference_citation_year,Integrated electro-optic modulator on a lead zirconate titanate-silicon nitride heterogeneous platform,Wenfeng Zhou;Yong Zhang;Yongheng Jiang;Pu Zhang;Jian Shen;Xun Zhang;Yuqi Chen;Min Sun;Feng Qiu;Huifu Xiao;Yonghui Tian;Yikai Su,10.1364/OL.538022,,pzt,core_integrated_modulator,Zhang2021b -> Yikai Su/Yong Zhang -> Zhou/Feng Qiu,https://doi.org/10.1364/OL.538022,https://otip.sjtu.edu.cn/publication/Journal/2024-OL-WenfengZhou-Integrated%20electro-optic%20modulator%20on%20a.pdf,needs_retrieval,,,,,,,,,2026-10-02,,BREAKER active (1399 s left): a previous request was blocked; not fetching.,
anderson2025,no,2025,2025-10-23,existing_catalog_year,Quantum critical electro-optic and piezo-electric nonlinearities,Christopher P. Anderson;Giovanni Scuri;Aaron Chan;Sungjun Eun;Alexander D. White;Geun Ho Ahn;Christine Jilly;Amir Safavi-Naeini;Kasper Van Gasse;Lu Li;Jelena Vučković,10.1126/science.adx8657,2502.15164,strontium_titanate,auxiliary_material_coefficients,Cryogenic EO materials -> Anderson / Vuckovic / Stanford,https://arxiv.org/abs/2502.15164v1,https://arxiv.org/pdf/2502.15164v1,cached,arxiv_preprint,2502.15164v1,943e67234e0e991c2d5e2f41d9d9853827e7ccde5aa4724c938631b288b2d1bc,24,33,,False,2026-10-03T03:21:25+00:00,2026-10-02,references/anderson2025/,,
chelladurai2025,no,2025,2025-03-17,existing_catalog_year,Barium titanate and lithium niobate permittivity and Pockels coefficients from megahertz to sub-terahertz frequencies,Daniel Chelladurai;Manuel Kohli;Joel Winiger;David Moor;Andreas Messner;Yuriy Fedoryshyn;Mohammed Eleraky;Yuqi Liu;Hua Wang;Juerg Leuthold,10.1038/s41563-025-02158-1,,barium_titanate,auxiliary_material_coefficients,Kohli/Leuthold -> Chelladurai -> Nature Materials,https://doi.org/10.1038/s41563-025-02158-1,https://www.nature.com/articles/s41563-025-02158-1.pdf,cached,journal,version_of_record,5072f3000523cd7aad25a1dbd238ecdd3dcafae88e5d73589295deb043594915,11,10,CC-BY-4.0,True,2026-10-03T03:31:43+00:00,2026-10-02,references/chelladurai2025/,,
chen2025,yes,2025,2025-08-10,journal_or_conference_citation_year,Ultra‐Compact and Ultra‐High Speed Topological Photonic Crystal Modulator Based on Thin Film Lithium Niobate,Guanyu Chen;Yushan Liu;Bangtong Ge;Mingjie Zou;Chunde Li;Yuxin Liang;Yu Yu;Tao Zhu;Hua Yu,10.1002/lpor.202500380,,lithium_niobate,core_integrated_modulator,Chen2023 slow-light topic -> Guanyu Chen / Chongqing University,https://doi.org/10.1002/lpor.202500380,,needs_retrieval,,,,,,,,,2026-10-02,,No downloadable open primary-source PDF located in this search pass.,
chiang2025,no,2025,2025-07-19,existing_catalog_year,Ferroelectric Nematic Liquid Crystal-Based Silicon Photonic Modulator Demonstrated at 102 Gbit/s PAM-4,Li-Yuan Chiang;Gianlorenzo Masini;Rih-You Chen;Chirag Patel;Pavel Savechenkov;Yi-Jen Chiu;Cory Pecinovsky;Jason W. Sickler,,2507.14724,ferroelectric_nematic_lc,core_integrated_modulator,Liquid-crystal modulators -> Polaris / UBC / Chrostowski / Shekhar,https://arxiv.org/abs/2507.14724v1,https://arxiv.org/pdf/2507.14724v1,cached,arxiv_preprint,2507.14724v1,df6c80badc9f39c92ee753df17bd5af7120f59e9eec3c3a03097f87baa15c406,4,8,,False,2026-10-03T03:19:36+00:00,2026-10-02,references/chiang2025/,,
geravand2025,no,2025,2025-06-03,existing_catalog_year,Ultrafast coherent dynamics of microring modulators,Alireza Geravand;Zibo Zheng;Farshid Shateri;Simon Levasseur;Leslie A. Rusch;Wei Shi,10.1038/s41566-025-01686-1,2412.17986,silicon_plasma_dispersion,core_integrated_modulator,Silicon resonator topic -> Wei Shi / Laval,https://arxiv.org/abs/2412.17986v1,https://arxiv.org/pdf/2412.17986v1,cached,arxiv_preprint,2412.17986v1,2ddc5a4793cef60396983454ef34b38caf2b71f8126ee3f29c71cc0357cf5a27,34,25,,False,2026-10-03T03:19:44+00:00,2026-10-02,references/geravand2025/,,
hillier2025,no,2025,2025-03-26,existing_catalog_year,320 Gbps co-planar stripline Mach-Zehnder modulator on a generic indium phosphide integrated photonics platform,James Arthur Hillier;Arezou Meighan;Qian Hu;Haoshuo Chen;Weiming Yao;Rainier Van Dommele;Luc Augustin;Michael Wale;Kevin Williams,10.1364/oe.536930,,inp_mqw,core_integrated_modulator,Hillier/Meighan/Williams -> Eindhoven institutional repository,https://doi.org/10.1364/oe.536930,https://research.tue.nl/files/355243912/oe-33-7-15081.pdf,needs_retrieval,,,,,,,,,2026-10-02,,FAILED status=403 type=text/html; charset=UTF-8 bytes=5675; not a complete PDF. Record it in needs_download.md and move on (no workarounds).,
horst2025,no,2025,2025-02-26,existing_catalog_year,Ultra-wideband MHz to THz plasmonic EO modulator,Yannik Horst;David Moor;Daniel Chelladurai;Tobias Blatter;Sónia Fernandes;Laurenz Kulmer;Michael Baumann;Hande Ibili;Christian Funck;Killian Keller;Marcel Destraz;Wolfgang Heni;Loïc Chérix;Yuqi Liu;Hua Wang;Stefan M. Koepfli;Juerg Leuthold,10.1364/optica.544016,,other,core_integrated_modulator,Existing candidate / previous retrieval request; see RESEARCH_ROUTES.md,https://doi.org/10.1364/optica.544016,,needs_retrieval,,,,,,,,,2026-10-02,,ETH repository record located; web access returned 403. Use the repository download in a normal browser.,
li2025b,no,2025,2025-08-28,existing_catalog_year,Engineering cm‐scale true push‐pull electro‐optic modulators in a suspended GaAs photonic integrated circuit platform by exploiting the orientation induced asymmetry of the Pockels r 41 coefficient,Haoyang Li;Robert Thomas;Pisu Jiang;Krishna C. Balram,10.1515/nanoph-2025-0212,2504.10997,algaas_gaas,core_integrated_modulator,GaAs Pockels topic -> Haoyang Li / Krishna Balram / Bristol,https://arxiv.org/abs/2504.10997v1,https://arxiv.org/pdf/2504.10997v1,cached,arxiv_preprint,2504.10997v1,defcd3c72fa1e1877887451b25a4df97094b889e07d5c7e0a7b5c5f245a0dc99,17,92,,False,2026-10-03T03:20:09+00:00,2026-10-02,references/li2025b/,,
lin2025a,no,2025,2025-05-28,existing_catalog_year,Giant electro-optic coefficient in single crystal barium titanate on oxide insulator based Mach-Zehnder interferometer,Hong-Lin Lin;Pragati Aashna;Yu Cao;Aaron Danner,,2505.21927,barium_titanate,core_integrated_modulator,BTO topic -> Hong-Lin Lin / Aaron Danner / NUS,https://arxiv.org/abs/2505.21927v2,https://arxiv.org/pdf/2505.21927v2,cached,arxiv_preprint,2505.21927v2,5cd8e384f3b792f2cd7ec22218545b04963388f301b72127741661e30131edb9,12,15,,False,2026-10-03T03:18:00+00:00,2026-10-02,references/lin2025a/,,
liu2025c,yes,2025,,preprint_submission_year,Lithium Niobate Vertical Cavity Electro-Optic Modulator,Jikun Liu;Weiye Liu;Wei Wu;Ziang Guo;Changrui Zhu;Lun Qu;Pengfei Zhu;Yiting Zhang;Zhihao Chen;Qinglian Li;Dahuai Zheng;Hongde Liu;Shaowei Wang;Wei Cai;Mengxin Ren;Jingjun Xu,,2511.02202,lithium_niobate,auxiliary_free_space_modulator,topic search -> LN resonant/vertical-cavity devices; auxiliary free-space scope,https://arxiv.org/abs/2511.02202,https://arxiv.org/pdf/2511.02202v1,cached,arxiv_preprint,2511.02202v1,d75ac99e0bdc96a5e1e32103c1a95db4155aec7fbbf0ca1dd7155647d923ce2e,7,8,,False,2026-10-03T03:26:25+00:00,2026-10-02,references/liu2025c/,,
murai2025,no,2025,2025-08-29,existing_catalog_year,1.1-cm-long thin-film lithium niobate Mach-Zehnder modulator with low driving voltage integrated by micro-transfer printing,Toshiya Murai;Rai Kou;Guangwei Cong;Masahiko Imai;Kazumasa Takabayashi;Koji Yamada,10.1364/oe.568498,,lithium_niobate,core_integrated_modulator,Existing candidate / previous retrieval request; see RESEARCH_ROUTES.md,https://doi.org/10.1364/oe.568498,,needs_retrieval,,,,,,,,,2026-10-02,,Carried forward from the previous manual-download list; publisher access was previously unavailable. No fresh download attempt in this pass.,
shen2025,yes,2025,2024-10-12,journal_or_conference_citation_year,Highly Efficient Slow‐Light Mach–Zehnder Modulator Achieving 0.21 V cm Efficiency with Bandwidth Surpassing 110 GHz,Jian Shen;Yong Zhang;Lei Zhang;Jingchi Li;Chenglong Feng;Yongheng Jiang;Hongwei Wang;Xingfeng Li;Yu He;Xingchen Ji;Guofeng Yin;Yonghui Tian;Xi Xiao;Yikai Su,10.1002/lpor.202401092,,lithium_niobate,core_integrated_modulator,Zhang2021b -> Yikai Su/Yong Zhang -> Jian Shen,https://doi.org/10.1002/lpor.202401092,https://otip.sjtu.edu.cn/publication/Journal/2025-LPR-JianShen-%20Highly%20Efficient%20Slow%E2%80%90Light%20Mach-Zehnder%20Modulator.pdf,needs_retrieval,,,,,,,,,2026-10-02,,BREAKER active (1401 s left): a previous request was blocked; not fetching.,
singer2025,no,2025,2025-09-15,existing_catalog_year,Linear-drive amplifier-less 112 Gbit/s PAM4 operation of a silicon-organic hybrid (SOH) Mach-Zehnder modulator at 265 mV pp,S. Singer;A. Schwarzenberger;C. Eschenbaum;M. Martens;A. Mertens;G. Dagher;L. Valenziano;S. Sarwar;P. Erk;H. Kholeif;A. Kotz;T. Zwick;S. Bräse;W. Freude;S. Randel;C. Koos,10.1364/oe.551866,,eo_polymer,core_integrated_modulator,Existing candidate / previous retrieval request; see RESEARCH_ROUTES.md,https://doi.org/10.1364/oe.551866,,needs_retrieval,,,,,,,,,2026-10-02,,"KITopen entry located, but its Download control resolves an OA DOI rather than exposing a local PDF.",
steckler2025,no,2025,2025-11-27,existing_catalog_year,Monolithic electro-optic platform on silicon with bandwidth of 100 GHz and beyond,Daniel Steckler;Stefan Lischke;Yuji Yamamoto;Wei-Chen Wen;Anna Peczek;Johannes Beyer;Aleksandra Kroh;Oksana Fursenko;Florian Bärwolf;Steffen Marschmeyer;Philipp Kulse;Dirk Wolansky;Lars Zimmermann,10.1038/s41467-025-66566-2,,germanium_silicon_eam,core_integrated_modulator,topic search -> IHP silicon/GeSi EO platform,https://doi.org/10.1038/s41467-025-66566-2,https://www.nature.com/articles/s41467-025-66566-2.pdf,cached,journal,version_of_record,da8eac8dbcfaa8cfa519ca471edb96fdc2d59fafff96805c89987db3c2923908,10,11,CC-BY-NC-ND-4.0,True,2026-10-03T03:31:55+00:00,2026-10-02,references/steckler2025/,,
suceava2025,no,2025,2025-10-11,existing_catalog_year,Colossal Cryogenic Electro‐Optic Response Through Metastability in Strained BaTiO 3 Thin Films,Albert Suceava;Sankalpa Hazra;Aiden Ross;Ian Reed Philippi;Dylan Sotir;Brynn Brower;Lei Ding;Yingxin Zhu;Zhiyu Zhang;Himirkanti Sarkar;Saugata Sarker;Yang Yang;Suchismita Sarker;Vladimir A. Stoica;Darrell G. Schlom;Long‐Qing Chen;Venkatraman Gopalan,10.1002/adma.202507564,2510.13256,barium_titanate,auxiliary_material_coefficients,Cryogenic BTO -> Suceava / Gopalan / Penn State,https://arxiv.org/abs/2510.13256v1,https://arxiv.org/pdf/2510.13256v1,cached,arxiv_preprint,2510.13256v1,a87413c8e9a6bdc8a6b6328271fbaf3f5cc98e41050c6b14b0164b9e17f63e43,44,53,,False,2026-10-03T03:21:35+00:00,2026-10-02,references/suceava2025/,,11 embedded-image extraction failures; affected pages have rendered fallbacks. Raw PDF retained.
ulrich2025,no,2025,2025-10-23,existing_catalog_year,Engineering high Pockels coefficients in thin-film strontium titanate for cryogenic quantum electro-optic applications,Anja Ulrich;Kamal Brahim;Andries Boelen;Michiel Debaets;Ahmed Khalil;Conglin Sun;Yishu Huang;Sandeep Seema Saseendran;Marina Baryshnikova;Paola Favia;Thomas Nuytten;Stefanie Sergeant;Kasper Van Gasse;Bart Kuyken;Kristiaan De Greve;Clement Merckling;Christian Haffner,10.1126/science.adx3741,2502.14349,strontium_titanate,auxiliary_material_coefficients,Cryogenic STO -> Ulrich / Haffner / imec,https://arxiv.org/abs/2502.14349v1,https://arxiv.org/pdf/2502.14349v1,cached,arxiv_preprint,2502.14349v1,6da394a871cfa73c28586678842a9ec9f69567856ff1696ea734e70b2963e8f9,31,36,,False,2026-10-03T03:21:43+00:00,2026-10-02,references/ulrich2025/,,
yue2025,no,2025,2025-02-06,existing_catalog_year,Silicon modulator exceeding 110 GHz using tunable time-frequency equalization,Hengsong Yue;Jianbin Fu;Hengwei Zhang;Bo Xiong;Shilong Pan;Tao Chu,10.1364/optica.545011,2410.09816,silicon_plasma_dispersion,core_integrated_modulator,Yue -> Tao Chu / Bo Xiong / Zhejiang -> versioned preprint,https://doi.org/10.1364/optica.545011,https://arxiv.org/pdf/2410.09816v1,cached,arxiv_preprint,2410.09816v1,425aa8ea4332940d784b910ebdd33a7dae86184a2756fe61bc95844510064f53,18,11,,False,2026-10-03T03:24:07+00:00,2026-10-02,references/yue2025/,,
zhang2025,no,2025,2025-11-25,existing_catalog_year,512 Gbps/λ dual‐polarization thin‐film lithium niobate modulators based on an electro‐optic equalizer,Jianmin Zhang;Jian Shen;Shuxiao Wang;Zhuoyun Li;Wencheng Yue;Xin Ou;Yan Cai,10.1515/nanoph-2025-0472,,lithium_niobate,core_integrated_modulator,Existing candidate / previous retrieval request; see RESEARCH_ROUTES.md,https://doi.org/10.1515/nanoph-2025-0472,,needs_retrieval,,,,,,,,,2026-10-02,,Carried forward from the previous manual-download list; publisher access was previously unavailable. No fresh download attempt in this pass.,
akazawa2026,no,2026,2026-09-21,existing_catalog_year,"Ultralow-power, high-speed programmable Si photonic circuits with InGaAsP membrane",Tomohiro Akazawa;Rui Tang;Hanzhi Tang;Makoto Okano;Yangyang Wan;Nobuyuki Matsuda;Kasidit Toprasertpong;Shinichi Takagi;Mitsuru Takenaka,,2609.24611,other,core_integrated_modulator,III-V-on-Si topic -> Mitsuru Takenaka / University of Tokyo,https://arxiv.org/abs/2609.24611v1,https://arxiv.org/pdf/2609.24611v1,cached,arxiv_preprint,2609.24611v1,425e283bc11bbb7bd193d2d254fbb4802e689f1ccf7d317fef1c78a59de58cde,10,27,,False,2026-10-03T03:19:28+00:00,2026-10-02,references/akazawa2026/,,
berman2026,yes,2026,,preprint_submission_year,Monolithic Barium Titanate Nanophotonics and Electro-optics,Sarah Berman;Sina Dereshgi;David Barton,,2607.03690,barium_titanate,auxiliary_nanophotonic_platform,deng2026/lin2025a -> monolithic BTO -> Barton/Dereshgi,https://arxiv.org/abs/2607.03690,https://arxiv.org/pdf/2607.03690v1,cached,arxiv_preprint,2607.03690v1,6a3c2df4b3870e8a9662fadf720c35806a674d1661528de01c45a5046b6dbf26,12,14,,False,2026-10-03T03:26:08+00:00,2026-10-02,references/berman2026/,,1 embedded-image extraction failures; affected pages have rendered fallbacks. Raw PDF retained.
chen2026,no,2026,2026-04-30,existing_catalog_year,Thin-film lithium tantalate electro-optic modulator with balanced bandwidth-voltage and low DC drift,Haiwei Chen;Zhilin Ye;Kaiyan Pan;Heyi Cai;Nan Jiang;Gang Zhao;Shining Zhu;Xiaopeng Hu,10.1364/oe.595937,,lithium_tantalate,core_integrated_modulator,Existing candidate / previous retrieval request; see RESEARCH_ROUTES.md,https://doi.org/10.1364/oe.595937,,needs_retrieval,,,,,,,,,2026-10-02,,Carried forward from the previous manual-download list; publisher access was previously unavailable. No fresh download attempt in this pass.,
falcone2026,yes,2026,,preprint_submission_year,Solution-derived barium titanate waveguides for integrated electro-optic modulation,Virginia Falcone;Eleni Prountzou;Jost Kellner;Ülle-Linda Talts;Rachel Grange,,2601.14938,barium_titanate,core_integrated_modulator,kohli2025/deng2026 -> BTO -> Rachel Grange group,https://arxiv.org/abs/2601.14938,https://arxiv.org/pdf/2601.14938v1,cached,arxiv_preprint,2601.14938v1,96d5d7055f826c86cb1939380ae7465f9dafef1364a0c987f70785b1a50ea4bb,13,27,,False,2026-10-03T03:25:53+00:00,2026-10-02,references/falcone2026/,,
hu2026,no,2026,2026-03-06,existing_catalog_year,400‐Gbps/λ Ultrafast Silicon Microring Modulator for Scalable Optical Compute Interconnects,Fangchen Hu;Fengxin Yu;Xingyu Liu;Aoxue Wang;Xiao Hu;Haiwen Cai;Wei Chu,10.1002/lpor.202502840,2509.01555,silicon_plasma_dispersion,core_integrated_modulator,Silicon resonator topic -> Wei Chu / Xiao Hu / Zhangjiang / Fudan,https://arxiv.org/abs/2509.01555v1,https://arxiv.org/pdf/2509.01555v1,cached,arxiv_preprint,2509.01555v1,859dd779317fda011f1fb403dc7ea455f6002ceb2df1fb5fc8feef953d304eac,55,38,,False,2026-10-03T03:19:50+00:00,2026-10-02,references/hu2026/,,
kim2025,no,2026,2026-07-13,existing_catalog_year,Low-loss monolithic barium titanate on insulator integrated photonics with intrinsic quality factor >1 million,Gwan In Kim;Jieun Yim;Gaurav Bahl,10.1364/ol.601610,2507.17150,barium_titanate,auxiliary_nanophotonic_platform,BTO topic -> Gwan In Kim / Gaurav Bahl / UIUC,https://arxiv.org/abs/2507.17150v1,https://arxiv.org/pdf/2507.17150v1,cached,arxiv_preprint,2507.17150v1,780b07822b02e74c1375854cf9ba945649b9fb8a04ab78b29934881ccc46518b,16,9,,False,2026-10-03T03:19:58+00:00,2026-10-02,references/kim2025/,,
lin2026a,yes,2026,,preprint_submission_year,Thin-film lithium tantalate for ultraviolet integrated electro-optic modulator,Chupao Lin;Patrick Nenezic;Arno Moerman;Konstantinos Akritidis;Tom Vanackere;Simone Atzeni;Margot Niels;He Li;Valeria Bonito Oliva;Maximilien Billet;Bart Kuyken,,2605.02758,lithium_tantalate,core_integrated_modulator,niels2026 -> Niels/Vanackere/Kuyken -> Chupao Lin,https://arxiv.org/abs/2605.02758,https://arxiv.org/pdf/2605.02758v1,cached,arxiv_preprint,2605.02758v1,bfcf18d98b96a3ea4d06a9b833cef050281ea2a2117dfb78a7f5a25801332b9d,18,12,,False,2026-10-03T03:25:24+00:00,2026-10-02,references/lin2026a/,,
liu2026d,yes,2026,2026-06-26,journal_or_conference_citation_year,Visible and Near-Infrared Thin-Film Lithium Niobate Modulators with Thermo-Optic Bias,Tianyi Liu;Engjell Bebeti;John N. Straguzzi;Joyce K. S. Poon;Wesley D. Sacher,10.1021/acsphotonics.6c00668,,lithium_niobate,core_integrated_modulator,Visible modulator topic -> Tianyi Liu / Max Planck / Toronto,https://doi.org/10.1021/acsphotonics.6c00668,,needs_retrieval,,,,,,,,,2026-10-02,,No downloadable open primary-source PDF located in this search pass.,
montifiore2026,no,2026,2026-05-01,existing_catalog_year,Blue to near-IR integrated PZT silicon nitride modulators for quantum and atomic applications,Nick Montifiore;Andrei Isichenko;Nitesh Chauhan;Jiawei Wang;Andrew S. Hunter;Mark W. Harrington;Rahul Chawlani;Ryan Q. Rudy;Iain Kierzewski;Michael Pushkarsky;Daniel J. Blumenthal,10.1364/oe.588566,2601.15695,pzt,auxiliary_stress_optic_modulator,Visible PZT topic -> Daniel Blumenthal / UCSB; stress-optic context,https://arxiv.org/abs/2601.15695v1,https://arxiv.org/pdf/2601.15695v1,cached,arxiv_preprint,2601.15695v1,0b5bd0480f0c91b09fc1fd0e831b770e9dca257e82eb946eec327e8f808cb249,10,11,,False,2026-10-03T03:20:30+00:00,2026-10-02,references/montifiore2026/,,
nenezic2026,no,2026,2026-05-27,existing_catalog_year,"A variability-aware simulation and design workflow for wafer-scale, heterogeneously integrated lithium niobate modulators",Patrick Nenezic;Ewoud Vissers;Arno Moerman;Laurens Bogaert;Maximilien Billet;Xiujun Zheng;Tom Vanackere;Margot Niels;Athina Papadopoulou;Sarah Uvin;Peter De Heyn;Sandeep Saseendran;Simone Atzeni;Bart Kuyken,,2605.28765,lithium_niobate,core_modulator_design_workflow,Niels/Vanackere -> Patrick Nenezic / Kuyken / Ghent-imec,https://arxiv.org/abs/2605.28765v1,https://arxiv.org/pdf/2605.28765v1,cached,arxiv_preprint,2605.28765v1,466eb6055accfc5025d2016712c971aea4933c03aeb0b180bbe0293092181b13,10,12,,False,2026-10-03T03:20:35+00:00,2026-10-02,references/nenezic2026/,,
sayem2026a,no,2026,2026-04-30,existing_catalog_year,Stable thin-film lithium tantalate modulators operating at high temperature for uncooled operation,Ayed Al Sayem;Shiekh Zia Uddin;Ting-Chen Hu;Alaric Tate;Mark Cappuzzo;Rose Kopf;Mark Earnshaw,,2604.27285,lithium_tantalate,core_integrated_modulator,Lithium tantalate topic -> Ayed Al Sayem / Mark Earnshaw / Nokia Bell Labs,https://arxiv.org/abs/2604.27285v1,https://arxiv.org/pdf/2604.27285v1,cached,arxiv_preprint,2604.27285v1,489db9dbb1c1f01e3001943ccfa02e759aee393a8f4de0af6ea8ec38ebcdfa5c,6,7,,False,2026-10-03T03:20:39+00:00,2026-10-02,references/sayem2026a/,,
sayem2026b,no,2026,2026-01-31,existing_catalog_year,High-power handling and bias stability of thin-film Lithium Tantalate microring and coupling resonators,Ayed Sayem;Shiekh Zia Uddin;Ting-Chen Hu;Alaric Tate;Mark Cappuzzo;Rose Kopf;Mark Earnshaw,,2602.00922,lithium_tantalate,core_integrated_modulator,Lithium tantalate topic -> Ayed Al Sayem / Mark Earnshaw / Nokia Bell Labs,https://arxiv.org/abs/2602.00922v2,https://arxiv.org/pdf/2602.00922v2,cached,arxiv_preprint,2602.00922v2,a550fd91014ce68dd032fd46dd942815acd53261dd496bede23f41ee9eadcc61,6,8,,False,2026-10-03T03:20:48+00:00,2026-10-02,references/sayem2026b/,,
schwarzenberger2026,yes,2026,2026-02-01,journal_or_conference_citation_year,Silicon-Organic Hybrid (SOH) Mach–Zehnder Modulators (MZM) for Single-Carrier IM/DD Line Rates of 500 Gbit/s and Beyond,Adrian Schwarzenberger;Alexander Kotz;Dengyang Fang;Hend Kholeif;Carsten Eschenbaum;Lukas Grünewald;Christoph Wilhelm;Stefan Singer;Mohamed Kelany;Cheng Feng;Malte Martens;Adrian Mertens;Sidra Sarwar;Patrick Kern;Masis Sirim;Peter Erk;Artem Kuzmin;Yolita M. Eggeler;Stefan Bräse;Sebastian Randel;Wolfgang Freude;Christian Koos,10.1109/JLT.2025.3625813,,eo_polymer,core_integrated_modulator,Ummethala/Kieninger -> Koos -> Schwarzenberger KIT publication list,https://doi.org/10.1109/JLT.2025.3625813,https://publikationen.bibliothek.kit.edu/1000187479/180060477,cached,institutional_copy,publisher_formatted_repository_copy,3c5e1f29b0c5b09eefc555ddeca68d41acc1a49be021bc43b083c567fe39bbe1,17,15,,False,2026-10-03T03:24:56+00:00,2026-10-02,references/schwarzenberger2026/,,
schwarzenberger2026a,yes,2026,2026,journal_or_conference_citation_year,O-Band Silicon-Organic Hybrid (SOH) Mach-Zehnder Modulator Operating at a PAM4 Line Rate of 384 Gbit/s with Sub-Volt Drive Voltage,A. Schwarzenberger;S. Sarwar;C. Eschenbaum;A. Mertens;M. Martens;L. Grünewald;A. Kotz;D. Fang;A. Sherifaj;S. Singer;H. Kholeif;P. Kern;P. Erk;A. Kuzmin;Y. M. Eggeler;S. Bräse;S. Randel;W. Freude;C. Koos,10.1109/JSTQE.2026.3684861,,eo_polymer,core_integrated_modulator,Ummethala/Kieninger -> Koos -> KITopen 1000192958,https://doi.org/10.1109/JSTQE.2026.3684861,,needs_retrieval,,,,,,,,,2026-10-02,,No downloadable open primary-source PDF located in this search pass.,
taghavi2026,no,2026,2026-07-15,existing_catalog_year,DC-to-GHz modulation in microring modulators using ferroelectric nematic liquid crystal-on-silicon in a foundry photonic process,Iman Taghavi;Alexander Tofini;Edward K. Leung;Cory Pecinovsky;Nicolas A. F. Jaeger;Lukas Chrostowski;Sudip Shekhar,10.1364/optica.591830,2602.20406,ferroelectric_nematic_lc,core_integrated_modulator,Liquid-crystal modulators -> Polaris / UBC / Chrostowski / Shekhar,https://arxiv.org/abs/2602.20406v1,https://arxiv.org/pdf/2602.20406v1,cached,arxiv_preprint,2602.20406v1,42af743a1e92ce8b6e988651f5b11060115d936fdaa97aa8cbed9b6e7a6d0bf1,16,13,,False,2026-10-03T03:21:09+00:00,2026-10-02,references/taghavi2026/,,
wu2025,no,2026,2026-05-25,existing_catalog_year,Heterogeneous Back‐End‐of‐Line Integration of Thin‐Film Lithium Niobate on Active Silicon Photonics for Single‐Chip Optical Transceivers,Lingfeng Wu;Zhonghao Zhou;Weilong Ma;Haohua Wang;Ziliang Ruan;Shiqing Gao;Zhishan Huang;Lu Qi;Jie Liu;Jing Feng;Changjian Guo;Dapeng Liu;Kaixuan Chen;Liu Liu,10.1002/lpor.71344,2512.07196,lithium_niobate,core_integrated_modulator,Chen2022 -> Kaixuan Chen / Liu Liu / SCNU / Zhejiang,https://arxiv.org/abs/2512.07196v1,https://arxiv.org/pdf/2512.07196v1,cached,arxiv_preprint,2512.07196v1,a51a43c40c46543b22bb33e7278dcf6e841204a9e7ffdeb917b93419a9390a88,15,11,,False,2026-10-03T03:21:15+00:00,2026-10-02,references/wu2025/,,
xue2026,no,2026,2026-04-01,existing_catalog_year,High-performance thin-film lithium niobate electro-optic modulator on a thick silica buffering layer,Xiaotian Xue;Yingdong Xu;Wenjun Ding;Rui Ye;Jing Qiu;Guangzhen Li;Jianbiao Dai;Shijie Liu;Hao Li;Luqi Yuan;Bo Wang;Yuanlin Zheng;Xianfeng Chen,10.1364/oe.588103,,lithium_niobate,core_integrated_modulator,Existing candidate / previous retrieval request; see RESEARCH_ROUTES.md,https://doi.org/10.1364/oe.588103,,needs_retrieval,,,,,,,,,2026-10-02,,Carried forward from the previous manual-download list; publisher access was previously unavailable. No fresh download attempt in this pass.,
zhang2026c,yes,2026,2026-01-30,journal_or_conference_citation_year,Microwave Characteristics and Bandwidth of BaTiO 3 Crystal Film Waveguide Electrooptic Modulator to Match the Light‐Wave Standard (Invited),Junyu Zhang;Zi Wang;DeGui Sun;Zheng Wen;Na Sun;Kaiping Zhang,10.1002/pssr.202500340,,barium_titanate,auxiliary_microwave_model,deng2026 -> BTO microwave characteristics -> publisher,https://doi.org/10.1002/pssr.202500340,,needs_retrieval,,,,,,,,,2026-10-02,,No downloadable open primary-source PDF located in this search pass.,
zhong2026,yes,2026,2025-12-18,journal_or_conference_citation_year,Ultracompact and large-bandwidth silicon modulator in a CMOS-compatible foundry,Hua Zhong;Jingchi Li;Yu He;Hongwei Wang;Yuqi Chen;Yong Zhang;Xingfeng Li;Yuhan Du;Yikai Su,10.1038/s41467-025-67826-x,,silicon_plasma_dispersion,core_integrated_modulator,Zhang2021b -> Yikai Su SJTU group publications; group year label needs Crossref verification,https://doi.org/10.1038/s41467-025-67826-x,https://www.nature.com/articles/s41467-025-67826-x.pdf,cached,journal,version_of_record,d68020d89d3cf5924f92573b3f922bb951b5744da3463e4e1f5a226f73d87aab,8,8,CC-BY-NC-ND-4.0,True,2026-10-03T03:48:00+00:00,2026-10-02,references/zhong2026/,,
