rank,priority,paper_id,year,title,doi,publisher_url,browser_copy_url,save_as,drop_folder,supporting_files_if_available,why_needed,access_note
1,1,han2023,2023,Slow-light silicon modulator with 110-GHz bandwidth,10.1126/sciadv.adi5339,https://doi.org/10.1126/sciadv.adi5339,https://www.science.org/doi/pdf/10.1126/sciadv.adi5339,han2023.pdf,references/_inbox/,han2023_supplement.pdf;han2023_data.zip,Unblocks the already-staged p2_02 slow-light silicon comparison; need primary text and Supplementary Materials.,FAILED status=403 type=text/html; charset=UTF-8 bytes=5602; not a complete PDF. Record it in needs_download.md and move on (no workarounds).
2,1,ogiso2020,2020,80-GHz Bandwidth and 1.5-V Vπ InP-Based IQ Modulator,10.1109/jlt.2019.2924671,https://doi.org/10.1109/jlt.2019.2924671,,ogiso2020.pdf,references/_inbox/,ogiso2020_supplement.pdf;ogiso2020_data.zip,"Closes the 2020 InP IQ baseline gap; need electrode geometry, voltage and bandwidth measurement conventions.",Carried forward from the previous manual-download list; publisher access was previously unavailable. No fresh download attempt in this pass.
3,1,hillier2025,2025,320 Gbps co-planar stripline Mach-Zehnder modulator on a generic indium phosphide integrated photonics platform,10.1364/oe.536930,https://doi.org/10.1364/oe.536930,https://research.tue.nl/files/355243912/oe-33-7-15081.pdf,hillier2025.pdf,references/_inbox/,hillier2025_supplement.pdf;hillier2025_data.zip,Recent generic-foundry InP comparison; need full paper and any characterization supplement.,FAILED status=403 type=text/html; charset=UTF-8 bytes=5675; not a complete PDF. Record it in needs_download.md and move on (no workarounds).
4,1,li2024,2024,Thin-Film BTO-Based MZMs for Next-Generation IMDD Transceivers Beyond 200 Gbps/λ,10.1109/jlt.2023.3339472,https://doi.org/10.1109/jlt.2023.3339472,,li2024.pdf,references/_inbox/,li2024_supplement.pdf;li2024_data.zip,"Key thin-film BTO MZM comparison; need phase-shifter geometry, drive conventions and EO/RF curves.",No accessible primary-source PDF cached in this pass; author/institutional route recorded in RESEARCH_ROUTES.md.
5,1,kohli2023,2023,Plasmonic Ferroelectric Modulator Monolithically Integrated on SiN for 216 GBd Data Transmission,10.1109/jlt.2023.3260064,https://doi.org/10.1109/jlt.2023.3260064,https://www.research-collection.ethz.ch/entities/publication/a7349c1a-c993-4d59-9622-e5be19496292,kohli2023.pdf,references/_inbox/,kohli2023_supplement.pdf;kohli2023_data.zip,"BTO-on-SiN plasmonic comparison; need the journal paper, distinct from its shorter conference precursor.",ETH repository lists a published PDF; its page returned 403 during this pass.
6,1,wang2022,2022,Silicon–Lithium Niobate Hybrid Intensity and Coherent Modulators Using a Periodic Capacitively Loaded Traveling-Wave Electrode,10.1021/acsphotonics.2c00263,https://doi.org/10.1021/acsphotonics.2c00263,,wang2022.pdf,references/_inbox/,wang2022_supplement.pdf;wang2022_data.zip,Loaded traveling-wave electrode design connects directly to the Chen2022 reproduction route.,No downloadable open primary-source PDF located in this search pass.
7,1,yang2022,2022,Monolithic thin film lithium niobate electro-optic modulator with over 110 GHz bandwidth,10.3788/col202220.022502,https://doi.org/10.3788/col202220.022502,https://www.researching.cn/ArticlePdf/m00005/2022/20/2/022502.pdf,yang2022.pdf,references/_inbox/,yang2022_supplement.pdf;yang2022_data.zip,LN fabrication and electrode details needed to assess the high-bandwidth result.,"FAILED network error: HTTPSConnectionPool(host='www.researching.cn', port=443): Max retries exceeded with url: /ArticlePdf/m00005/2022/20/2/022502.pdf (Caused by SSLError(SSLCertVerificationError(1, '[SSL: CERTIFICATE_VERIFY_FAILED] certificate verify failed: unable to get local issuer certificate (_ssl.c:1010)')))"
8,1,schwarzenberger2026a,2026,O-Band Silicon-Organic Hybrid (SOH) Mach-Zehnder Modulator Operating at a PAM4 Line Rate of 384 Gbit/s with Sub-Volt Drive Voltage,10.1109/JSTQE.2026.3684861,https://doi.org/10.1109/JSTQE.2026.3684861,,schwarzenberger2026a.pdf,references/_inbox/,schwarzenberger2026a_supplement.pdf;schwarzenberger2026a_data.zip,Extends KIT SOH comparison to O-band; need the full 2026 article.,No downloadable open primary-source PDF located in this search pass.
9,1,liu2021a,2021,Wideband thin-film lithium niobate modulator with low half-wave-voltage length product,10.3788/COL202119.060016,https://doi.org/10.3788/COL202119.060016,https://www.researching.cn/ArticlePdf/m00005/2021/19/6/060016.pdf,liu2021a.pdf,references/_inbox/,liu2021a_supplement.pdf;liu2021a_data.zip,Fills the 2021 LN gap and traces the Tsinghua author branch.,BREAKER active (1751 s left): a previous request was blocked; not fetching.
10,1,zhang2021b,2021,High-speed electro-optic modulator based on silicon nitride loaded lithium niobate on an insulator platform,10.1364/ol.446222,https://doi.org/10.1364/ol.446222,https://otip.sjtu.edu.cn/publication/Journal/2021-OL-PuZhang-High-speed%20electro-optic%20modulator%20based%20on.pdf,zhang2021b.pdf,references/_inbox/,zhang2021b_supplement.pdf;zhang2021b_data.zip,Fills the 2021 hybrid SiN/LN gap and provides the SJTU/RMIT/Lanzhou device details.,University-hosted PDF transfer did not complete after more than five minutes; stopped and host cooldown applied. Try the direct university link in a normal browser.
11,2,pan2021,2021,Demonstration of high-speed thin-film lithium-niobate-on-insulator optical modulators at the 2-µm wavelength,10.1364/oe.416908,https://doi.org/10.1364/oe.416908,,pan2021.pdf,references/_inbox/,pan2021_supplement.pdf;pan2021_data.zip,"Full primary text is required before extracting geometry, measurements and evidence; title/abstract alone is insufficient.",Carried forward from the previous manual-download list; publisher access was previously unavailable. No fresh download attempt in this pass.
12,2,boynton2020,2020,A heterogeneously integrated silicon photonic/lithium niobate travelling wave electro-optic modulator,10.1364/oe.28.001868,https://doi.org/10.1364/oe.28.001868,,boynton2020.pdf,references/_inbox/,boynton2020_supplement.pdf;boynton2020_data.zip,"Full primary text is required before extracting geometry, measurements and evidence; title/abstract alone is insufficient.",Carried forward from the previous manual-download list; publisher access was previously unavailable. No fresh download attempt in this pass.
13,2,mao2022,2022,Heterogeneous silicon-on-lithium niobate electro-optic modulator for 100-Gbaud modulation,10.1063/5.0109251,https://doi.org/10.1063/5.0109251,,mao2022.pdf,references/_inbox/,mao2022_supplement.pdf;mao2022_data.zip,"Full primary text is required before extracting geometry, measurements and evidence; title/abstract alone is insufficient.",Carried forward from the previous manual-download list; publisher access was previously unavailable. No fresh download attempt in this pass.
14,2,xue2023,2023,Full-spectrum visible electro-optic modulator,10.1364/OPTICA.482667,https://doi.org/10.1364/OPTICA.482667,,xue2023.pdf,references/_inbox/,xue2023_supplement.pdf;xue2023_data.zip,"Full primary text is required before extracting geometry, measurements and evidence; title/abstract alone is insufficient.",No downloadable open primary-source PDF located in this search pass.
15,2,li2022b,2022,High modulation efficiency and large bandwidth thin-film lithium niobate modulator for visible light,10.1364/OE.469065,https://doi.org/10.1364/OE.469065,,li2022b.pdf,references/_inbox/,li2022b_supplement.pdf;li2022b_data.zip,"Full primary text is required before extracting geometry, measurements and evidence; title/abstract alone is insufficient.",No downloadable open primary-source PDF located in this search pass.
16,2,chen2023,2023,Compact slow‐light waveguide and modulator on thin‐film lithium niobate platform,10.1515/nanoph-2023-0306,https://doi.org/10.1515/nanoph-2023-0306,,chen2023.pdf,references/_inbox/,chen2023_supplement.pdf;chen2023_data.zip,"Full primary text is required before extracting geometry, measurements and evidence; title/abstract alone is insufficient.",No downloadable open primary-source PDF located in this search pass.
17,2,singer2025,2025,Linear-drive amplifier-less 112 Gbit/s PAM4 operation of a silicon-organic hybrid (SOH) Mach-Zehnder modulator at 265 mV pp,10.1364/oe.551866,https://doi.org/10.1364/oe.551866,https://publikationen.bibliothek.kit.edu/1000185881,singer2025.pdf,references/_inbox/,singer2025_supplement.pdf;singer2025_data.zip,"Full primary text is required before extracting geometry, measurements and evidence; title/abstract alone is insufficient.","KITopen entry located, but its Download control resolves an OA DOI rather than exposing a local PDF."
18,2,horst2025,2025,Ultra-wideband MHz to THz plasmonic EO modulator,10.1364/optica.544016,https://doi.org/10.1364/optica.544016,https://www.research-collection.ethz.ch/entities/publication/f9c9681f-bd8a-4592-84bf-8386db70e83d,horst2025.pdf,references/_inbox/,horst2025_supplement.pdf;horst2025_data.zip,"Full primary text is required before extracting geometry, measurements and evidence; title/abstract alone is insufficient.",ETH repository record located; web access returned 403. Use the repository download in a normal browser.
19,2,eltes2020,2020,An integrated optical modulator operating at cryogenic temperatures,10.1038/s41563-020-0725-5,https://doi.org/10.1038/s41563-020-0725-5,,eltes2020.pdf,references/_inbox/,eltes2020_supplement.pdf;eltes2020_data.zip,"Full primary text is required before extracting geometry, measurements and evidence; title/abstract alone is insufficient.",No accessible primary-source PDF cached in this pass; author/institutional route recorded in RESEARCH_ROUTES.md.
20,2,xu2022,2022,Dual-polarization thin-film lithium niobate in-phase quadrature modulators for terabit-per-second transmission,10.1364/optica.449691,https://doi.org/10.1364/optica.449691,https://einstein.nju.edu.cn/upload/uploadify/20220124/20210110-Optica-Dual-polarizationthin-filmlithiumniobatein-phasequadraturemodulatorsforterabit-per-secondtransmission_202201241539560544.pdf,xu2022.pdf,references/_inbox/,xu2022_supplement.pdf;xu2022_data.zip,"Full primary text is required before extracting geometry, measurements and evidence; title/abstract alone is insufficient.",University-hosted PDF transfer did not complete after more than five minutes; stopped and host cooldown applied. Try the direct university link in a normal browser.
21,2,eltes2023,2023,Thin-film BTO-based modulators enabling 200 Gb/s data rates with sub 1 Vpp drive signal,10.1364/ofc.2023.th4a.2,https://doi.org/10.1364/ofc.2023.th4a.2,,eltes2023.pdf,references/_inbox/,eltes2023_supplement.pdf;eltes2023_data.zip,"Full primary text is required before extracting geometry, measurements and evidence; title/abstract alone is insufficient.",No accessible primary-source PDF cached in this pass; author/institutional route recorded in RESEARCH_ROUTES.md.
22,2,schwarzenberger2023,2023,First demonstration of a silicon-organic hybrid (SOH) modulator based on a long-term-stable crosslinked electro-optic material,10.1049/icp.2023.2357,https://doi.org/10.1049/icp.2023.2357,,schwarzenberger2023.pdf,references/_inbox/,schwarzenberger2023_supplement.pdf;schwarzenberger2023_data.zip,"Full primary text is required before extracting geometry, measurements and evidence; title/abstract alone is insufficient.",No downloadable open primary-source PDF located in this search pass.
23,2,schwarzenberger2023a,2023,First Demonstration of a cryogenic Silicon Organic Hybrid (SOH) Mach-Zehnder Modulator with a Sub-1V π-Voltage,10.1364/CLEO_SI.2023.STh5C.7,https://doi.org/10.1364/CLEO_SI.2023.STh5C.7,,schwarzenberger2023a.pdf,references/_inbox/,schwarzenberger2023a_supplement.pdf;schwarzenberger2023a_data.zip,"Full primary text is required before extracting geometry, measurements and evidence; title/abstract alone is insufficient.",No downloadable open primary-source PDF located in this search pass.
24,2,shen2023,2023,Hybrid lithium tantalite-silicon integrated photonics platform for electro-optic modulation,10.1364/OL.502492,https://doi.org/10.1364/OL.502492,https://otip.sjtu.edu.cn/publication/Journal/2023-OL-JianShen-Hybrid%20lithium%20tantalite-silicon%20integrated%20photonics.pdf,shen2023.pdf,references/_inbox/,shen2023_supplement.pdf;shen2023_data.zip,"Full primary text is required before extracting geometry, measurements and evidence; title/abstract alone is insufficient.",BREAKER active (1404 s left): a previous request was blocked; not fetching.
25,2,yang2024,2024,High-Bandwidth Lumped Mach-Zehnder Modulators Based on Thin-Film Lithium Niobate,10.3390/photonics11050399,https://doi.org/10.3390/photonics11050399,,yang2024.pdf,references/_inbox/,yang2024_supplement.pdf;yang2024_data.zip,"Full primary text is required before extracting geometry, measurements and evidence; title/abstract alone is insufficient.",Publisher page returned HTTP 429; PDF not attempted further.
26,2,zhou2024,2024,Integrated electro-optic modulator on a lead zirconate titanate-silicon nitride heterogeneous platform,10.1364/OL.538022,https://doi.org/10.1364/OL.538022,https://otip.sjtu.edu.cn/publication/Journal/2024-OL-WenfengZhou-Integrated%20electro-optic%20modulator%20on%20a.pdf,zhou2024.pdf,references/_inbox/,zhou2024_supplement.pdf;zhou2024_data.zip,"Full primary text is required before extracting geometry, measurements and evidence; title/abstract alone is insufficient.",BREAKER active (1399 s left): a previous request was blocked; not fetching.
27,2,chen2025,2025,Ultra‐Compact and Ultra‐High Speed Topological Photonic Crystal Modulator Based on Thin Film Lithium Niobate,10.1002/lpor.202500380,https://doi.org/10.1002/lpor.202500380,,chen2025.pdf,references/_inbox/,chen2025_supplement.pdf;chen2025_data.zip,"Full primary text is required before extracting geometry, measurements and evidence; title/abstract alone is insufficient.",No downloadable open primary-source PDF located in this search pass.
28,2,murai2025,2025,1.1-cm-long thin-film lithium niobate Mach-Zehnder modulator with low driving voltage integrated by micro-transfer printing,10.1364/oe.568498,https://doi.org/10.1364/oe.568498,,murai2025.pdf,references/_inbox/,murai2025_supplement.pdf;murai2025_data.zip,"Full primary text is required before extracting geometry, measurements and evidence; title/abstract alone is insufficient.",Carried forward from the previous manual-download list; publisher access was previously unavailable. No fresh download attempt in this pass.
29,2,shen2025,2025,Highly Efficient Slow‐Light Mach–Zehnder Modulator Achieving 0.21 V cm Efficiency with Bandwidth Surpassing 110 GHz,10.1002/lpor.202401092,https://doi.org/10.1002/lpor.202401092,https://otip.sjtu.edu.cn/publication/Journal/2025-LPR-JianShen-%20Highly%20Efficient%20Slow%E2%80%90Light%20Mach-Zehnder%20Modulator.pdf,shen2025.pdf,references/_inbox/,shen2025_supplement.pdf;shen2025_data.zip,"Full primary text is required before extracting geometry, measurements and evidence; title/abstract alone is insufficient.",BREAKER active (1401 s left): a previous request was blocked; not fetching.
30,2,zhang2025,2025,512 Gbps/λ dual‐polarization thin‐film lithium niobate modulators based on an electro‐optic equalizer,10.1515/nanoph-2025-0472,https://doi.org/10.1515/nanoph-2025-0472,,zhang2025.pdf,references/_inbox/,zhang2025_supplement.pdf;zhang2025_data.zip,"Full primary text is required before extracting geometry, measurements and evidence; title/abstract alone is insufficient.",Carried forward from the previous manual-download list; publisher access was previously unavailable. No fresh download attempt in this pass.
31,2,chen2026,2026,Thin-film lithium tantalate electro-optic modulator with balanced bandwidth-voltage and low DC drift,10.1364/oe.595937,https://doi.org/10.1364/oe.595937,,chen2026.pdf,references/_inbox/,chen2026_supplement.pdf;chen2026_data.zip,"Full primary text is required before extracting geometry, measurements and evidence; title/abstract alone is insufficient.",Carried forward from the previous manual-download list; publisher access was previously unavailable. No fresh download attempt in this pass.
32,2,liu2026d,2026,Visible and Near-Infrared Thin-Film Lithium Niobate Modulators with Thermo-Optic Bias,10.1021/acsphotonics.6c00668,https://doi.org/10.1021/acsphotonics.6c00668,,liu2026d.pdf,references/_inbox/,liu2026d_supplement.pdf;liu2026d_data.zip,"Full primary text is required before extracting geometry, measurements and evidence; title/abstract alone is insufficient.",No downloadable open primary-source PDF located in this search pass.
33,2,xue2026,2026,High-performance thin-film lithium niobate electro-optic modulator on a thick silica buffering layer,10.1364/oe.588103,https://doi.org/10.1364/oe.588103,,xue2026.pdf,references/_inbox/,xue2026_supplement.pdf;xue2026_data.zip,"Full primary text is required before extracting geometry, measurements and evidence; title/abstract alone is insufficient.",Carried forward from the previous manual-download list; publisher access was previously unavailable. No fresh download attempt in this pass.
34,2,zhang2026c,2026,Microwave Characteristics and Bandwidth of BaTiO 3 Crystal Film Waveguide Electrooptic Modulator to Match the Light‐Wave Standard (Invited),10.1002/pssr.202500340,https://doi.org/10.1002/pssr.202500340,,zhang2026c.pdf,references/_inbox/,zhang2026c_supplement.pdf;zhang2026c_data.zip,"Full primary text is required before extracting geometry, measurements and evidence; title/abstract alone is insufficient.",No downloadable open primary-source PDF located in this search pass.
