rank,paper_id,year,title,doi,publisher_url,browser_copy_url,save_as,platform,kind,note
1,wang2026c,2026,High-speed and stable 532-nm electro-optic modulator on thin-film lithium tantalate,10.1364/ol.605420,https://doi.org/10.1364/ol.605420,,wang2026c.pdf,lithium_tantalate,paper,
2,su2026a,2026,High-Extinction-Ratio Electro-Optic Modulator on Thin-Film Lithium Niobate Operating at 1064 nm,10.3390/photonics13050505,https://doi.org/10.3390/photonics13050505,,su2026a.pdf,lithium_niobate,paper,
3,starnault2026a,2026,Integrated electro-optic circulator on thin-film lithium niobate for bidirectional optical fibre transmission,10.1038/s41566-026-02008-9,https://doi.org/10.1038/s41566-026-02008-9,,starnault2026a.pdf,lithium_niobate,paper,Not a conventional modulator; modulator-based non-reciprocal device.
4,yu2026a,2026,Freestanding BaTiO3 membranes for electro-optic performance enhancement and hybrid integration,10.1117/1.ap.8.5.056012,https://doi.org/10.1117/1.ap.8.5.056012,https://doi.org/10.1117/1.ap.8.5.056012 (CC BY 4.0 per Crossref license),yu2026a.pdf,barium_titanate,paper,Issued date 2026-09-26 per Crossref.
5,wang2025a,2025,High-bandwidth electro-optic modulator on a hybrid silicon-nitride-lithium-tantalate platform,10.1364/ol.573836,https://doi.org/10.1364/ol.573836,,wang2025a.pdf,lithium_tantalate,paper,
6,assumpcao2025,2025,High-speed short-wavelength communications utilizing thin-film lithium niobate,10.1364/ol.541803,https://doi.org/10.1364/ol.541803,,assumpcao2025.pdf,lithium_niobate,paper,
7,jaeger2025,2025,Compact low-voltage lithium niobate racetrack modulator on a silicon nitride platform through micro-transfer printing,10.1364/ol.561544,https://doi.org/10.1364/ol.561544,,jaeger2025.pdf,lithium_niobate,paper,
8,li2025,2025,Hybrid Silicon Nitride/Lithium Niobate Electro-Optical Modulator with Wide Optical Bandwidth and High RF Bandwidth Based on Ion-Cut Wafer-Level Bonding Technology,10.1002/lpor.202500138,https://doi.org/10.1002/lpor.202500138,,li2025.pdf,lithium_niobate,paper,Vpi/bandwidth not in retrieved fragment.
9,wang2025b,2025,Thin-film lithium niobate modulator with perfectly vertical coupling to a single-mode fiber,10.3788/col202523.051301,https://doi.org/10.3788/col202523.051301,https://www.researching.cn/ArticlePdf/m00005/2025/23/5/051301.pdf (surfaced in search results; not fetched),wang2025b.pdf,lithium_niobate,paper,
10,hwang2025,2025,A wide-spectrum mid-infrared electro-optic intensity modulator employing a two-point coupled lithium niobate racetrack resonator,10.1063/5.0235751,https://doi.org/10.1063/5.0235751,,hwang2025.pdf,lithium_niobate,paper,
11,zhang2025a,2025,High-bandwidth CMOS-level integrated thin-film lithium niobate electro-optic modulator at 1064 nm wavelength,10.1016/j.optlastec.2025.113335,https://doi.org/10.1016/j.optlastec.2025.113335,,zhang2025a.pdf,lithium_niobate,paper,Last author not retrieved.
12,li2025f,2025,Measuring the Effective Electro-Optic Coefficient of Low-Temperature-Prepared Lead Zirconate Titanate Thin Films,10.3390/ma18040837,https://doi.org/10.3390/ma18040837,https://doi.org/10.3390/ma18040837 (CC BY 4.0 per Crossref license),li2025f.pdf,pzt,paper,
13,hara2025,2025,Ferroelectric-organic hybrid modulator based on lead lanthanum zirconate titanate slot waveguide incorporating electro-optic polymers,10.1364/oe.562664,https://doi.org/10.1364/oe.562664,https://opg.optica.org/viewmedia.cfm?URI=oe-33-16-32929&seq=0 (link listed in Crossref; OA license v2; PDF not fetched),hara2025.pdf,plzt,paper,
14,yu2025a,2025,Thin-Film Lead Zirconate Titanate Nanobeam Electro-Optic Modulator,10.1021/acsphotonics.4c02113,https://doi.org/10.1021/acsphotonics.4c02113,,yu2025a.pdf,pzt,paper,Numbers not verified.
15,yokoyama2025,2025,200 GBd Electro-optic PLZT Modulator for O-band Transmission,10.1364/ofc.2025.th1e.2,https://doi.org/10.1364/ofc.2025.th1e.2,,yokoyama2025.pdf,plzt,paper,"Related known paper: Yin 2025 (PLZT microring, APL)."
16,kotz2025,2025,Resistively/Capacitively-Coupled Silicon-Organic Hybrid (RCC-SOH) Mach-Zehnder Modulator Offering Line Rates Beyond 400 Gbit/s,10.1364/cleo_si.2025.ss187_1,https://doi.org/10.1364/cleo_si.2025.ss187_1,,kotz2025.pdf,eo_polymer,paper,
17,xu2025,2025,Ultrahigh Performance Cross-Linkable Organic Electro-Optic Material for Hybrid Modulators,10.1021/acs.chemmater.5c00027,https://doi.org/10.1021/acs.chemmater.5c00027,,xu2025.pdf,eo_polymer,paper,Numbers need verification against publisher abstract.
18,ostrovskis2025a,2025,Heterogeneously Integrated InP Electro-Absorption Modulator for Beyond 300 Gb/s Optical Links,10.1109/jlt.2025.3526822,https://doi.org/10.1109/jlt.2025.3526822,,ostrovskis2025a.pdf,inp_mqw,paper,"Conference precursor: OFC 2024 Th4C.8, 10.1364/ofc.2024.th4c.8 (256 Gbaud OOK, 170 Gbaud PAM4, 150 Gbaud PAM6, 120 Gbaud PAM8 over 500 m SMF)."
19,tao2024,2024,Broadband Thin-Film Lithium Niobate Electro-Optic Modulator,10.3390/photonics11040325,https://doi.org/10.3390/photonics11040325,,tao2024.pdf,lithium_niobate,paper,
20,wang2024,2024,Robust thin-film lithium niobate modulator on a silicon substrate with backside holes,10.3788/col202422.050601,https://doi.org/10.3788/col202422.050601,https://www.researching.cn/ArticlePdf/m00005/2024/22/5/050601.pdf (surfaced in search results; not fetched),wang2024.pdf,lithium_niobate,paper,
21,liu2024,2024,High modulation efficiency thin-film lithium niobate modulator using a three-mode folded phase shifter [Invited],10.3788/col202422.090003,https://doi.org/10.3788/col202422.090003,,liu2024.pdf,lithium_niobate,paper,
22,li2024a,2024,Low-loss and broadband complementary dual-output electro-optic modulator based on thin-film lithium niobate,10.3788/col202422.092201,https://doi.org/10.3788/col202422.092201,,li2024a.pdf,lithium_niobate,paper,
23,hwang2024,2024,Hyperband electro-optic modulator based on a two-pulley coupled lithium niobate racetrack resonator,10.1364/ol.514192,https://doi.org/10.1364/ol.514192,,hwang2024.pdf,lithium_niobate,paper,
24,han2024,2024,High-speed mid-infrared Mach-Zehnder electro-optical modulators in lithium niobate thin film on sapphire,10.1515/phys-2023-0178,https://doi.org/10.1515/phys-2023-0178,,han2024.pdf,lithium_niobate,paper,"Calculated, not measured."
25,xu2024,2024,High-Frequency and High-Linearity Lithium Niobate Electro-optic Modulator,10.1021/acsphotonics.4c00622,https://doi.org/10.1021/acsphotonics.4c00622,,xu2024.pdf,lithium_niobate,paper,Last-author name not verified.
26,kohli2024,2024,256 GBd Barium-Titanate-on-SiN Mach-Zehnder Modulator,10.1364/ofc.2024.m3k.5,https://doi.org/10.1364/ofc.2024.m3k.5,,kohli2024.pdf,barium_titanate,paper,Conference precursor lineage of known JLT 2023 / LSA 2025 BTO-on-SiN papers; distinct device generation.
27,kohli2024a,2024,Barium Titanate Racetrack Modulator on Silicon Nitride for 200 GBd Data Communication in the O-band,10.1364/cleo_si.2024.sw4r.4,https://doi.org/10.1364/cleo_si.2024.sw4r.4,,kohli2024a.pdf,barium_titanate,paper,
28,yezekyan2024,2024,Plasmonic electro-optic modulators on lead zirconate titanate platform,10.1515/nanoph-2024-0039,https://doi.org/10.1515/nanoph-2024-0039,https://doi.org/10.1515/nanoph-2024-0039 (CC BY 4.0 per Crossref license),yezekyan2024.pdf,pzt,paper,Low-speed (~200 kHz cutoff).
29,bisang2024,2024,Plasmonic Modulators in Cryogenic Environment Featuring Bandwidths in Excess of 100 GHz and Reduced Plasmonic Losses,10.1021/acsphotonics.4c00507,https://doi.org/10.1021/acsphotonics.4c00507,"https://pmc.ncbi.nlm.nih.gov/articles/PMC11258783/ (PMC full text, fetched; CC BY 4.0)",bisang2024.pdf,eo_polymer,paper,
30,kulmer2024,2024,Single Carrier net 400 Gbit/s IM/DD over 400 m Fiber enabled by Plasmonic Mach-Zehnder Modulator,10.1364/ofc.2024.w4h.5,https://doi.org/10.1364/ofc.2024.w4h.5,,kulmer2024.pdf,eo_polymer,paper,Platform inferred as organic POH from group; abstract says only 'plasmonic MZM'.
31,kashi2024,2024,Ring-Assisted Mach-Zehnder Modulator on the InP Membrane on Silicon Platform,10.1109/jlt.2024.3373762,https://doi.org/10.1109/jlt.2024.3373762,"https://research.tue.nl/files/334987202/Ring-Assisted_Mach-Zehnder_Modulator_on_the_InP_Membrane_on_Silicon_Platform.pdf (TU/e portal, TAVERNE license; not designated OA but listed as downloadable)",kashi2024.pdf,inp_mqw,paper,
32,moynihan2024,2024,Micro-transfer printed high-speed InP-based electro-absorption modulator on silicon-on-insulator,10.1063/5.0221129,https://doi.org/10.1063/5.0221129,https://pubs.aip.org/aip/apl/article/125/5/051102/3305467 (CC BY 4.0 per Crossref license),moynihan2024.pdf,inp_mqw,paper,
33,ruan2023,2023,High-Performance Electro-Optic Modulator on Silicon Nitride Platform with Heterogeneous Integration of Lithium Niobate,10.1002/lpor.202200327,https://doi.org/10.1002/lpor.202200327,,ruan2023.pdf,lithium_niobate,paper,Vpi/bandwidth not in retrieved fragment.
34,mere2023,2023,Improved fabrication of scalable hybrid silicon nitride-thin-film lithium niobate electro-optic modulators,10.1364/josab.481915,https://doi.org/10.1364/josab.481915,,mere2023.pdf,lithium_niobate,paper,Process paper; no Vpi/bandwidth in fragment.
35,chen2023b,2023,High-efficiency thin-film lithium niobate modulator with highly confined optical modes,10.1364/ol.481827,https://doi.org/10.1364/ol.481827,,chen2023b.pdf,lithium_niobate,paper,
36,fang2023,2023,Ultrahigh-Speed Optical Interconnects With Thin Film Lithium Niobate Modulator,10.1109/jlt.2022.3201269,https://doi.org/10.1109/jlt.2022.3201269,,fang2023.pdf,lithium_niobate,paper,
37,wang2023,2023,Loss compensation of an ultra-wideband electro-optic modulator in heterogeneous silicon/erbium-doped lithium niobate,10.1364/ol.489988,https://doi.org/10.1364/ol.489988,,wang2023.pdf,lithium_niobate,paper,Theoretical analysis per abstract.
38,posadas2023,2023,RF-sputtered Z-cut electro-optic barium titanate modulator on silicon photonic platform,10.1063/5.0160186,https://doi.org/10.1063/5.0160186,,posadas2023.pdf,barium_titanate,paper,
39,chelladurai2023,2023,200 Gbit/s Barium Titanate Modulator Using Weakly Guided Plasmonic Modes,10.1364/ofc.2023.tu3c.3,https://doi.org/10.1364/ofc.2023.tu3c.3,,chelladurai2023.pdf,barium_titanate,paper,IEEE duplicate record 10.23919/ofc49934.2023.10116946 exists.
40,yu2023,2023,Polymer micro-ring modulator on silicon nitride platform,10.1063/5.0169017,https://doi.org/10.1063/5.0169017,,yu2023.pdf,eo_polymer,paper,
41,dalton2023,2023,"Perspective: Nanophotonic electro-optics enabling THz bandwidths, exceptional modulation and energy efficiencies, and compact device footprints",10.1063/5.0145212,https://doi.org/10.1063/5.0145212,https://doi.org/10.1063/5.0145212 (CC BY 4.0 per Crossref license),dalton2023.pdf,eo_polymer,paper,Perspective piece.
42,zhou2023,2023,Silicon-Organic Hybrid Electro-Optic Modulator and Microwave Photonics Signal Processing Applications,10.3390/mi14111977,https://doi.org/10.3390/mi14111977,https://doi.org/10.3390/mi14111977 (CC BY 4.0 per Crossref license),zhou2023.pdf,eo_polymer,paper,
43,pan2022,2022,Compact electro-optic modulator on lithium niobate,10.1364/prj.449172,https://doi.org/10.1364/prj.449172,,pan2022.pdf,lithium_niobate,paper,
44,xu2022a,2022,Mid-Infrared Silicon-on-Lithium-Niobate Electro-Optic Modulators Toward Integrated Spectroscopic Sensing Systems,10.1002/adom.202202228,https://doi.org/10.1002/adom.202202228,,xu2022a.pdf,lithium_niobate,paper,
45,pan2022a,2022,Ultra-compact lithium niobate microcavity electro-optic modulator beyond 110 GHz,10.1016/j.chip.2022.100029,https://doi.org/10.1016/j.chip.2022.100029,,pan2022a.pdf,lithium_niobate,paper,Abstract numbers not retrieved.
46,gelerkremer2022,2022,A ferroelectric multilevel non-volatile photonic phase shifter,10.1038/s41566-022-01003-0,https://doi.org/10.1038/s41566-022-01003-0,,gelerkremer2022.pdf,barium_titanate,paper,"Numbers not verified; Nature Photonics 16, 491-497 (2022) per search result."
47,schwarzenberger2022,2022,Cryogenic Operation of a Silicon-Organic Hybrid (SOH) Modulator at 50 Gbit/s and 4 K Ambient Temperature,,,,schwarzenberger2022.pdf,eo_polymer,paper,DOI left blank intentionally.
48,mao2022a,2022,Efficient silicon and side-cladding waveguide modulator with electro-optic polymer,10.1364/oe.447616,https://doi.org/10.1364/oe.447616,https://doi.org/10.1364/oe.447616 (Optica OA license v2 per Crossref),mao2022a.pdf,eo_polymer,paper,
49,beneachelmus2022,2022,Gigahertz free-space electro-optic modulators based on Mie resonances,10.1038/s41467-022-30451-z,https://doi.org/10.1038/s41467-022-30451-z,https://doi.org/10.1038/s41467-022-30451-z (CC BY 4.0 per Crossref license),beneachelmus2022.pdf,eo_polymer,paper,
50,tang2022,2022,Modulation bandwidth improvement of III-V/Si hybrid MOS optical modulator by reducing parasitic capacitance,10.1364/oe.457444,https://doi.org/10.1364/oe.457444,https://doi.org/10.1364/oe.457444 (Optica OA license v2 per Crossref),tang2022.pdf,inp_mqw,paper,
51,huang2021,2021,40 GHz high-efficiency Michelson interferometer modulator on a silicon-rich nitride and thin-film lithium niobate hybrid platform,10.1364/ol.425181,https://doi.org/10.1364/ol.425181,,huang2021.pdf,lithium_niobate,paper,
52,liu2021b,2021,Low V_pi thin-film lithium niobate modulator fabricated with photolithography,10.1364/oe.414250,https://doi.org/10.1364/oe.414250,,liu2021b.pdf,lithium_niobate,paper,
53,xu2021a,2021,Integrated thin film lithium niobate Fabry-Perot modulator [Invited],10.3788/col202119.060003,https://doi.org/10.3788/col202119.060003,,xu2021a.pdf,lithium_niobate,paper,
54,sun2021,2021,High-Speed Modulator With Integrated Termination Resistor Based on Hybrid Silicon and Lithium Niobate Platform,10.1109/jlt.2020.3032786,https://doi.org/10.1109/jlt.2020.3032786,,sun2021.pdf,lithium_niobate,paper,
55,wang2021,2021,A Heterogeneous Silicon on Lithium Niobate Modulator for Ultra-Compact and High-Performance Photonic Integrated Circuits,10.1109/jphot.2020.3048690,https://doi.org/10.1109/jphot.2020.3048690,,wang2021.pdf,lithium_niobate,paper,Likely numerical; confirm.
56,ban2021,2021,High electro-optic coefficient lead zirconate titanate films toward low-power and compact modulators,10.1364/ome.426986,https://doi.org/10.1364/ome.426986,https://doi.org/10.1364/ome.426986 (Optica OA license v1 per Crossref),ban2021.pdf,pzt,paper,
57,ahmed2020a,2020,High-efficiency lithium niobate modulator for K band operation,10.1063/5.0020040,https://doi.org/10.1063/5.0020040,,ahmed2020a.pdf,lithium_niobate,paper,
58,amin2020,2020,Sub-wavelength GHz-fast broadband ITO Mach-Zehnder modulator on silicon photonics,10.1364/optica.389437,https://doi.org/10.1364/optica.389437,https://doi.org/10.1364/optica.389437,amin2020.pdf,eo_polymer,paper,
59,bhasker2020,2020,Traveling Wave GaAs/AlGaAs Electro-optic Modulators Directly Grown on Silicon,10.1364/iprsn.2020.itu1a.3,https://doi.org/10.1364/iprsn.2020.itu1a.3,,bhasker2020.pdf,algaas_gaas,paper,Low priority: no quantitative figure retrievable.
60,shang2026,2026,Design principles for high-speed barium titanate on-insulator electro-optic modulators,10.1364/josab.599330,https://doi.org/10.1364/josab.599330,https://doi.org/10.1364/josab.599330 (Optica OA license v2 per Crossref),shang2026.pdf,barium_titanate,paper,Simulation-only.
61,kulmer2026,2026,A Comparison of Plasmonic Modulator Structures in the O- and C-Band for the 400G/Lane IM/DD Era,10.1109/jlt.2026.3702761,https://doi.org/10.1109/jlt.2026.3702761,https://doi.org/10.1109/jlt.2026.3702761 (CC BY 4.0 per Crossref license),kulmer2026.pdf,eo_polymer,paper,
62,warner2025,2025,DC-stable thin-film lithium niobate modulator at liquid nitrogen temperatures,10.1364/ol.571632,https://doi.org/10.1364/ol.571632,,warner2025.pdf,lithium_niobate,paper,Retrieved abstract has no figures of merit.
63,skandalos2025,2025,A 100 Gb/s quantum-confined Stark effect modulator monolithically integrated with silicon nitride on Si,10.1038/s44172-025-00421-6,https://doi.org/10.1038/s44172-025-00421-6,https://www.nature.com/articles/s44172-025-00421-6.pdf,skandalos2025.pdf,germanium_silicon_eam,paper,
64,huertaspedroche2025,2025,High-speed integrated silicon germanium optical modulator with 3 GHz bandwidth in the 5-9 um wavelength range,10.1364/oe.572563,https://doi.org/10.1364/oe.572563,https://doi.org/10.1364/oe.572563,huertaspedroche2025.pdf,germanium_silicon_eam,paper,
65,schwarzenberger2025,2025,Highly Efficient Homodyne Cryogenic Readout Link Based on a Silicon-Organic Hybrid (SOH) Phase Modulator,10.1109/ecoc66593.2025.11263365,https://doi.org/10.1109/ecoc66593.2025.11263365,,schwarzenberger2025.pdf,eo_polymer,paper,
66,aihara2025,2025,Membrane InGaAlAs Electro-Absorption Modulator Integrated with III-V/Si DFB Laser with 150-Gbaud Modulation on Si Photonics Platform,10.1109/siphotonics64386.2025.10984878,https://doi.org/10.1109/siphotonics64386.2025.10984878,,aihara2025.pdf,inp_mqw,paper,Known list has OFC 2026 Aihara 4-ch x 400G array.
67,uchiyama2025,2025,Demonstration of 155-Gbaud PAM4 and PAM6 Using a Narrow High-Mesa Electro-Absorption Modulator Integrated Laser,10.1109/jlt.2024.3476997,https://doi.org/10.1109/jlt.2024.3476997,,uchiyama2025.pdf,inp_mqw,paper,
68,kim2024,2024,Compact lithium niobate plasmonic modulator,10.1364/ol.512389,https://doi.org/10.1364/ol.512389,,kim2024.pdf,lithium_niobate,paper,Experimental vs simulated not confirmed; unit 'V/cm' as given in Crossref abstract.
69,ozaki2024a,2024,Oscillation Suppression of EO Response in Coherent Driver Modulator for Over 160 Gbaud Operation,10.1109/lpt.2023.3339960,https://doi.org/10.1109/lpt.2023.3339960,,ozaki2024a.pdf,inp_mqw,paper,
70,uchiyama2024,2024,225 Gb/s PAM4 2 km and 10 km Transmission of Electro-Absorption Modulator Integrated Laser With Hybrid Waveguide Structure,10.1109/jlt.2023.3303884,https://doi.org/10.1109/jlt.2023.3303884,,uchiyama2024.pdf,inp_mqw,paper,
71,han2023a,2023,Integrated barium titanate electro-optic modulators operating at CMOS-compatible voltage,10.1364/ao.499065,https://doi.org/10.1364/ao.499065,https://opg.optica.org/abstract.cfm?URI=ao-62-22-6053 (Optica OA license v2 per Crossref; PDF link not fetched),han2023a.pdf,barium_titanate,paper,Simulation-only; flag as design study.
72,hiraki2023,2023,Over-67-GHz-Bandwidth Membrane InGaAlAs Electro-Absorption Modulator Integrated With DFB Laser on Si Platform,10.1109/jlt.2022.3221814,https://doi.org/10.1109/jlt.2022.3221814,https://doi.org/10.1109/jlt.2022.3221814 (CC BY 4.0 per Crossref license),hiraki2023.pdf,inp_mqw,paper,Known list has Hiraki 2021 OE (MZM+DFB) but not this EAM paper.
73,hillier2023,2023,A 100 GBaud co-planar stripline Mach-Zehnder modulator on Indium Phosphide platform,10.1109/oecc56963.2023.10209945,https://doi.org/10.1109/oecc56963.2023.10209945,,hillier2023.pdf,inp_mqw,paper,Conference precursor of known OE 2025 (320 Gbps) paper.
74,ohata2023,2023,A 224 Gb/s EML Sub-Assembly With Electro Optical Bandwidth of 60 GHz for 800GbE Applications,10.1109/lpt.2022.3233715,https://doi.org/10.1109/lpt.2022.3233715,,ohata2023.pdf,inp_mqw,paper,
75,theurer2023,2023,4x 200 Gb/s EML-Array with a Single MQW Layer Stack,10.1364/ofc.2023.m2d.5,https://doi.org/10.1364/ofc.2023.m2d.5,,theurer2023.pdf,inp_mqw,paper,
76,han2022,2022,High-Performance Electro-Optical Mach-Zehnder Modulators in a Silicon Nitride-Lithium Niobate Thin-Film Hybrid Platform,10.3390/photonics9070500,https://doi.org/10.3390/photonics9070500,,han2022.pdf,lithium_niobate,paper,Likely design/simulation (0.4 THz); confirm.
77,liu2022,2022,80Gb/s NRZ Ge waveguide electro-absorption modulator,10.1364/oe.462890,https://doi.org/10.1364/oe.462890,https://doi.org/10.1364/oe.462890,liu2022.pdf,germanium_silicon_eam,paper,
78,nguyen2022,2022,1 GHz electro-optical silicon-germanium modulator in the 5-9 um wavelength range,10.1364/oe.476164,https://doi.org/10.1364/oe.476164,https://doi.org/10.1364/oe.476164,nguyen2022.pdf,germanium_silicon_eam,paper,
79,chatzitheocharis2022,2022,BTO-based O-band Sub-Volt CMOS Compatible Plasmonic Racetrack Modulator on Si3N4,10.1364/fio.2022.jw4a.59,https://doi.org/10.1364/fio.2022.jw4a.59,,chatzitheocharis2022.pdf,barium_titanate,paper,Simulation-only.
80,ban2022,2022,Low Driving Voltage and Low Optical Loss Electro-Optic Modulators Based on Lead Zirconate Titanate Thin Film on Silicon Substrate,10.1109/jlt.2021.3138887,https://doi.org/10.1109/jlt.2021.3138887,,ban2022.pdf,pzt,paper,
81,hu2022,2022,Ultrahigh-Net-Bitrate 363 Gbit/s PAM-8 and 279 Gbit/s Polybinary Optical Transmission Using Plasmonic Mach-Zehnder Modulator,10.1109/jlt.2022.3172246,https://doi.org/10.1109/jlt.2022.3172246,https://doi.org/10.1109/jlt.2022.3172246 (CC BY 4.0 per Crossref license),hu2022.pdf,eo_polymer,paper,
82,ozaki2022,2022,Coherent Driver Modulator With Flexible Printed Circuit RF Interface for 128-Gbaud Operations,10.1109/lpt.2022.3212678,https://doi.org/10.1109/lpt.2022.3212678,https://doi.org/10.1109/lpt.2022.3212678 (CC BY 4.0 per Crossref license),ozaki2022.pdf,inp_mqw,paper,
83,asakura2022,2022,384-Gb/s/lane PAM8 Operation Using 76-GHz Bandwidth EA-DFB Laser at 50 C with 1.0-Vpp Swing over 2-km Transmission,10.1364/ofc.2022.th4c.4,https://doi.org/10.1364/ofc.2022.th4c.4,,asakura2022.pdf,inp_mqw,paper,
84,jagatpal2021,2021,Thin Film Lithium Niobate Electro-Optic Modulator for 1064 nm Wavelength,10.1109/lpt.2021.3056913,https://doi.org/10.1109/lpt.2021.3056913,,jagatpal2021.pdf,lithium_niobate,paper,Abstract numbers not retrieved.
85,zhang2021c,2021,Asymmetric Ge/SiGe coupled quantum well modulators,10.1515/nanoph-2021-0007,https://doi.org/10.1515/nanoph-2021-0007,https://www.degruyter.com/document/doi/10.1515/nanoph-2021-0007/pdf,zhang2021c.pdf,germanium_silicon_eam,paper,
86,eppenberger2021,2021,Plasmonic Racetrack Modulator Transmitting 220 Gbit/s OOK and 408 Gbit/s 8PAM,10.1109/ecoc52684.2021.9605911,https://doi.org/10.1109/ecoc52684.2021.9605911,,eppenberger2021.pdf,eo_polymer,paper,Precursor of known Nat Photon 2023 racetrack paper.
87,sato2021,2021,A 100 Gbaud On-off-Keying Silicon-Polymer Hybrid Modulator Operating at up to 110 C,10.1109/lpt.2021.3126945,https://doi.org/10.1109/lpt.2021.3126945,https://doi.org/10.1109/lpt.2021.3126945 (CC BY 4.0 per Crossref license),sato2021.pdf,eo_polymer,paper,Related known paper: Lu 2020 Nat Commun.
88,liu2020,2020,56 Gbps high-speed Ge electro-absorption modulator,10.1364/prj.401140,https://doi.org/10.1364/prj.401140,,liu2020.pdf,germanium_silicon_eam,paper,
89,fujikata2020,2020,High-speed Ge/Si electro-absorption optical modulator in C-band operation wavelengths,10.1364/oe.405447,https://doi.org/10.1364/oe.405447,https://doi.org/10.1364/oe.405447,fujikata2020.pdf,germanium_silicon_eam,paper,
90,heni2020,2020,Ultra-High-Speed 2:1 Digital Selector and Plasmonic Modulator IM/DD Transmitter Operating at 222 GBaud for Intra-Datacenter Applications,10.1109/jlt.2020.2972637,https://doi.org/10.1109/jlt.2020.2972637,https://doi.org/10.1109/jlt.2020.2972637 (CC BY 4.0 per Crossref license),heni2020.pdf,eo_polymer,paper,
91,messner2020,2020,100 Gbit/s NRZ Data Modulation in Plasmonic Racetrack Modulators on the Silicon Photonic Platform,10.1109/ecoc48923.2020.9333272,https://doi.org/10.1109/ecoc48923.2020.9333272,,messner2020.pdf,eo_polymer,paper,
92,hiraki2020,2020,50-GHz-bandwidth Electro-absorption Modulator with Membrane InGaAsP Lateral p-i-n Diode on Si Platform,10.1109/ecoc48923.2020.9333206,https://doi.org/10.1109/ecoc48923.2020.9333206,,hiraki2020.pdf,inp_mqw,paper,
93,zhou2026a,2026,150 Gbaud high-efficiency O-band silicon microring modulator,10.1364/oe.591496,https://doi.org/10.1364/oe.591496,https://doi.org/10.1364/oe.591496,zhou2026a.pdf,silicon_plasma_dispersion,paper,
94,he2026,2026,Efficient 180 Gb/s NRZ C-band silicon microring modulator exceeding 100 GHz bandwidth,10.1364/ol.585234,https://doi.org/10.1364/ol.585234,,he2026.pdf,silicon_plasma_dispersion,paper,
95,li2026c,2026,Silicon microdisk modulator with 67 GHz bandwidth and fJ/bit power consumption,10.1364/ol.604314,https://doi.org/10.1364/ol.604314,,li2026c.pdf,silicon_plasma_dispersion,paper,
96,bu2026,2026,High-bandwidth-density and energy-efficient 16 x 128 Gbps silicon photonic DWDM microring modulator transmitter enabled by a quantum-dot comb laser,10.1117/1.apn.5.5.056006,https://doi.org/10.1117/1.apn.5.5.056006,https://doi.org/10.1117/1.apn.5.5.056006,bu2026.pdf,silicon_plasma_dispersion,paper,
97,wang2026e,2026,Beyond 1.6-Tb/s Silicon LAN-WDM Transmitter for High-Energy-Efficiency Transmission,10.1109/lpt.2025.3633837,https://doi.org/10.1109/lpt.2025.3633837,,wang2026e.pdf,silicon_plasma_dispersion,paper,
98,wang2026f,2026,High-Bandwidth and Efficient Silicon Microring Modulator Enabling Low-Complexity DMT Transmission,10.1109/jlt.2026.3683712,https://doi.org/10.1109/jlt.2026.3683712,,wang2026f.pdf,silicon_plasma_dispersion,paper,
99,ostrovskis2026,2026,System-Level Characterization of High-Speed Silicon Photonics Travelling Wave Mach-Zehnder Modulators,10.1109/jlt.2026.3701122,https://doi.org/10.1109/jlt.2026.3701122,https://doi.org/10.1109/jlt.2026.3701122,ostrovskis2026.pdf,silicon_plasma_dispersion,paper,
100,zhang2026,2026,High-performance dual-band silicon slow-light modulator for DWDM chip-scale applications,10.1364/oe.579162,https://doi.org/10.1364/oe.579162,https://doi.org/10.1364/oe.579162,zhang2026.pdf,silicon_plasma_dispersion,paper,
101,li2025c,2025,Integrated silicon elliptical ring modulator with ultra-high bandwidth beyond 110 GHz,10.1364/ol.571348,https://doi.org/10.1364/ol.571348,,li2025c.pdf,silicon_plasma_dispersion,paper,
102,chen2025a,2025,Energy Efficient and High Bandwidth Quantum Dot Comb Laser Based Silicon Microring Transmitter for Optical Interconnects,10.1109/jstqe.2024.3432313,https://doi.org/10.1109/jstqe.2024.3432313,,chen2025a.pdf,silicon_plasma_dispersion,paper,
103,ostrovskis2025,2025,High-speed silicon photonics ring-resonator modulators for optical-amplification-free links,10.1364/oe.570067,https://doi.org/10.1364/oe.570067,https://doi.org/10.1364/oe.570067,ostrovskis2025.pdf,silicon_plasma_dispersion,paper,
104,li2025d,2025,Monolithically integrated 4 x 128 Gb/s silicon photonic transceiver for CPO,10.1364/oe.577010,https://doi.org/10.1364/oe.577010,https://doi.org/10.1364/oe.577010,li2025d.pdf,silicon_plasma_dispersion,paper,
105,abdolhosseini2025,2025,Enhanced Linearity of MOSCAP-Driven Silicon Microring Modulator,10.1109/jlt.2025.3542364,https://doi.org/10.1109/jlt.2025.3542364,,abdolhosseini2025.pdf,silicon_plasma_dispersion,paper,
106,lu2025,2025,Whispering Gallery Mode Enhanced Broadband and High-Speed Silicon Microring Modulator,10.1109/jlt.2025.3587919,https://doi.org/10.1109/jlt.2025.3587919,,lu2025.pdf,silicon_plasma_dispersion,paper,
107,li2025e,2025,P-N dual-drive scheme enabling silicon photonics modulators operating at 200 GBaud,10.1364/optica.564534,https://doi.org/10.1364/optica.564534,https://doi.org/10.1364/optica.564534,li2025e.pdf,silicon_plasma_dispersion,paper,
108,geravand2025a,2025,Micrometer-Scale Silicon Modulator for O-Band Coherent Interconnects Beyond 100 GBaud,10.1109/jstqe.2024.3523402,https://doi.org/10.1109/jstqe.2024.3523402,,geravand2025a.pdf,silicon_plasma_dispersion,paper,
109,wang2025d,2025,Efficient and high-speed silicon Mach-Zehnder modulator at 2 um wavelengths,10.1364/ol.568137,https://doi.org/10.1364/ol.568137,,wang2025d.pdf,silicon_plasma_dispersion,paper,
110,kandeel2025,2025,RF Equivalent Circuit Model for GeSi Quantum Confined Stark Effect Electro-Absorption Modulators,10.1109/lpt.2025.3549943,https://doi.org/10.1109/lpt.2025.3549943,,kandeel2025.pdf,silicon_plasma_dispersion,paper,
111,yuan2024,2024,A 5 x 200 Gbps microring modulator silicon chip empowered by two-segment Z-shape junctions,10.1038/s41467-024-45301-3,https://doi.org/10.1038/s41467-024-45301-3,https://www.nature.com/articles/s41467-024-45301-3.pdf,yuan2024.pdf,silicon_plasma_dispersion,paper,
112,bao2024,2024,A Comprehensive Equivalent Circuit Model of Silicon Microring Modulators for Photonics-Electronics Codesign,10.1109/jlt.2024.3382091,https://doi.org/10.1109/jlt.2024.3382091,,bao2024.pdf,silicon_plasma_dispersion,paper,
113,liu2024a,2024,A 4x112 Gb/s PAM-4 Silicon-Photonic Transmitter and Receiver Chipsets for Linear-Drive Co-Packaged Optics,10.1109/jssc.2024.3435378,https://doi.org/10.1109/jssc.2024.3435378,,liu2024a.pdf,silicon_plasma_dispersion,paper,
114,kawahara2024,2024,"High-speed, low-voltage, low-bit-energy silicon photonic crystal slow-light modulator with impedance-engineered distributed electrodes",10.1364/optica.531372,https://doi.org/10.1364/optica.531372,https://doi.org/10.1364/optica.531372,kawahara2024.pdf,silicon_plasma_dispersion,paper,
115,hsu2024a,2024,Heterogeneously integrated silicon-conductive oxide MOSCAP microring modulator array,10.1364/prj.528975,https://doi.org/10.1364/prj.528975,,hsu2024a.pdf,silicon_plasma_dispersion,paper,Crossref also lists Optica Open preprint DOI 10.1364/opticaopen.25723449 (not verified for free PDF)
116,liu2023a,2023,Silicon multi-mode micro-ring modulator for improved robustness,10.1364/ol.496944,https://doi.org/10.1364/ol.496944,,liu2023a.pdf,silicon_plasma_dispersion,paper,
117,gong2023,2023,Silicon Highly Over-Coupled Microring Phase Shifter and Its Application in Ring Assisted Mach-Zehnder Modulator,10.1109/jlt.2023.3298604,https://doi.org/10.1109/jlt.2023.3298604,,gong2023.pdf,silicon_plasma_dispersion,paper,
118,baehrjones2023,2023,Monolithically integrated 112 Gbps PAM4 optical transmitter and receiver in a 45nm CMOS-silicon photonics process,10.1364/opticaopen.22814837,https://doi.org/10.1364/opticaopen.22814837,https://preprints.opticaopen.org/articles/preprint/Monolithically_integrated_112_Gbps_PAM4_optical_transmitter_and_receiver_in_a_45nm_CMOS-silicon_photonics_process/22814837/1/files/40852175.pdf,baehrjones2023.pdf,silicon_plasma_dispersion,preprint,DOI as listed by Crossref/OpenAlex; check for later journal version
119,mohammadi2023,2023,Segmented Silicon Modulator With a Bandwidth Beyond 67 GHz for High-Speed Signaling,10.1109/jlt.2023.3250112,https://doi.org/10.1109/jlt.2023.3250112,,mohammadi2023.pdf,silicon_plasma_dispersion,paper,
120,wang2023a,2023,120-GBaud 16-QAM silicon photonics IQ modulator (title truncated in source listing),10.1364/oe.489799,https://doi.org/10.1364/oe.489799,https://doi.org/10.1364/oe.489799,wang2023a.pdf,silicon_plasma_dispersion,paper,Crossref listing truncated the title after 'IQ modulator for...'; full title unverified
121,liu2023b,2023,Thermally tunable GeSi electro-absorption modulator with a wide effective operating wavelength range,10.1364/prj.488474,https://doi.org/10.1364/prj.488474,,liu2023b.pdf,silicon_plasma_dispersion,paper,
122,zhang2022a,2022,240 Gb/s optical transmission based on an ultrafast silicon microring modulator,10.1364/prj.441791,https://doi.org/10.1364/prj.441791,,zhang2022a.pdf,silicon_plasma_dispersion,paper,
123,chan2022a,2022,Ultra-Wide Free-Spectral-Range Silicon Microring Modulator for High Capacity WDM,10.1109/jlt.2022.3208745,https://doi.org/10.1109/jlt.2022.3208745,,chan2022a.pdf,silicon_plasma_dispersion,paper,
124,yuan2022,2022,A 100 Gb/s PAM4 Two-Segment Silicon Microring Resonator Modulator Using a Standard Foundry Process,10.1021/acsphotonics.1c01389,https://doi.org/10.1021/acsphotonics.1c01389,,yuan2022.pdf,silicon_plasma_dispersion,paper,
125,sharma2022,2022,Silicon Photonic Microring-Based 4 x 112 Gb/s WDM Transmitter With Photocurrent-Based Thermal Control in 28-nm CMOS,10.1109/jssc.2021.3134221,https://doi.org/10.1109/jssc.2021.3134221,,sharma2022.pdf,silicon_plasma_dispersion,paper,
126,zheng2022,2022,Transmission of 120 Gbaud QAM With an All-Silicon Segmented Modulator,10.1109/jlt.2022.3180981,https://doi.org/10.1109/jlt.2022.3180981,,zheng2022.pdf,silicon_plasma_dispersion,paper,
127,anderson2022,2022,Integrated Slow-Light Enhanced Silicon Photonic Modulators for RF Photonic Links,10.1109/jphot.2022.3185888,https://doi.org/10.1109/jphot.2022.3185888,https://ieeexplore.ieee.org/ielx7/4563994/9795343/09804809.pdf,anderson2022.pdf,silicon_plasma_dispersion,paper,author list possibly truncated
128,pintus2022,2022,An integrated magneto-optic modulator for cryogenic applications,10.1038/s41928-022-00823-w,https://doi.org/10.1038/s41928-022-00823-w,https://www.nature.com/articles/s41928-022-00823-w.pdf,pintus2022.pdf,other,paper,
129,kim2021,2021,Silicon electronic-photonic integrated 25 Gb/s ring modulator transmitter,10.1364/prj.413407,https://doi.org/10.1364/prj.413407,,kim2021.pdf,silicon_plasma_dispersion,paper,
130,sobu2021,2021,High-Speed Optical Digital-to-Analog Converter Operation of Compact Two-Segment All-Silicon Mach-Zehnder Modulator,10.1109/jlt.2020.3035684,https://doi.org/10.1109/jlt.2020.3035684,https://ieeexplore.ieee.org/ielx7/50/9348993/09247395.pdf,sobu2021.pdf,silicon_plasma_dispersion,paper,
131,zhang2021,2021,High Bandwidth Capacitance Efficient Silicon MOS Modulator,10.1109/jlt.2020.3026945,https://doi.org/10.1109/jlt.2020.3026945,,zhang2021.pdf,silicon_plasma_dispersion,paper,
132,wang2021a,2021,High-speed silicon photonic Mach-Zehnder modulator at 2 um,10.1364/prj.417107,https://doi.org/10.1364/prj.417107,,wang2021a.pdf,silicon_plasma_dispersion,paper,
133,jafari2021,2021,DAC-Less PAM-4 Slow-Light Silicon Photonic Modulator Providing High Efficiency and Stability,10.1109/jlt.2021.3083140,https://doi.org/10.1109/jlt.2021.3083140,,jafari2021.pdf,silicon_plasma_dispersion,paper,
134,li2020a,2020,A 112 Gb/s PAM4 Silicon Photonics Transmitter With Microring Modulator and CMOS Driver,10.1109/jlt.2019.2938731,https://doi.org/10.1109/jlt.2019.2938731,,li2020a.pdf,silicon_plasma_dispersion,paper,
135,jacques2020,2020,240 Gbit/s Silicon Photonic Mach-Zehnder Modulator Enabled by Two 2.3-Vpp Drivers,10.1109/jlt.2020.2985589,https://doi.org/10.1109/jlt.2020.2985589,,jacques2020.pdf,silicon_plasma_dispersion,paper,
136,zhou2020,2020,High Baud Rate All-Silicon Photonics Carrier Depletion Modulators,10.1109/jlt.2019.2933384,https://doi.org/10.1109/jlt.2019.2933384,,zhou2020.pdf,silicon_plasma_dispersion,paper,
137,wang2026d,2026,High-Density 4 x 400 Gbps WDM Transmitter with Energy-Efficient Silicon Microring Modulators in O- and C-Bands,10.1021/acsphotonics.6c00297,https://doi.org/10.1021/acsphotonics.6c00297,,wang2026d.pdf,silicon_plasma_dispersion,paper,
138,xu2026,2026,A 2x500Gb/s Monolithic Silicon-Photonic DWDM PAM-4 Transceiver in 45nm CMOS SOI,10.1109/isscc49663.2026.11409086,https://doi.org/10.1109/isscc49663.2026.11409086,,xu2026.pdf,silicon_plasma_dispersion,conference,
139,yu2025,2025,Driver-Free and Bias-Free 112 Gb/S NRZ O-Band Silicon Microring Modulator with 95 GHz Bandwidth,10.1109/ecoc66593.2025.11263342,https://doi.org/10.1109/ecoc66593.2025.11263342,,yu2025.pdf,silicon_plasma_dispersion,conference,
140,wang2025c,2025,High-Speed Direct-Detection Advanced Modulation Format Transmission Using a Silicon Microring Modulator with >90 GHz Bandwidth,10.1109/ecoc66593.2025.11263448,https://doi.org/10.1109/ecoc66593.2025.11263448,,wang2025c.pdf,silicon_plasma_dispersion,conference,author list from OpenAlex possibly truncated
141,baghdadi2025,2025,Monolithically Integrated Microring Transmitter and Receiver for High-Density 3D CPO,10.1364/ofc.2025.tu3j.6,https://doi.org/10.1364/ofc.2025.tu3j.6,,baghdadi2025.pdf,silicon_plasma_dispersion,conference,author list from OpenAlex possibly truncated
142,kandeel2024,2024,"Compact, low loss, and high-speed GeSi quantum-confined stark-effect electro-absorption modulator",10.1364/cleo_si.2024.sm2i.6,https://doi.org/10.1364/cleo_si.2024.sm2i.6,,kandeel2024.pdf,silicon_plasma_dispersion,conference,author list possibly truncated
143,geravand2023,2023,Ultra-Compact Silicon Modulator for 124 GBaud Coherent Links,10.1109/siphotonics55903.2023.10141908,https://doi.org/10.1109/siphotonics55903.2023.10141908,,geravand2023.pdf,silicon_plasma_dispersion,conference,author list from OpenAlex possibly truncated
144,sakib2022,2022,A 240 Gb/s PAM4 Silicon Micro-Ring Optical Modulator,10.1364/ofc.2022.m2d.4,https://doi.org/10.1364/ofc.2022.m2d.4,,sakib2022.pdf,silicon_plasma_dispersion,conference,
145,taghavi2022,2022,Polymer modulators in silicon photonics: review and projections,10.1515/nanoph-2022-0141,https://doi.org/10.1515/nanoph-2022-0141,https://www.degruyter.com/document/doi/10.1515/nanoph-2022-0141/pdf,taghavi2022.pdf,eo_polymer,review,
146,xu2022b,2022,Advances in integrated ultra-wideband electro-optic modulators [Invited],10.1364/oe.449022,https://doi.org/10.1364/oe.449022,https://doi.org/10.1364/oe.449022,xu2022b.pdf,eo_polymer,review,author list incomplete
147,gevorgyan2021,2021,"Cryo-Compatible, Silicon Spoked-Ring Modulator in a 45nm CMOS Platform for 4K-to-Room-Temperature Optical Links",10.1364/ofc.2021.m3b.3,https://doi.org/10.1364/ofc.2021.m3b.3,,gevorgyan2021.pdf,silicon_plasma_dispersion,conference,
148,zheng2021,2021,Silicon IQ Modulator for 120 Gbaud QAM,10.1109/ecoc52684.2021.9605951,https://doi.org/10.1109/ecoc52684.2021.9605951,,zheng2021.pdf,silicon_plasma_dispersion,conference,
149,srinivasan2021,2021,60Gb/s waveguide-coupled O-band GeSi quantum-confined Stark effect modulator,10.1364/ofc.2021.tu1d.3,https://doi.org/10.1364/ofc.2021.tu1d.3,,srinivasan2021.pdf,silicon_plasma_dispersion,conference,title in OpenAlex: '60Gb/s Waveguide-Coupled O-Band GeSi Quantum-Confined Stark Effect Modulator'; author list possibly truncated
150,sun2021a,2021,Hybrid Silicon and Lithium Niobate Modulator,10.1109/jstqe.2020.3036059,https://doi.org/10.1109/jstqe.2020.3036059,,sun2021a.pdf,lithium_niobate,review,
151,zhang2020,2020,200 Gbit/s Optical PAM4 Modulation Based on Silicon Microring Modulator,10.1109/ecoc48923.2020.9333187,https://doi.org/10.1109/ecoc48923.2020.9333187,,zhang2020.pdf,silicon_plasma_dispersion,conference,
152,srinivasan2020,2020,Heterogeneous SISCAP Microring Modulator for High-Speed Optical Communication,10.1109/ecoc48923.2020.9333221,https://doi.org/10.1109/ecoc48923.2020.9333221,,srinivasan2020.pdf,other,conference,
153,rakowski2020,2020,"45nm CMOS - Silicon Photonics Monolithic Technology (45CLO) for next-generation, low power and high speed optical interconnects",10.1364/ofc.2020.t3h.3,https://doi.org/10.1364/ofc.2020.t3h.3,,rakowski2020.pdf,silicon_plasma_dispersion,conference,
154,porret2020,2020,O-Band GeSi Quantum-Confined Stark Effect Electro-Absorption Modulator Integrated in a 220nm Silicon Photonics Platform,10.1109/vlsitechnology18217.2020.9265082,https://doi.org/10.1109/vlsitechnology18217.2020.9265082,,porret2020.pdf,silicon_plasma_dispersion,conference,
155,huang2025,2025,Emerging Modulator Technologies in Silicon Photonics,10.1109/mnano.2025.3551177,https://doi.org/10.1109/mnano.2025.3551177,,huang2025.pdf,silicon_plasma_dispersion,review,
156,shen2024a,2024,Integrated Pockels Modulators on Silicon Photonics Platform,10.1002/apxr.202400096,https://doi.org/10.1002/apxr.202400096,https://onlinelibrary.wiley.com/doi/pdfdirect/10.1002/apxr.202400096,shen2024a.pdf,other,review,
157,xu2023,2023,Mid-infrared integrated electro-optic modulators: a review,10.1515/nanoph-2023-0286,https://doi.org/10.1515/nanoph-2023-0286,https://www.degruyter.com/document/doi/10.1515/nanoph-2023-0286/pdf,xu2023.pdf,other,review,
158,mulcahy2022,2022,Modulators in Silicon Photonics - Heterogenous Integration & and Beyond,10.3390/photonics9010040,https://doi.org/10.3390/photonics9010040,https://www.mdpi.com/2304-6732/9/1/40/pdf,mulcahy2022.pdf,silicon_plasma_dispersion,review,
159,georgiev2022,2022,Near-IR & Mid-IR Silicon Photonics Modulators,10.3390/s22249620,https://doi.org/10.3390/s22249620,https://www.mdpi.com/1424-8220/22/24/9620/pdf,georgiev2022.pdf,silicon_plasma_dispersion,review,authors beyond first not retrieved
160,rahim2021,2021,Taking silicon photonics modulators to a higher performance level: state-of-the-art and a review of new technologies,10.1117/1.ap.3.2.024003,https://doi.org/10.1117/1.ap.3.2.024003,https://www.spiedigitallibrary.org/journals/advanced-photonics/volume-3/issue-2/024003/Taking-silicon-photonics-modulators-to-a-higher-performance-level/10.1117/1.AP.3.2.024003.pdf,rahim2021.pdf,silicon_plasma_dispersion,review,
161,dourado2021,2021,Challenges in silicon photonics modulators for data center interconnect applications,10.1016/j.optlastec.2021.107376,https://doi.org/10.1016/j.optlastec.2021.107376,,dourado2021.pdf,silicon_plasma_dispersion,review,
162,kim2021a,2021,Heterogeneously-Integrated Optical Phase Shifters for Next-Generation Modulators and Switches on a Silicon Photonics Platform: A Review,10.3390/mi12060625,https://doi.org/10.3390/mi12060625,https://www.mdpi.com/2072-666X/12/6/625/pdf,kim2021a.pdf,silicon_plasma_dispersion,review,
163,siew2021,2021,Review of Silicon Photonics Technology and Platform Development,10.1109/jlt.2021.3066203,https://doi.org/10.1109/jlt.2021.3066203,https://ieeexplore.ieee.org/ielx7/50/9462435/09380443.pdf,siew2021.pdf,silicon_plasma_dispersion,review,
