org_name,locality,country,lat,lon,precision,source,source_ref,source_label,verified_on,notes
DRS Daylight Solutions,,US,33.0136,-117.09215,building,nominatim,osm:way/31816077,"Broadcom, 16465, Via Esprillo, Rancho Bernardo Business Park, Rancho Bernardo, San Diego, San Diego County, California, 92127, United States",2026-10-07,no locality to check
Delft University of Technology,,NL,52.00167,4.3725,campus,wikidata,Q752663,Delft University of Technology (Dutch university),2026-10-07,no locality to check
EPFL,,CH,46.52028,6.56556,campus,wikidata,Q262760,"École polytechnique fédérale de Lausanne (university in Ecublens, Switzerland)",2026-10-07,no locality to check
Jinan University,Guangzhou,CN,23.128,113.348,campus,wikidata,Q2687517,Jinan University (Chinese University affiliated with the Chinese Communist Party),2026-10-07,9.1 km from locality centre
Key Laboratory of Photonic-Electric Integration and Communication-Sensing Convergence (Ministry of Education),Chengdu,CN,30.65987,104.06332,city,nominatim,,locality centre: Chengdu,2026-10-07,institution not resolved; locality centre
Korea Advanced Institute of Science and Technology,Daejeon,KR,36.372,127.363,campus,wikidata,Q39949,KAIST (South Korean public research university),2026-10-07,3.2 km from locality centre
Korea Institute of Science and Technology,Seoul,KR,37.56035,126.99635,campus,wikidata,Q52855933,"Korean Association Of Science and Technology Studies (organization in Seoul, South Korea)",2026-10-07,1.7 km from locality centre
Korea University,Seoul,KR,37.58917,127.0325,campus,wikidata,Q39997,"Korea University (university in Seoul, South Korea)",2026-10-07,5.4 km from locality centre
Korea University of Science and Technology,Seoul,KR,37.56668,126.97829,city,nominatim,,locality centre: Seoul,2026-10-07,institution not resolved; locality centre
Kyung Hee University,Seoul,KR,37.5967,127.052,campus,wikidata,Q496536,Kyung Hee University (private research university in South Korea with campuses in Seoul and Suwon),2026-10-07,7.3 km from locality centre
Sejong University,Seoul,KR,37.55083,127.07389,campus,wikidata,Q491711,"Sejong University (university in Seoul, South Korea)",2026-10-07,8.6 km from locality centre
Southwest Jiaotong University,Chengdu,CN,30.7676,103.9835,campus,wikidata,Q3551422,"Southwest Jiaotong University (university in Chengdu, Sichuan province, China)",2026-10-07,14.2 km from locality centre
Tianfu Xinglong Lake Laboratory,Chengdu,CN,30.65987,104.06332,city,nominatim,,locality centre: Chengdu,2026-10-07,institution not resolved; locality centre
University of Ottawa,Ottawa,CA,45.4222,-75.6824,campus,wikidata,Q627969,"University of Ottawa (public research university in Ottawa, Ontario, Canada)",2026-10-07,0.6 km from locality centre
