org_name,locality,country
Broadcom Inc.,"Breinigsville, PA",US
Changchun University,Changchun,CN
Changchun University of Science and Technology,Changchun,CN
GlobalFoundries,"Essex Junction, VT",US
GlobalFoundries,"Santa Clara, CA",US
"Institute of Microelectronics, Chinese Academy of Sciences",Beijing,CN
Keysight Technologies,"Santa Clara, CA",US
Max Planck Institute of Microstructure Physics,Halle (Saale),DE
Mitsubishi Electric Corporation,"Amagasaki, Hyogo",JP
NVIDIA,Yokneam,IL
Nanjing University,Nanjing,CN
Nanzhi Institute of Advanced Optoelectronic Integration,Nanjing,CN
Nexus Photonics,"Goleta, CA",US
Northeastern University,"Oakland, CA",US
Qingdao University,Qingdao,CN
"Suzhou Institute of Nano-Tech and Nano-Bionics, Chinese Academy of Sciences","Suzhou, Jiangsu",CN
Suzhou Polytechnic University,Suzhou,CN
University of Toronto,"Toronto, Ontario",CA
