org_name,locality,country,verdict,same_as,wikidata_search,nominatim_query,reason
Chongqing University,Chongqing,CN,wrong,,,"重庆大学, 沙坪坝区, 重庆","locality centre is the Chongqing municipality centroid (30.05518, 107.87487), about 140 km from Shapingba; printed 'Chongqing 400044' (chen2025, su2026). The org-name Nominatim hit (重庆大学 station, 沙坪坝区, 29.56995, 106.45961) was rejected by the distance gate. Even a 100 km override gate will reject the right hit unless the locality centre is fixed as was done for CUMEC (沙坪坝区, 重庆); run with that locality or accept the hit manually"
Ciena Corporation,"Ottawa, ON",CA,weak,,,"Ciena, Ottawa","city centre; printed 'Ciena Corporation, Ottawa, ON, Canada' only (starnault2026); Wikidata search empty, Nominatim with 'Corporation' empty. Accept only a Ciena office POI; from memory the Ottawa R&D campus is in Kanata (about 20 km W of the centre), else keep city"
Coherent Corp.,"Santa Clara, CA",US,wrong,,,"5100 Patrick Henry Drive, Santa Clara, CA 95054","locality centre for 'Santa Clara, CA' is the Santa Clara County centroid (37.23333, -121.68463), about 25 km SE of the city (same root cause as the 2026-10-04 review); printed '5100 Patrick Henry Dr, Santa Clara, CA 95054' (tatarczak2026)"
Eindhoven University of Technology,Eindhoven,NL,ok,,,,Q280824 TU/e campus; printed '5600 MB Eindhoven' (hillier2025)
"Furukawa FITEL Optical Components Co., Ltd.","Chiyoda-ku, Tokyo",JP,weak,,,"2-16-8 Uchikanda, Chiyoda-ku, Tokyo","ward centroid; printed '16-8 Uchikanda 2-chome, Chiyoda-ku, Tokyo 101-0047' (murai2025); romaji block address form as in the working PETRA/1FINITY overrides"
Genuine Optics,"San Jose, CA",US,weak,,,"2580 North First Street, San Jose, CA 95131","city centre; printed '2580 North First Street, Suite 100, San Jose, CA 95131' (yu2026); same printed building as Ligent San Jose"
GlobalFoundries,"Malta, NY",US,ok,,,,"office POI at 400 Stonebreak Road Extension, Luther Forest Technology Campus; matches printed '400 Stone Break Rd Extension, Malta, NY 12020' (gong2026, rakowski2026)"
Institute of Microelectronics,Singapore,SG,weak,,,"2 Fusionopolis Way, Singapore 138634","Q30296095 'facility in Singapore' is the right entity, but its point (1.28956, 103.77932) is about 1.4 km SW of the A*STAR Fusionopolis point (Q1101188); printed '2 Fusionopolis Way, Innovis #08-02, Singapore 138634' (tobing2026, zhang2026b)"
Institute of Science Tokyo,Tokyo,JP,ok,,,,"Q116264906, identical to existing 'Institute of Science Tokyo|Meguro-ku, Tokyo' (Ookayama); printed 'Tokyo' only (kawahara2026)"
KTH Royal Institute of Technology,Stockholm,SE,ok,,,,Q854280 KTH main campus; printed '106 91 Stockholm' (li2026b)
Keysight Technologies Deutschland GmbH,Böblingen,DE,ok,,,,"office POI Herrenberger Straße 130, 71034 Böblingen; printed '71034 Böblingen' (li2026b)"
"Ligent Technologies, Inc.",Qingdao,CN,weak,,,"东海西路17号, 青岛","city centre; printed '17 Donghai Xi Road, Qingdao' (zhou2026); query is the printed address in Chinese script (Donghai Xi Road = 东海西路). Small expected shift (the city centre is already in the same district, from memory)"
"Ligent Technologies, Inc.","San Jose, CA",US,weak,,,"2580 North First Street, San Jose, CA 95131","city centre; printed '2580 N. First Street, San Jose, CA' (zhou2026); same building as Genuine Optics"
"Lightwave Logic, Inc.","Englewood, CO",US,weak,,,,"keep city: printed 'Englewood, CO' only (schwarzenberger2023a); Wikidata and Nominatim empty. From memory the HQ is in the Inverness business park with an Englewood mailing address, some km SE of Englewood city; no printed address to query"
Lumiphase,Kilchberg,CH,ok,,,,"Q107518429 point is in Kilchberg (0.9 km from centre); printed 'Lumiphase AG, 8802 Kilchberg' (kohli2023)"
Lumiphase,Zürich,CH,ok,,,,"same Q107518429 point (Kilchberg, adjacent to Zürich); eltes2020 prints 'Present address: Lumiphase AG, Zürich' only; consistent with the 2023 printed Kilchberg address"
McGill University,"Montreal, QC",CA,ok,,,,"Q201492 downtown campus; printed 'Montreal, QC H3A ...' (qiu2026a, starnault2026, zhang2026a)"
McGill University,"Montréal, QC",CA,ok,,,,"Q201492; printed 'Montréal, QC H3A ...' (eltes2023, li2024)"
Meta,"Redmond, Washington",US,ok,,,,"office POI 'Meta Building X', Willows Road NE, 98052; printed 'Reality Labs Research, Meta, Redmond, Washington 98052' (xue2023); building is one of several Meta Redmond buildings in the printed postcode"
Mitsubishi Electric Corporation,"Itami, Hyogo",JP,weak,,,"4-1 Mizuhara, Itami, Hyogo","city centre; printed '4-1, Mizuhara, Itami, Hyogo 664-8641' (ohata2026, okuda2026)"
Mitsubishi Electric Corporation,"Kamakura, Kanagawa",JP,weak,,,"5-1-1 Ofuna, Kamakura, Kanagawa","city centre; printed '5-1-1 Ofuna, Kamakura, Kanagawa 247-8501' (ohata2026, okuda2026); Ofuna is several km from the Kamakura centroid"
MultiLane Inc.,,LB,unresolved,,,Houmal Technology Park,"no city printed: 'MultiLane Inc., Houmal Technology Park, Lebanon' (singer2025); query is the printed text (countrycodes=lb). If empty, keep unresolved; do not guess a city"
NLM Photonics,Seattle,US,weak,"NLM Photonics|Seattle, WA",,,"named NLM Photonics POI on NE 65th St; the 2026-10-04 recheck placed the existing variant 'NLM Photonics|Seattle, WA' at the printed 4000 Mason Road (UW) instead. schwarzenberger2023 prints 'NLM Photonics, Seattle, USA' only, so copy the existing variant for consistency"
"NTT, Inc.",Atsugi,JP,weak,"NTT, Inc.|Atsugi, Kanagawa",,,"city centre, identical to the existing 'NTT, Inc.|Atsugi, Kanagawa' (Atsugi R&D center, printed 'Atsugi 243-0198' in ogiso2020). Note for the affiliation audit: the Network Innovation Laboratories line prints 'Atsugi 239-0847'; from memory 239-0847 is the Yokosuka (Hikarinooka) postcode of NTT's Yokosuka R&D center, so that row may be a print error in the paper"
NVIDIA,"Santa Clara, CA",US,ok,,,,"OSM landuse 'Nvidia, Santa Clara' (HQ campus); printed '2788 San Tomas Expressway, Santa Clara, CA 95051' (patel2026). The 29 km note is an artefact of the county-centroid locality centre"
Nagoya Institute of Technology,"Nagoya, Aichi",JP,ok,,,,"Q1149777; printed 'Gokiso-cho, Showa-ku, Nagoya 466-8555' (yamaguchi2026)"
National Information Optoelectronics Innovation Center,"Wuhan, Hubei",CN,weak,National Information Optoelectronics Innovation Center|Wuhan,,,"city centre; printed 'Wuhan, Hubei 430074' (shen2025); identical to the existing 'Wuhan' variant, whose override 国家信息光电子创新中心 already returned nothing on 2026-10-04"
National Institute of Advanced Industrial Science and Technology,Ibaraki,JP,ok,,,,"Q1076542, identical to existing 'Tsukuba, Ibaraki' and 'Tsukuba' rows; printed 'Ibaraki 305-8569' (murai2025), and postcode 305 is Tsukuba. The 39.1 km note is from the Ibaraki prefecture centroid. From memory 305-8569 is AIST Tsukuba West, a few km from the Q1076542 point"
National Institute of Information and Communications Technology,"Koganei, Tokyo",JP,ok,,,,"Q6973676, identical to existing 'Koganei'; printed '4-2-1 Nukuikitamachi, Koganei, Tokyo' (yamaguchi2026)"
National Semiconductor Translation and Innovation Centre,Singapore,SG,weak,,,"4 Fusionopolis Way, Singapore 138635","Singapore city centre, about 7 km from one-north; printed '4 Fusionopolis Way, Kinesis #09-11, Singapore 138635' (tobing2026, zhang2026b)"
National Tsing Hua University,Hsinchu,TW,ok,,,,"Q43406 NTHU campus; printed '300044, Hsinchu' (lin2026)"
Nokia Bell Labs,"New Providence, NJ",US,ok,,,,"Q217365, identical to existing 'Murray Hill, NJ'; printed 'New Providence, NJ' (aimone2026); the Murray Hill campus has a New Providence postal address"
Nokia Bell Labs,Stuttgart,DE,weak,,,"Nokia, Stuttgart","city centre; printed 'Nokia Bell Labs, Stuttgart, Germany' only (aimone2026); 'Nokia Bell Labs, Stuttgart' was empty. Accept only a Nokia office POI; from memory the site is in Stuttgart-Zuffenhausen, else keep city"
Photonics Electronics Technology Research Association,Tokyo,JP,weak,"Photonics Electronics Technology Research Association|Bunkyo-ku, Tokyo",,,"Tokyo centre; printed 'PETRA, Tokyo' only (kawahara2026). The existing 'Bunkyo-ku, Tokyo' row is the PETRA Tokyo office at the printed 1-20-10 Sekiguchi"
Polariton Technologies AG,Adliswil,CH,weak,,,"Soodstrasse 52, Adliswil","town centre; printed 'Soodstrasse 52, 8134 Adliswil' (horst2025)"
RISE Research Institutes of Sweden,Kista,SE,weak,,,,"keep city: the Kista suburb centroid is a suburb-scale point; printed '164 40 Kista' (hess2026, li2026b) with no street; org-name searches empty"
Riga Technical University,Riga,LV,ok,,,,"Q411895 (RTU main building, central Riga); printed '1048 Riga' (hess2026, li2026b). From memory the photonics institute is on the Ķīpsala campus about 1.5 km away; within campus-level tolerance for the map"
SMART Photonics,Eindhoven,NL,weak,,,,"keep city: printed 'SMART Photonics, Eindhoven' only (hillier2025); Q108293827 has no usable coordinate and the Nominatim name search was empty"
"Sumitomo Electric Device Innovations, Inc.",Yokohama,JP,weak,,,"田谷町1, 栄区, 横浜市","city centre; printed '1, Toya-cho, Sakae-ku, Yokohama, 244-8588' (oe2026). Same query already resolved the existing 'Sumitomo Electric Industries, Ltd.|Yokohama, Kanagawa' row (osm:relation/3830453, 田谷町); different org name, so not same_as"
"Sumitomo Osaka Cement Co., Ltd.","Funabashi, Chiba",JP,weak,,,"585 Toyotomicho, Funabashi, Chiba","city centre; printed 'New Technology Laboratory, 585, Toyotomicho, Funabashi, Chiba, 274-0053' (yamaguchi2026); Toyotomi-cho is in north Funabashi, several km from the centroid"
Taiwan Semiconductor Research Institute,Hsinchu,TW,weak,,,"台灣半導體研究中心, 新竹","city centre; printed '300091, Hsinchu 300' (lin2026); Q96407625 'research institute in Hsinchu' gave no point. Query is the institute's Chinese name (from memory); accept only a TSRI POI in Hsinchu Science Park, else keep city"
Technical University of Denmark,Kongens Lyngby,DK,ok,,,,"Q1269766, identical to existing 'Kgs. Lyngby' and 'Lyngby'; printed 'Kongens Lyngby, 2800' (li2026b)"
University College London,London,GB,ok,,,,"Q193196 Bloomsbury campus; printed 'Torrington Place, London WC1E 7JE' (hillier2025)"
University of California San Diego,"La Jolla, California",US,ok,,,,"Q622664, identical to existing 'La Jolla, CA'; printed 'La Jolla, California 92093-0407' (valdez2026)"
University of Copenhagen,,DK,weak,,,"Karen Blixens Plads 8, 2300","Q186285 point is the central city campus; printed 'Center for Digital and Computational Humanities, Karen Blixens Plads 8, 2300, Denmark' (li2026b), which is the South Campus (Amager), about 2 km away (from memory). Query is the printed address"
University of Michigan,"Ann Arbor, MI",US,ok,,,,"Q230492, identical to existing 'Ann Arbor'; printed 'Ann Arbor, MI 48109' (xu2026a, xu2026b)"
University of Rochester,"Rochester, New York",US,ok,,,,"Q149990, identical to existing 'Rochester, NY'; printed 'Rochester, New York 14627' (xue2023)"
University of Washington,Seattle,US,ok,,,,"Q219563, identical to existing 'Seattle, WA'; printed 'Univ. of Washington, Seattle' (schwarzenberger2023). Cosmetic: source_label lacks the English label"
Université Laval,Québec,CA,wrong,"Université Laval|Quebec City, Quebec",,,"locality centre is the Québec province centroid (52.47609, -71.82587), about 640 km N of Quebec City; printed 'Université Laval, Québec, Canada' (weckenmann2026), i.e. the city. The correct POI (Université Laval, 2325 rue de l'Université) was returned by Nominatim but rejected by the distance gate"
Waseda University,"Shinjuku, Tokyo",JP,weak,,,"3-4-1 Okubo, Shinjuku-ku, Tokyo","Q274486 point is the main Waseda campus; printed 'Faculty of Science and Engineering, 3-4-1 Okubo, Shinjuku, Tokyo 169-8555' (yamaguchi2026), which is the Nishi-Waseda campus, about 1 to 1.5 km W (from memory)"
Wuhan Enlarging Photonics Technology Co. LTD,Wuhan,CN,weak,,,,"keep city: printed 'Wuhan 430074' only (shen2025); no Chinese name known for a reliable search. Note 430074 is the Optics Valley (Hongshan) area, about 10+ km from the Wuhan centroid (from memory)"
"Wuhan HGGenuine Optics Tech Co., Ltd","Wuhan, Hubei",CN,weak,,,"华中科技大学科技园, 武汉","city centre; printed 'HUST Science & Technology Park, Wuhan, Hubei, 430223' (yu2026); query is the printed park name in Chinese. Accept only a park POI in Donghu (Optics Valley), else keep city"
Xi'an Institute of Optics and Precision Mechanics,"Xi'an, Shaanxi",CN,ok,,,,"Q30259688, identical to existing 'Xi'an'; printed 'Xi'an 710119, Shaanxi' (bao2026a, bao2026b)"
Broadcom Inc.,"Breinigsville, PA",US,weak,,,"9999 Hamilton Boulevard, Breinigsville, PA 18031","hamlet centre; printed '9999 Hamilton Blvd., Breinigsville, PA 18031' (bhasker2026)"
Changchun University,Changchun,CN,wrong,,,"长春大学, 长春","wrong entity: Q17030460 is Changchun University of Technology, a different university; the correct item Q5071743 'Changchun University' was first in the search but has no usable point. Printed 'School of Electronic Information Engineering at Changchun University, Changchun' (zhang2026c); query is the Chinese name"
Changchun University of Science and Technology,Changchun,CN,weak,,,"长春理工大学, 长春","matched Q17499649 'university in China (1951-2000)', a historical item, not the current Q1009991 (no usable point). The point may still be a CUST campus but cannot be confirmed offline; printed 'School of Physics, CUST, Changchun' (zhang2026c)"
GlobalFoundries,"Essex Junction, VT",US,weak,,,"1000 River Street, Essex Junction, VT 05452","town centre; printed '1000 River St., Essex Junction, VT 05452' (rakowski2026)"
GlobalFoundries,"Santa Clara, CA",US,wrong,,,"2600 Great America Way, Santa Clara, CA 95054","locality centre for 'Santa Clara, CA' is the Santa Clara County centroid (37.23333, -121.68463), about 25 km SE of the city (same root cause as the 2026-10-04 review); printed '2600 Great America Way, Santa Clara, CA 95054' (rakowski2026)"
"Institute of Microelectronics, Chinese Academy of Sciences",Beijing,CN,weak,,Institute of Microelectronics,"中国科学院微电子研究所, 北京","Beijing centre; printed 'Institute of Microelectronics, CAS, Beijing' only (zhang2026c). Wikidata search for 'Institute of Microelectronics' lists Q10874029 'company in Beijing' (the CN candidate; the SG item Q30296095 is filtered by country); falls through to the Chinese-name Nominatim query if Q10874029 has no point. Accept only the IMECAS entity"
Keysight Technologies,"Santa Clara, CA",US,wrong,,,"5301 Stevens Creek Boulevard, Santa Clara, CA 95051","locality centre for 'Santa Clara, CA' is the Santa Clara County centroid (37.23333, -121.68463), about 25 km SE of the city (same root cause as the 2026-10-04 review); printed '5301 Stevens Creek Boulevard, Santa Clara, CA 95051' (shen2026)"
Max Planck Institute of Microstructure Physics,Halle (Saale),DE,weak,,,"Max-Planck-Institut für Mikrostrukturphysik, Halle",city centre; printed '06120 Halle (Saale)' (liu2026d); query is the institute's German name
Mitsubishi Electric Corporation,"Amagasaki, Hyogo",JP,weak,,,"8-1-1 Tsukaguchihonmachi, Amagasaki, Hyogo","city centre; printed '8-1-1, Tsukaguchihonmachi, Amagasaki, Hyogo 661-8661' (ohata2026)"
NVIDIA,Yokneam,IL,ok,,,,"office POI אנוידיה in the Yokneam industrial zone; printed 'NVIDIA Corporation, Yokneam, Israel' (sun2026)"
Nanjing University,Nanjing,CN,ok,,,,"Q683580 Gulou campus; printed 'Nanjing 210093' (chen2026), the Gulou campus postcode (from memory)"
Nanzhi Institute of Advanced Optoelectronic Integration,Nanjing,CN,weak,,,"南智先进光电集成技术研究院, 南京","city centre; printed 'Nanjing 211800' (chen2026), a Jiangbei/Pukou postcode some km from the centroid (from memory); Q131433222 has no usable point. Query is the Chinese name (from memory)"
Nexus Photonics,"Goleta, CA",US,weak,,,"6500 Hollister Avenue, Goleta, CA 93117","city centre; printed '6500 Hollister Avenue, Goleta, California 93117' (shen2026)"
Northeastern University,"Oakland, CA",US,ok,,,,"Q638859 Mills College at Northeastern University (Oakland campus); printed 'Northeastern University, Oakland, California 94613' (shen2026). Correctly placed in Oakland, not Boston"
Qingdao University,Qingdao,CN,ok,,,,"Q82267; printed 'Qingdao University, Qingdao' (zhang2026c)"
"Suzhou Institute of Nano-Tech and Nano-Bionics, Chinese Academy of Sciences","Suzhou, Jiangsu",CN,weak,,,"中国科学院苏州纳米技术与纳米仿生研究所, 苏州","city centre; printed 'i-Lab, SINANO, CAS, Suzhou, Jiangsu' only (chen2026). From memory SINANO is in Suzhou Industrial Park, well away from the centroid; query is the institute's Chinese name"
Suzhou Polytechnic University,Suzhou,CN,ok,,,,"Q17029824 label matches the printed name; printed 'Suzhou 215104' (chen2026), a Wuzhong postcode, and the point lies in the SW of Suzhou (9.9 km from the centroid). Entity identity judged from the label and description only (no network)"
University of Toronto,"Toronto, Ontario",CA,ok,,,,"Q180865 St. George campus; printed 'Department of ECE, University of Toronto, Toronto' (liu2026d)"
