org_name,locality,country,wikidata_search,nominatim_query
DRS Daylight Solutions,,US,,"16465 Via Esprillo, San Diego, CA"
Delft University of Technology,,NL,,
EPFL,,CH,,
Jinan University,Guangzhou,CN,,
Key Laboratory of Photonic-Electric Integration and Communication-Sensing Convergence (Ministry of Education),Chengdu,CN,,
Korea Advanced Institute of Science and Technology,Daejeon,KR,,
Korea Institute of Science and Technology,Seoul,KR,,
Korea University,Seoul,KR,,
Korea University of Science and Technology,Seoul,KR,,
Kyung Hee University,Seoul,KR,,
Sejong University,Seoul,KR,,
Southwest Jiaotong University,Chengdu,CN,,
Tianfu Xinglong Lake Laboratory,Chengdu,CN,,
University of Ottawa,Ottawa,CA,,
