org_name_current,org_type,preferred_name,ror_id,country_current,country_ror,website,name_source_url,action,note
Bauman Moscow State Technical University,university,Bauman Moscow State Technical University,https://ror.org/00pb8h375,RU,RU,https://www.bmstu.ru/,https://ror.org/00pb8h375,keep,"Matches ROR display ""Bauman Moscow State Technical University"" (Moscow, RU)."
Baylor University,university,Baylor University,https://ror.org/005781934,US,US,https://www.baylor.edu,https://ror.org/005781934,keep,"Matches ROR display ""Baylor University"" (Waco, US)."
Beijing Information Science and Technology University,university,Beijing Information Science & Technology University,https://ror.org/04xnqep60,CN,CN,https://www.bistu.edu.cn/,https://english.bistu.edu.cn/About/index.htm,rename,"Own English site page title uses ampersand; ROR display identical. [ROR display: Beijing Information Science & Technology University; Beijing, CN]"
Brazilian Nanotechnology National Laboratory,national_lab,Brazilian Nanotechnology National Laboratory,https://ror.org/03e51yr27,BR,BR,https://lnnano.cnpem.br,https://lnnano.cnpem.br/en/,keep,"ROR display is Portuguese (Laboratorio Nacional de Nanotecnologia); the English name is a ROR alias and is the English name on the LNNano English site. Parent CNPEM matches ROR relationship (CNPEM = Brazilian Center for Research in Energy and Materials, other slice). region=other for Brazil rows is inconsistent with a south_america convention but out of scope. [ROR display: Laboratório Nacional de Nanotecnologia; Campinas, BR]"
CMC Microsystems,other,CMC Microsystems,https://ror.org/03k70ea39,CA,CA,http://www.cmc.ca/,https://www.cmc.ca,keep,"Own site title and copyright read ""CMC Microsystems""; ROR display adds ""(Canada)"" as a disambiguator, not used. Country CA now sourced: ROR location Kingston, Canada (resolves ""country entered from outside the paper""). org_type other: ROR type not checked beyond this. [ROR display: CMC Microsystems (Canada); Kingston, CA]"
California Institute of Technology,university,California Institute of Technology,https://ror.org/05dxps055,US,US,https://www.caltech.edu,https://ror.org/05dxps055,keep,"Matches ROR display ""California Institute of Technology"" (Pasadena, US)."
Chongqing University,university,Chongqing University,https://ror.org/023rhb549,CN,CN,https://www.cqu.edu.cn,https://ror.org/023rhb549,keep,"Matches ROR display ""Chongqing University"" (Chongqing, CN)."
Chulalongkorn University,university,Chulalongkorn University,https://ror.org/028wp3y58,TH,TH,https://www.chula.ac.th/,https://ror.org/028wp3y58,keep,"Matches ROR display ""Chulalongkorn University"" (Bangkok, TH)."
City University of Hong Kong,university,City University of Hong Kong,https://ror.org/03q8dnn23,HK,HK,https://www.cityu.edu.hk,https://ror.org/03q8dnn23,keep,"Matches ROR display ""City University of Hong Kong"" (Hong Kong, HK)."
Columbia University,university,Columbia University,https://ror.org/00hj8s172,US,US,https://www.columbia.edu,https://ror.org/00hj8s172,keep,"Matches ROR display ""Columbia University"" (New York, US)."
Cornell University,university,Cornell University,https://ror.org/05bnh6r87,US,US,https://www.cornell.edu,https://ror.org/05bnh6r87,keep,"Matches ROR display ""Cornell University"" (Ithaca, US)."
ETH Zurich,university,ETH Zurich,https://ror.org/05a28rw58,CH,CH,https://ethz.ch,https://ror.org/05a28rw58,keep,"ROR display and brand ""ETH Zurich""; ASCII per own branding. [ROR display: ETH Zurich; Zurich, CH]"
East China Normal University,university,East China Normal University,https://ror.org/02n96ep67,CN,CN,https://www.ecnu.edu.cn,https://ror.org/02n96ep67,keep,"Matches ROR display ""East China Normal University"" (Shanghai, CN)."
Federal University of Mato Grosso,university,Federal University of Mato Grosso,https://ror.org/01mqvjv41,BR,BR,http://www.ufmt.br/ufmt/site/,https://en.wikipedia.org/wiki/Federal_University_of_Mato_Grosso,keep,"Official site ufmt.br was unreachable (connection failed), so no own-site English name verified. ROR display is Portuguese (Universidade Federal de Mato Grosso, Cuiaba, BR; no English alias). English name ""Federal University of Mato Grosso"" per Wikipedia/Wikidata only; kept pending an own-site English name. [ROR display: Universidade Federal de Mato Grosso; Cuiabá, BR]"
Fudan University,university,Fudan University,https://ror.org/013q1eq08,CN,CN,https://fudan.edu.cn,https://ror.org/013q1eq08,keep,"Matches ROR display ""Fudan University"" (Shanghai, CN)."
George Washington University,university,George Washington University,https://ror.org/00y4zzh67,US,US,https://www.gwu.edu/,https://ror.org/00y4zzh67,keep,"Matches ROR display ""George Washington University"" (Washington, US)."
Georgia Institute of Technology,university,Georgia Institute of Technology,https://ror.org/01zkghx44,US,US,https://www.gatech.edu,https://ror.org/01zkghx44,keep,"Row fully matched; note: ROR also has Georgia Water Resources Institute as a sub-unit, not relevant. [ROR display: Georgia Institute of Technology; Atlanta, US]"
Ghent University,university,Ghent University,https://ror.org/00cv9y106,BE,BE,https://www.ugent.be,https://ror.org/00cv9y106,keep,"Matches ROR display ""Ghent University"" (Ghent, BE)."
Graz University of Technology,university,Graz University of Technology,https://ror.org/00d7xrm67,AT,AT,https://www.tugraz.at,https://ror.org/00d7xrm67,keep,"Matches ROR display ""Graz University of Technology"" (Graz, AT)."
Hainan Normal University,university,Hainan Normal University,https://ror.org/031dhcv14,CN,CN,https://www.hainnu.edu.cn,https://ror.org/031dhcv14,keep,"Matches ROR display ""Hainan Normal University"" (Haikou, CN)."
Harbin Institute of Technology (Shenzhen),university,"Harbin Institute of Technology, Shenzhen",,CN,,https://en.hitsz.edu.cn,https://en.hitsz.edu.cn/index.htm,rename,"Own English site writes it with a comma. No separate ROR record: HITSZ is a campus of Harbin Institute of Technology (ROR 01yqg2h08, Harbin); not merged because the paper-level affiliation is the Shenzhen campus; could be mapped to parent HIT if the user prefers campus-level collapse. Country CN (Shenzhen address)."
Harvard University,university,Harvard University,https://ror.org/03vek6s52,US,US,https://www.harvard.edu,https://ror.org/03vek6s52,keep,"Matches ROR display ""Harvard University"" (Cambridge, US)."
Hefei National Laboratory,national_lab,Hefei Laboratory,,CN,,https://en.hfnl.cn,https://en.hfnl.cn/,rename,"Own English site (en.hfnl.cn) titles itself ""Hefei Laboratory"" and copyright ""Hefei Laboratory Anhui""; Chinese name is 合肥国家实验室 (literally Hefei National Laboratory), which the papers use. No ROR record (ROR has Hefei National Center for Physical Sciences at Nanoscale 01jeedh73, a different entity). Review: revert to keep if the literal ""National"" form is preferred."
Huazhong University of Science and Technology,university,Huazhong University of Science and Technology,https://ror.org/00p991c53,CN,CN,http://english.hust.edu.cn/,https://ror.org/00p991c53,keep,"Matches ROR display ""Huazhong University of Science and Technology"" (Wuhan, CN)."
INPHOTEC,other,INPHOTEC,,IT,,https://www.inphotec.it,https://www.santannapisa.it/en/news/photonics-courses-integrated-circuit-design-fabrication-packaging-inphotec,no_match,"No ROR record. INPHOTEC = Integrated Photonic Technology Center, founded 2015 by Scuola Superiore Sant'Anna (Pisa) and hosted in its TeCIP Institute; own site inphotec.it has a broken TLS certificate so its exact long-form name was not verified. Brand name INPHOTEC kept. Suggest reclassifying as a facility with parent_org Scuola Superiore Sant'Anna rather than org_type other. Country IT from address."
Institute of Science Tokyo,university,Institute of Science Tokyo,https://ror.org/05dqf9946,JP,JP,https://www.isct.ac.jp,https://ror.org/05dqf9946,keep,"Matches ROR display ""Institute of Science Tokyo"" (Tokyo, JP)."
Johns Hopkins University,university,Johns Hopkins University,https://ror.org/00za53h95,US,US,https://www.jhu.edu/,https://ror.org/00za53h95,keep,"Matches ROR display ""Johns Hopkins University"" (Baltimore, US)."
KTH Royal Institute of Technology,university,KTH Royal Institute of Technology,https://ror.org/026vcq606,SE,SE,https://www.kth.se,https://ror.org/026vcq606,keep,"Matches ROR display ""KTH Royal Institute of Technology"" (Stockholm, SE)."
KU Leuven,university,KU Leuven,https://ror.org/05f950310,BE,BE,https://www.kuleuven.be,https://ror.org/05f950310,keep,"Matches ROR display ""KU Leuven"" (Leuven, BE)."
Karlsruhe Institute of Technology,university,Karlsruhe Institute of Technology,https://ror.org/04t3en479,DE,DE,https://www.kit.edu,https://ror.org/04t3en479,keep,"Matches ROR display ""Karlsruhe Institute of Technology"" (Karlsruhe, DE)."
Kyushu University,university,Kyushu University,https://ror.org/00p4k0j84,JP,JP,http://www.kyushu-u.ac.jp/english/,https://ror.org/00p4k0j84,keep,"Matches ROR display ""Kyushu University"" (Fukuoka, JP)."
Lanzhou University,university,Lanzhou University,https://ror.org/01mkqqe32,CN,CN,https://www.lzu.edu.cn,https://ror.org/01mkqqe32,keep,"Matches ROR display ""Lanzhou University"" (Lanzhou, CN)."
Lawrence Berkeley National Laboratory,national_lab,Lawrence Berkeley National Laboratory,https://ror.org/02jbv0t02,US,US,https://www.lbl.gov/,https://ror.org/02jbv0t02,keep,"Matches ROR display ""Lawrence Berkeley National Laboratory"" (Berkeley, US)."
Lomonosov Moscow State University,university,Lomonosov Moscow State University,https://ror.org/010pmpe69,RU,RU,https://msu.ru/en/,https://ror.org/010pmpe69,keep,"Matches ROR display ""Lomonosov Moscow State University"" (Moscow, RU)."
Massachusetts Institute of Technology,university,Massachusetts Institute of Technology,https://ror.org/042nb2s44,US,US,https://web.mit.edu,https://ror.org/042nb2s44,keep,"Matches ROR display ""Massachusetts Institute of Technology"" (Cambridge, US)."
McGill University,university,McGill University,https://ror.org/01pxwe438,CA,CA,https://www.mcgill.ca,https://ror.org/01pxwe438,keep,"Matches ROR display ""McGill University"" (Montreal, CA)."
Nagoya Institute of Technology,university,Nagoya Institute of Technology,https://ror.org/055yf1005,JP,JP,https://www.nitech.ac.jp,https://ror.org/055yf1005,keep,"Matches ROR display ""Nagoya Institute of Technology"" (Nagoya, JP)."
Nanjing University of Aeronautics and Astronautics,university,Nanjing University of Aeronautics and Astronautics,https://ror.org/01scyh794,CN,CN,https://www.nuaa.edu.cn,https://ror.org/01scyh794,keep,"Matches ROR display ""Nanjing University of Aeronautics and Astronautics"" (Nanjing, CN)."
Nankai University,university,Nankai University,https://ror.org/01y1kjr75,CN,CN,https://nankai.edu.cn,https://ror.org/01y1kjr75,keep,"Matches ROR display ""Nankai University"" (Tianjin, CN)."
Nanyang Technological University,university,Nanyang Technological University,https://ror.org/02e7b5302,SG,SG,https://www.ntu.edu.sg,https://ror.org/02e7b5302,keep,"Matches ROR display ""Nanyang Technological University"" (Singapore, SG)."
National Institute of Standards and Technology,national_lab,National Institute of Standards and Technology,https://ror.org/05xpvk416,US,US,https://www.nist.gov/,https://ror.org/05xpvk416,keep,"ROR HQ Gaithersburg MD; row cites the Boulder CO laboratory, same organization, country US. [ROR display: National Institute of Standards and Technology; Gaithersburg, US]"
National Inter-University Consortium for Telecommunications,consortium,National Inter-University Consortium for Telecommunications,https://ror.org/0182a5n39,IT,IT,https://www.cnit.it,https://www.cnit.it/en,keep,"Own English site title: ""CNIT - National Inter-University Consortium for Telecommunications"". ROR display is Italian (Consorzio Nazionale Interuniversitario per le Telecomunicazioni); ROR city Parma (HQ), the Pisa lab is a unit. Country IT sourced from ROR and own site; resolves ""expansion from outside the paper"". [ROR display: Consorzio Nazionale Interuniversitario per le Telecomunicazioni; Parma, IT]"
National Sun Yat-sen University,university,National Sun Yat-sen University,https://ror.org/00mjawt10,TW,TW,http://www.nsysu.edu.tw/bin/home.php?Lang=en,https://ror.org/00mjawt10,keep,"Matches ROR display ""National Sun Yat-sen University"" (Kaohsiung, TW)."
National Tsing Hua University,university,National Tsing Hua University,https://ror.org/00zdnkx70,TW,TW,http://www.nthu.edu.tw/english/,https://ror.org/00zdnkx70,keep,"Matches ROR display ""National Tsing Hua University"" (Hsinchu, TW)."
National University of Singapore,university,National University of Singapore,https://ror.org/01tgyzw49,SG,SG,https://www.nus.edu.sg/,https://ror.org/01tgyzw49,keep,"Matches ROR display ""National University of Singapore"" (Singapore, SG)."
Northeastern University,university,Northeastern University,https://ror.org/04t5xt781,US,US,https://www.northeastern.edu/,https://www.northeastern.edu/,keep,"ROR record chosen is the US one (04t5xt781, Boston); a different Northeastern University exists in Shenyang, CN (03awzbc87). Row cites an Oakland, CA address which is a campus of the same US organization; country US correct. [ROR display: Northeastern University; Boston, US]"
Northwestern University,university,Northwestern University,https://ror.org/000e0be47,US,US,https://www.northwestern.edu/,https://ror.org/000e0be47,keep,"Matches ROR display ""Northwestern University"" (Evanston, US)."
Oregon State University,university,Oregon State University,https://ror.org/00ysfqy60,US,US,https://oregonstate.edu,https://ror.org/00ysfqy60,keep,"Matches ROR display ""Oregon State University"" (Corvallis, US)."
Paderborn University,university,Paderborn University,https://ror.org/058kzsd48,DE,DE,https://www.uni-paderborn.de/,https://ror.org/058kzsd48,keep,"Matches ROR display ""Paderborn University"" (Paderborn, DE)."
Peking University,university,Peking University,https://ror.org/02v51f717,CN,CN,https://www.pku.edu.cn,https://ror.org/02v51f717,keep,"Matches ROR display ""Peking University"" (Beijing, CN)."
Photonics Electronics Technology Research Association,consortium,Photonics Electronics Technology Research Association,https://ror.org/01fqmah26,JP,JP,http://www.petra-jp.org/en/,https://ror.org/01fqmah26,keep,"ROR city Tsukuba; row cites Bunkyo-ku, Tokyo address; country JP either way. [ROR display: Photonics Electronics Technology Research Association; Tsukuba, JP]"
Riga Technical University,university,Riga Technical University,https://ror.org/00twb6c09,LV,LV,https://www.rtu.lv,https://ror.org/00twb6c09,keep,"Matches ROR display ""Riga Technical University"" (Riga, LV)."
SLAC National Accelerator Laboratory,national_lab,SLAC National Accelerator Laboratory,https://ror.org/05gzmn429,US,US,https://www6.slac.stanford.edu/,https://ror.org/05gzmn429,keep,"ROR parents: Office of Science (DOE) and Stanford University; parent_org Stanford University is consistent with ROR. [ROR display: SLAC National Accelerator Laboratory; Menlo Park, US]"
Sandia National Laboratories,national_lab,Sandia National Laboratories,https://ror.org/01apwpt12,US,US,https://www.sandia.gov/,https://ror.org/01apwpt12,keep,"Row is the parent organization (Albuquerque, NM); ROR also lists Sandia National Laboratories California (separate record) not used. [ROR display: Sandia National Laboratories; Albuquerque, US]"
Scuola Normale Superiore,university,Scuola Normale Superiore,https://ror.org/03aydme10,IT,IT,https://www.sns.it,https://ror.org/03aydme10,keep,"Matches ROR display ""Scuola Normale Superiore"" (Pisa, IT)."
Scuola Superiore Sant'Anna,university,Scuola Superiore Sant'Anna,https://ror.org/025602r80,IT,IT,https://www.santannapisa.it,https://ror.org/025602r80,keep,"Matches ROR display ""Scuola Superiore Sant'Anna"" (Pisa, IT)."
Shandong Normal University,university,Shandong Normal University,https://ror.org/01wy3h363,CN,CN,https://www.sdnu.edu.cn,https://ror.org/01wy3h363,keep,"Matches ROR display ""Shandong Normal University"" (Jinan, CN)."
Shanghai Jiao Tong University,university,Shanghai Jiao Tong University,https://ror.org/0220qvk04,CN,CN,https://www.sjtu.edu.cn,https://ror.org/0220qvk04,keep,"Matches ROR display ""Shanghai Jiao Tong University"" (Shanghai, CN)."
ShanghaiTech University,university,ShanghaiTech University,https://ror.org/030bhh786,CN,CN,https://www.shanghaitech.edu.cn,https://ror.org/030bhh786,keep,"Matches ROR display ""ShanghaiTech University"" (Shanghai, CN)."
Shanxi University,university,Shanxi University,https://ror.org/03y3e3s17,CN,CN,https://www.sxu.edu.cn,https://ror.org/03y3e3s17,keep,"Matches ROR display ""Shanxi University"" (Taiyuan, CN)."
South China Normal University,university,South China Normal University,https://ror.org/01kq0pv72,CN,CN,https://scnu.edu.cn,https://ror.org/01kq0pv72,keep,"Matches ROR display ""South China Normal University"" (Guangzhou, CN)."
Stanford University,university,Stanford University,https://ror.org/00f54p054,US,US,https://www.stanford.edu,https://ror.org/00f54p054,keep,"Matches ROR display ""Stanford University"" (Stanford, US)."
Sun Yat-sen University,university,Sun Yat-sen University,https://ror.org/0064kty71,CN,CN,https://www.sysu.edu.cn,https://ror.org/0064kty71,keep,"Matches ROR display ""Sun Yat-sen University"" (Guangzhou, CN)."
Swiss Federal Institute of Technology Lausanne,university,EPFL,https://ror.org/02s376052,CH,CH,https://www.epfl.ch/,https://www.epfl.ch/en/,rename,"Own English site uses ""EPFL"" in header and copyright; footer gives the French name ""Ecole polytechnique federale de Lausanne"" (with accents: École polytechnique fédérale de Lausanne). The English long form ""Swiss Federal Institute of Technology Lausanne"" was not found on epfl.ch. ROR display: École Polytechnique Fédérale de Lausanne. Update parent_org of the 2 EPFL facility rows (other slice) to the new name. [ROR display: École Polytechnique Fédérale de Lausanne; Lausanne, CH]"
Technical University Berlin,university,Technische Universität Berlin,https://ror.org/03v4gjf40,DE,DE,https://www.tu.berlin,https://www.tu.berlin/en,rename,"Resolved: own English site uses the German name unchanged (""Technische Universität Berlin"", short TU Berlin); ROR display identical. Keep the diacritic. [ROR display: Technische Universität Berlin; Berlin, DE]"
Technical University of Denmark,university,Technical University of Denmark,https://ror.org/04qtj9h94,DK,DK,https://dtu.dk,https://ror.org/04qtj9h94,keep,"Matches ROR display ""Technical University of Denmark"" (Kongens Lyngby, DK)."
Tel Aviv University,university,Tel Aviv University,https://ror.org/04mhzgx49,IL,IL,https://english.tau.ac.il/,https://ror.org/04mhzgx49,keep,"Matches ROR display ""Tel Aviv University"" (Tel Aviv, IL)."
Texas A&M University,university,Texas A&M University,https://ror.org/01f5ytq51,US,US,https://www.tamu.edu/,https://ror.org/01f5ytq51,keep,"Matches ROR display ""Texas A&M University"" (College Station, US)."
The Hong Kong Polytechnic University,university,The Hong Kong Polytechnic University,https://ror.org/0030zas98,HK,HK,https://www.polyu.edu.hk/,https://www.polyu.edu.hk,keep,"Own site og:site_name ""The Hong Kong Polytechnic University""; ROR display omits ""The"". Kept with ""The"". Country HK (ROR/ISO 3166; paper address ""Hong Kong, China""). [ROR display: Hong Kong Polytechnic University; Hong Kong, HK]"
The Hong Kong University of Science and Technology,university,The Hong Kong University of Science and Technology,https://ror.org/00q4vv597,HK,HK,https://hkust.edu.hk,https://hkust.edu.hk,keep,"Own site title ""The Hong Kong University of Science and Technology""; ROR display omits ""The"". Kept with ""The"". Distinct from the Guangzhou campus row (separate ROR record 050h0vm43); parent_org of Nanosystem Fabrication Facility (other slice) unchanged. [ROR display: Hong Kong University of Science and Technology; Hong Kong, HK]"
The Hong Kong University of Science and Technology (Guangzhou),university,The Hong Kong University of Science and Technology (Guangzhou),https://ror.org/050h0vm43,CN,CN,https://www.hkust-gz.edu.cn,https://ror.org/050h0vm43,keep,"Own English name matches ROR (050h0vm43); separate institution from the Hong Kong campus row; country CN (Guangzhou address) correct. [ROR display: The Hong Kong University of Science and Technology (Guangzhou); Guangzhou, CN]"
The Pennsylvania State University,university,The Pennsylvania State University,https://ror.org/04p491231,US,US,https://www.psu.edu,https://www.psu.edu,keep,"Own site og:site_name ""The Pennsylvania State University"" (page title adds ""Penn State""); ROR display omits ""The"". Kept. [ROR display: Pennsylvania State University; State College, US]"
The University of Aizu,university,The University of Aizu,https://ror.org/02pg0e883,JP,JP,https://www.u-aizu.ac.jp/,https://www.u-aizu.ac.jp/en/,keep,"Own site is mixed: header ""University of Aizu"", copyright ""The University of Aizu""; ROR display ""University of Aizu"". Unsure which is preferred so kept; low-stakes candidate to drop ""The"". [ROR display: University of Aizu; Fukushima, JP]"
The University of Texas at Austin,university,The University of Texas at Austin,https://ror.org/00hj54h04,US,US,http://www.utexas.edu/,https://ror.org/00hj54h04,keep,"Matches ROR display ""The University of Texas at Austin"" (Austin, US)."
The University of Tokyo,university,The University of Tokyo,https://ror.org/057zh3y96,JP,JP,https://www.u-tokyo.ac.jp,https://ror.org/057zh3y96,keep,"Matches ROR display ""The University of Tokyo"" (Tokyo, JP)."
Tohoku University,university,Tohoku University,https://ror.org/01dq60k83,JP,JP,http://www.tohoku.ac.jp/en/,https://ror.org/01dq60k83,keep,"Matches ROR display ""Tohoku University"" (Sendai, JP)."
Tokai University,university,Tokai University,https://ror.org/01p7qe739,JP,JP,https://www.u-tokai.ac.jp,https://ror.org/01p7qe739,keep,"ROR city Tokyo (HQ); row cites Kanagawa campus; country JP either way. [ROR display: Tokai University; Tokyo, JP]"
Tsinghua University,university,Tsinghua University,https://ror.org/03cve4549,CN,CN,https://www.tsinghua.edu.cn,https://ror.org/03cve4549,keep,"Matches ROR display ""Tsinghua University"" (Beijing, CN)."
Tulane University,university,Tulane University,https://ror.org/04vmvtb21,US,US,https://tulane.edu,https://ror.org/04vmvtb21,keep,"Matches ROR display ""Tulane University"" (New Orleans, US)."
U.S. Army Combat Capabilities Development Command Army Research Laboratory,national_lab,DEVCOM Army Research Laboratory,https://ror.org/011hc8f90,US,US,https://arl.devcom.army.mil,https://arl.devcom.army.mil,rename,"Own site og:site_name and title ""DEVCOM Army Research Laboratory""; ROR display identical. Suggest parent_org = ""U.S. Army Combat Capabilities Development Command"" (ROR parent 02rdkx920; own site: ""The U.S. Army Combat Capabilities Development Command, or DEVCOM, Army Research Laboratory""). [ROR display: DEVCOM Army Research Laboratory; Adelphi, US]"
University of Bristol,university,University of Bristol,https://ror.org/0524sp257,GB,GB,https://www.bristol.ac.uk/,https://ror.org/0524sp257,keep,"Matches ROR display ""University of Bristol"" (Bristol, GB)."
University of British Columbia,university,University of British Columbia,https://ror.org/03rmrcq20,CA,CA,https://www.ubc.ca/,https://ror.org/03rmrcq20,keep,"Matches ROR display ""University of British Columbia"" (Vancouver, CA)."
University of Cagliari,university,University of Cagliari,https://ror.org/003109y17,IT,IT,https://www.unica.it/,https://ror.org/003109y17,keep,"Matches ROR display ""University of Cagliari"" (Cagliari, IT)."
"University of California, Berkeley",university,"University of California, Berkeley",https://ror.org/01an7q238,US,US,https://www.berkeley.edu,https://ror.org/01an7q238,keep,"Matches ROR display ""University of California, Berkeley"" (Berkeley, US)."
"University of California, Irvine",university,"University of California, Irvine",https://ror.org/04gyf1771,US,US,https://uci.edu/,https://ror.org/04gyf1771,keep,"Comma form is the formal system name (ROR display); site brand is ""UC Irvine"". [ROR display: University of California, Irvine; Irvine, US]"
"University of California, San Diego",university,University of California San Diego,https://ror.org/0168r3w48,US,US,https://ucsd.edu,https://ucsd.edu,rename,"Own site title has no comma; ROR display identical (alias with comma). Update parent_org of San Diego Nanotechnology Infrastructure (other slice). [ROR display: University of California San Diego; San Diego, US]"
"University of California, Santa Barbara",university,"University of California, Santa Barbara",https://ror.org/02t274463,US,US,https://www.ucsb.edu,https://ror.org/02t274463,keep,"Comma form is the formal system name (ROR display); site brand is ""UC Santa Barbara"". [ROR display: University of California, Santa Barbara; Santa Barbara, US]"
University of Cambridge,university,University of Cambridge,https://ror.org/013meh722,GB,GB,https://www.cam.ac.uk,https://ror.org/013meh722,keep,"Matches ROR display ""University of Cambridge"" (Cambridge, GB)."
University of Campinas,university,State University of Campinas,https://ror.org/04wffgt70,BR,BR,https://www.unicamp.br,https://www.unicamp.br/en/,rename,"Own English site footer: ""(c) 1969 - 2026 - State University of Campinas""; page title uses ""Unicamp"". ROR display is Portuguese (Universidade Estadual de Campinas (UNICAMP)) with alias ""University of Campinas"", which is also the common third-party English form. Judgement call: own-site string chosen per decision rule; revert to keep if the shorter form is preferred. [ROR display: Universidade Estadual de Campinas (UNICAMP); Campinas, BR]"
University of Central Florida,university,University of Central Florida,https://ror.org/036nfer12,US,US,https://www.ucf.edu,https://ror.org/036nfer12,keep,"Matches ROR display ""University of Central Florida"" (Orlando, US)."
University of Chinese Academy of Sciences,university,University of Chinese Academy of Sciences,https://ror.org/05qbk4x57,CN,CN,https://www.ucas.ac.cn,https://ror.org/05qbk4x57,keep,"Matches ROR display ""University of Chinese Academy of Sciences"" (Beijing, CN)."
"University of Colorado, Boulder",university,University of Colorado Boulder,https://ror.org/02ttsq026,US,US,https://www.colorado.edu/,https://www.colorado.edu,rename,"Own site title has no comma; ROR display identical. [ROR display: University of Colorado Boulder; Boulder, US]"
University of Copenhagen,university,University of Copenhagen,https://ror.org/035b05819,DK,DK,https://www.ku.dk,https://ror.org/035b05819,keep,"Matches ROR display ""University of Copenhagen"" (Copenhagen, DK)."
University of Delaware,university,University of Delaware,https://ror.org/01sbq1a82,US,US,https://www.udel.edu,https://ror.org/01sbq1a82,keep,"Matches ROR display ""University of Delaware"" (Newark, US)."
University of Freiburg,university,University of Freiburg,https://ror.org/0245cg223,DE,DE,https://www.uni-freiburg.de,https://ror.org/0245cg223,keep,"Matches ROR display ""University of Freiburg"" (Freiburg im Breisgau, DE)."
University of Illinois Chicago,university,University of Illinois Chicago,https://ror.org/02mpq6x41,US,US,https://www.uic.edu,https://ror.org/02mpq6x41,keep,"Matches ROR display ""University of Illinois Chicago"" (Chicago, US)."
University of Illinois at Urbana-Champaign,university,University of Illinois Urbana-Champaign,https://ror.org/047426m28,US,US,https://illinois.edu,https://illinois.edu,rename,"Own site header uses ""University of Illinois Urbana-Champaign""; ROR display identical. [ROR display: University of Illinois Urbana-Champaign; Urbana, US]"
University of Michigan,university,University of Michigan,https://ror.org/00jmfr291,US,US,https://www.umich.edu,https://ror.org/00jmfr291,keep,"Matches ROR display ""University of Michigan"" (Ann Arbor, US)."
University of Muenster,university,University of Münster,https://ror.org/00pd74e08,DE,DE,https://www.uni-muenster.de/,https://www.uni-muenster.de/en/,rename,"Own English site title ""University of Münster""; keep diacritic. [ROR display: University of Münster; Münster, DE]"
University of Pittsburgh,university,University of Pittsburgh,https://ror.org/01an3r305,US,US,https://www.pitt.edu/,https://ror.org/01an3r305,keep,"Matches ROR display ""University of Pittsburgh"" (Pittsburgh, US)."
University of Rochester,university,University of Rochester,https://ror.org/022kthw22,US,US,https://www.rochester.edu,https://ror.org/022kthw22,keep,"Matches ROR display ""University of Rochester"" (Rochester, US)."
University of Southampton,university,University of Southampton,https://ror.org/01ryk1543,GB,GB,https://www.southampton.ac.uk/,https://ror.org/01ryk1543,keep,"Matches ROR display ""University of Southampton"" (Southampton, GB)."
University of Southern California,university,University of Southern California,https://ror.org/03taz7m60,US,US,https://usc.edu,https://ror.org/03taz7m60,keep,"Matches ROR display ""University of Southern California"" (Los Angeles, US)."
University of Washington,university,University of Washington,https://ror.org/00cvxb145,US,US,https://www.washington.edu,https://ror.org/00cvxb145,keep,"Matches ROR display ""University of Washington"" (Seattle, US)."
Université Laval,university,Université Laval,https://ror.org/04sjchr03,CA,CA,https://www.ulaval.ca,https://ror.org/04sjchr03,keep,"Matches ROR display ""Université Laval"" (Québec, CA)."
Université Libre de Bruxelles,university,Université Libre de Bruxelles,https://ror.org/01r9htc13,BE,BE,https://www.ulb.be,https://www.ulb.be/en,keep,"Own English page writes ""Universite Libre de Bruxelles"" with capital L (verified in page source); ROR identical. [ROR display: Université Libre de Bruxelles; Brussels, BE]"
Virginia Tech,university,Virginia Tech,https://ror.org/02smfhw86,US,US,https://www.vt.edu,https://ror.org/02smfhw86,keep,"ROR display ""Virginia Tech"" (formal name Virginia Polytechnic Institute and State University as alias). [ROR display: Virginia Tech; Blacksburg, US]"
Waseda University,university,Waseda University,https://ror.org/00ntfnx83,JP,JP,https://www.waseda.jp/top/,https://ror.org/00ntfnx83,keep,"Matches ROR display ""Waseda University"" (Tokyo, JP)."
Xidian University,university,Xidian University,https://ror.org/05s92vm98,CN,CN,https://www.xidian.edu.cn,https://ror.org/05s92vm98,keep,"Matches ROR display ""Xidian University"" (Xi'an, CN)."
Yale University,university,Yale University,https://ror.org/03v76x132,US,US,https://www.yale.edu,https://ror.org/03v76x132,keep,"Matches ROR display ""Yale University"" (New Haven, US)."
Yokohama National University,university,Yokohama National University,https://ror.org/03zyp6p76,JP,JP,https://www.ynu.ac.jp,https://ror.org/03zyp6p76,keep,"Matches ROR display ""Yokohama National University"" (Yokohama, JP)."
Zhejiang University,university,Zhejiang University,https://ror.org/00a2xv884,CN,CN,https://www.zju.edu.cn,https://ror.org/00a2xv884,keep,"Matches ROR display ""Zhejiang University"" (Hangzhou, CN)."
