org_name_current,org_type,preferred_name,ror_id,country_current,country_source,website,name_source_url,action,note
1FINITY Inc.,company,1Finity,https://ror.org/02eqrxn88,JP,"ROR record (Oyama, JP) + own site",https://www.1finity.com,https://www.1finity.com/,rename,"Own site names itself '1Finity' (og:site_name, copyright '1Finity', 'a part of Fujitsu'). ROR record is Fujitsu Telecom Networks Limited with alias 1Finity (rebrand). Legal form '1FINITY Inc.' not shown on fetched pages; record in note only. ROR city Oyama vs row note Kawasaki: HQ city not verified, country JP unaffected."
AIXTRON Ltd,company,AIXTRON Ltd,https://ror.org/05p81fj60,GB,"ROR record (Cambridge, GB)",https://www.aixtron.com,https://www.aixtron.com/en/,keep,"UK subsidiary entity (ROR parent: Aixtron (Germany)); group brand AIXTRON, parent AIXTRON SE (own site). Keep as separate entity; parent_org=AIXTRON SE (no row in table)."
AMO GmbH,company,AMO GmbH,https://ror.org/01sd0e661,DE,"ROR record (Aachen, DE)",https://www.amo.de,https://www.amo.de/,keep,Own site og:site_name 'AMO GmbH'.
"Advanced Fiber Resources (Zhuhai), Ltd.",company,"Advanced Fiber Resources (Zhuhai), Ltd.",https://ror.org/0440dpw16,CN,"Own site: HQ Zhuhai, China",https://www.fiber-resources.com,https://www.fiber-resources.com/about.html,keep,"Own site name and copyright 'Advanced Fiber Resources (Zhuhai), Ltd.'; ROR label 'Advanced Fiber Resources (China)', alias AFR."
Advanced Micro Foundry,foundry,Advanced Micro Foundry,,SG,Search results / GlobalFoundries release describe it as Singapore-based; own site not reached,,https://investors.gf.com/news-releases/news-release-details/globalfoundries-acquires-advanced-micro-foundry-accelerating,keep,"No ROR record found. GlobalFoundries announced acquisition of Advanced Micro Foundry Pte Ltd (GF investor release; trade press dated 2025-11-19); completion status not verified, so parent_org not set. Spin-off of A*STAR IME (2017 per search summary). Type foundry is correct. Own website not verified (advmf/amf guesses unreachable)."
"Agency for Science, Technology and Research",research_institute,"Agency for Science, Technology and Research",https://ror.org/036wvzt09,SG,ROR record (Singapore) + own site,https://www.a-star.edu.sg,https://www.a-star.edu.sg/,fix_type:other,"Own site title 'Agency for Science, Technology and Research (A*STAR)'. ROR types: funder, government. It is the statutory R&D agency that parents institutes (IME etc.), not itself a research institute; suggested type other. Name itself unchanged (acronym A*STAR as alias)."
Bauman Moscow State Technical University Nanofabrication Facility,facility,FMN Laboratory,,RU,"Host institution (BMSTU, Moscow)",https://fmn.bmstu.ru/en/,https://fmn.bmstu.ru/en/about/fmn/,rename,"Own English page name 'FMN Laboratory' (Functional Micro/Nanosystems), BMSTU; paper calls it 'BMSTU Nanofabrication Facility (FMN Laboratory, FMNS REC, ID 74300)'. No ROR record. Keep parent_org=Bauman Moscow State Technical University."
Binnig and Rohrer Nanotechnology Center,facility,Binnig and Rohrer Nanotechnology Center,https://ror.org/003bsdh42,CH,"ROR record (Zurich, CH) + brnc.ethz.ch",https://brnc.ethz.ch,https://brnc.ethz.ch/,keep,Resolves 'country entered from outside the paper': CH confirmed by ROR location and ETH-hosted site (title 'BRNC - Binnig and Rohrer Nanotechnology Center | ETH Zurich'). ROR parent: ETH Zurich; suggested parent_org=ETH Zurich (paper says jointly with IBM Ruschlikon).
Brazilian Center for Research in Energy and Materials,research_institute,Brazilian Center for Research in Energy and Materials,https://ror.org/05m235j20,BR,"ROR record (Campinas, BR)",https://cnpem.br,https://cnpem.br/en/,keep,Own English site uses acronym CNPEM; Portuguese name Centro Nacional de Pesquisa em Energia e Materiais. English form is the ROR label. ROR types funder/other (private non-profit); research_institute acceptable.
Broadcom Inc.,company,Broadcom Inc.,https://ror.org/035gt5s03,US,ROR record (US),https://www.broadcom.com,https://www.broadcom.com/company/about-us,keep,Own-site legal-form string could not be confirmed from the fetched page; name kept. ROR record Broadcom (United States) is San Jose; Breinigsville PA in the paper is a site.
CORNERSTONE,facility,CORNERSTONE,,GB,Own site: University of Southampton address (GB),https://cornerstone.sotonfab.co.uk,https://cornerstone.sotonfab.co.uk/about,fix_type:foundry,"Own about page: 'open-source, licence-free silicon photonics prototyping foundry', hosted by University of Southampton, University of Glasgow and STFC; address ORC Building 60, Southampton SO17 1BJ. Self-described foundry service (MPW) so foundry fits; row says facility. No ROR record."
CamGraPhIC srl,company,CamGraPhIC srl,,IT,Paper (Pisa); search results place Inphotec facility in Pisa,https://www.camgraphic-technology.com,https://www.camgraphic-technology.com/,keep,"Spelling not settled by own site (title 'Camgraphic', og 'CamGraPhic', footer '2022 Camgraphic Ltd.'); funding press writes 'CamGraPhIC Srl'. Search results (secondary) say wholly owned subsidiary of 2D Photonics SpA. Kept as is; rename to 'CamGraPhIC' if lead accepts press spelling. No ROR record."
Center for Advanced Electronic Materials and Devices,facility,Center for Advanced Electronic Materials and Devices,,CN,"Host institution (SJTU, Shanghai)",https://aemd.sjtu.edu.cn,https://english.seiee.sjtu.edu.cn/english/list/2107-1-20.htm,keep,SJTU English page names 'Center for Advanced Electronic Materials and Devices (AEMD)'; Chinese platform site aemd.sjtu.edu.cn. No ROR record. parent_org Shanghai Jiao Tong University.
Center for Nanoscale Systems,facility,Center for Nanoscale Systems,,US,"Host institution (Harvard, US)",https://cns1.rc.fas.harvard.edu,https://cns1.rc.fas.harvard.edu/about/,keep,"Own about page: 'Harvard University Center for Nanoscale Systems' (CNS), core facility at 11 Oxford Street and Allston SEC. No ROR record (ROR result 'Center for Nanoscale Materials' is Argonne, different)."
Center of Micro-Fabrication and Characterization,facility,Center of Micro-Fabrication and Characterization,,CN,"Host institution (HUST, Wuhan)",,,keep,"WNLO sources name 'Center of Micro-Fabrication and Characterization (CMFC)' as a WNLO facility; kept as written. Possible duplicate of 'Center of Optoelectronic Micro and Nano Fabrication and Characterizing Facility' (OMFC); not merged, equivalence unproven. No ROR record."
Center of Optoelectronic Micro and Nano Fabrication and Characterizing Facility,facility,Center of Optoelectronic Micro and Nano Fabrication and Characterizing Facility,,CN,"Host institution (HUST, Wuhan)",,,keep,Unsure of own name: web sources write 'Optoelectronic Micro & Nano Fabrication and Characterization Facility (OMFC)' and 'Center of Micro-Fabrication and Characterization (CMFC)' of WNLO at HUST. No official page fetched; kept as written in the paper. No ROR record. Possible duplicate of 'Center of Micro-Fabrication and Characterization' (both are WNLO/HUST fabrication facilities; WNLO sources name both CMFC and OMFC); not merged because the equivalence is unproven.
Centre Suisse d'Electronique et de Microtechnique,research_institute,CSEM,https://ror.org/05nrrsx06,CH,"Own site: CSEM SA, Neuchatel (CH)",https://www.csem.ch,https://www.csem.ch/en/about-us/,rename,"Own English site uses 'CSEM' (legal CSEM SA, Rue Jaquet-Droz 1, Neuchatel). Row holds the French expansion; ROR English label 'Swiss Center for Electronics and Microtechnology'. ROR type company; research_institute type kept."
"Cetus Photonics, Inc.",company,"Cetus Photonics, Inc.",,US,Not verified (paper gives no address),,,no_match,No ROR record and no website found by search; nothing verifiable. Country US unverified.
China Information and Communication Technologies Group Corporation,company,China Information and Communication Technologies Group Corporation,,CN,"Search results: Wuhan, China",https://www.cict.com,https://govt.chinadaily.com.cn/s/201812/05/WS5c07928c498eefb3fe46e304/china-information-and-communication-technologies-group-corporation-cict.html,keep,"Official site www.cict.com per search (not fetched). Some secondary sources (Wikidata, ZoomInfo) write 'Technology Group Co., Ltd.'; own English legal form unresolved so kept. Formed 2018-07 from FiberHome and Datang (search summary). Relation to National Information Optoelectronics Innovation Center not confirmed on primary pages."
"Chongqing United Microelectronics Center Co., Ltd",company,"Chongqing United Microelectronics Center Co., Ltd",,CN,"Search results / ePIXfab: Chongqing, China",http://www.cumec.cn,https://epixfab.eu/en/members-partners/united-microelectronics-center-cumec,keep,"Name variants in sources: 'United Microelectronics Center (CUMEC)' (ePIXfab), 'Chongqing United Micro-Electronics Center' (ichongqing). Official site www.cumec.cn named by search, not reachable. Kept. Open-access silicon photonics/electronics pilot-line platform; type could be foundry, unverified. No ROR record."
Ciena Corporation,company,Ciena Corporation,https://ror.org/05w425588,CA,"ROR record: Ciena (United States), Hanover MD",https://www.ciena.com,,fix_country,"country_target=US. Row has CA from the Quebec City / Ottawa addresses in the paper; those are Ciena Canada (ROR 05agqdk49, child of Ciena US). Corporation HQ is the US record. Own site returned 403, so own name form (Ciena vs Ciena Corporation) not verified; name kept."
City University of New York Advanced Science Research Center NanoFabrication Facility,facility,Advanced Science Research Center NanoFabrication Facility,,US,"Host institution (CUNY ASRC, New York)",https://asrc.gc.cuny.edu/facilities/nanofabrication/,https://asrc.gc.cuny.edu/facilities/nanofabrication/,rename,"Own page: 'Nanofabrication Facility' of the Advanced Science Research Center at The Graduate Center, CUNY; CUNY news title 'NanoFabrication Facility ... at CUNY Advanced Science Research Center'. Drop the university prefix (kept in parent_org=City University of New York). No ROR record."
Coherent Corp.,company,Coherent Corp.,,US,Paper address Fremont CA; HQ not verified on fetched page,https://www.coherent.com,https://www.coherent.com/company,keep,"Own footer '(c) Copyright Coherent Corp.' (brand 'Coherent'). ROR 031tysd23 'Coherent (United States)' is located Santa Clara, inconsistent with Coherent Corp. HQ, so not accepted. Country US from paper address."
Columbia Nano Initiative,facility,Columbia Nano Initiative,,US,"Host institution (Columbia, New York)",https://cni.columbia.edu,https://cni.columbia.edu/cni,keep,Own site 'Columbia Nano Initiative (CNI)'; shared labs incl. Nanofabrication Clean Room. No ROR record.
CompoundTek Pte,foundry,CompoundTek Pte Ltd,,SG,"Own site address: 5 International Business Park, Singapore 609914",https://compoundtek.com,https://compoundtek.com/,rename,Country SG now confirmed from the company's own address (resolves 'entered from outside the paper'). Own site name 'CompoundTek Pte Ltd'; row lacks 'Ltd'. No ROR record.
Cornell High Energy Synchrotron Source,facility,Cornell High Energy Synchrotron Source,https://ror.org/032bgnz47,US,"ROR record (Ithaca, US) + own site",https://www.chess.cornell.edu,https://www.chess.cornell.edu/,keep,Own footer '2026 Cornell High Energy Synchrotron Source'. ROR type listed 'education'; facility type fits.
Cornell NanoScale Facility,facility,Cornell NanoScale Facility,,US,"Host institution (Cornell, Ithaca)",https://www.cnf.cornell.edu,https://www.cnf.cornell.edu/,keep,Own site title 'Cornell NanoScale Facility - CNF'; formal older name 'Cornell NanoScale Science and Technology Facility'. No ROR record.
DRS Daylight Solutions,company,DRS Daylight Solutions,,US,"Search results: San Diego, CA",https://www.daylightsolutions.com,https://www.daylightsolutions.com/about-us/,keep,Own site 403 to fetch; directories and search use 'DRS Daylight Solutions'; own domain page titled 'Daylight Solutions'. Line of business of Leonardo DRS since 2017-06 (search); parent_org Leonardo DRS not verified from primary page. No ROR record.
Dream Photonics Inc.,company,Dream Photonics,,CA,Own site: Vancouver BC and Woodinville WA,https://dreamphotonics.com,https://dreamphotonics.com/,rename,"Own site title/copyright 'Dream Photonics' (no Inc.). Site says 'Located in Vancouver, British Columbia, Canada and Woodinville, Washington, USA'; CA retained (listed first), HQ not stated. Legal form 'Inc.' unverified. No ROR record."
Dukhov Automatics Research Institute,research_institute,Dukhov Automatics Research Institute,https://ror.org/01kp4cp54,RU,"ROR record (Moscow, RU)",,https://ror.org/01kp4cp54,keep,ROR display name 'All Russia Research Institute of Automatics' with alias 'Dukhov Automatics Research Institute'; same organization (VNIIA). Own site not fetched.
EPFL Center of MicroNano Technology,facility,Center of MicroNanoTechnology,,CH,"Host institution (EPFL, Lausanne)",https://www.epfl.ch/research/facilities/cmi/,https://www.epfl.ch/research/facilities/cmi/,rename,"EPFL page title 'Center of MicroNanoTechnology'; drop 'EPFL' prefix (kept in parent_org). Note for host-name consistency: row parent_org 'Swiss Federal Institute of Technology Lausanne' is not EPFL's own form (EPFL / ROR 'Ecole Polytechnique Federale de Lausanne', ror 02s376052). No ROR record for the facility."
EPFL Institute of Physics cleanroom,facility,EPFL Institute of Physics cleanroom,,CH,"Host institution (EPFL, Lausanne)",,,keep,Own name not verified (no official page found); kept as written. No ROR record.
Enosemi Inc,company,Enosemi,,US,Paper (Seattle WA); search says Silicon Valley HQ,https://www.amd.com/en/blogs/2025/amd-acquires-enosemi-to-accelerate-co-packaged-optics-innovati,https://www.amd.com/en/blogs/2025/amd-acquires-enosemi-to-accelerate-co-packaged-optics-innovati,rename,AMD's own announcement names it 'Enosemi'; acquisition by AMD announced 2025-05 (trade press). 'Inc' not shown on AMD page. parent_org Advanced Micro Devices (no row). HQ conflict (Seattle in paper vs Silicon Valley in search); country US unaffected. No ROR record.
FIRST cleanroom of ETH Zurich,facility,FIRST Center for Micro- and Nanoscience,https://ror.org/05y8y6598,CH,"ROR record (Zurich, CH) + ETH site",https://first.ethz.ch,https://first.ethz.ch/,rename,Own name 'FIRST - Center for Micro- and Nanoscience' (ETH Zurich). parent_org ETH Zurich unchanged.
Flux Photonics Inc.,company,Flux Photonics Inc.,,US,Paper (Pacifica CA); not shown on site,https://www.fluxphotonics.com,https://www.fluxphotonics.com/,keep,Own site title 'Flux Photonics Inc.'. No ROR record (ROR hit FluxMagic is different).
Fraunhofer Heinrich Hertz Institute,research_institute,Fraunhofer Heinrich Hertz Institute,https://ror.org/02tbr6331,DE,"ROR record (Berlin, DE)",https://www.hhi.fraunhofer.de,https://www.hhi.fraunhofer.de/en/,keep,"Own English text: 'Fraunhofer Heinrich Hertz Institute HHI' / 'Fraunhofer HHI'; ROR official: 'Fraunhofer Institute for Telecommunications, Heinrich Hertz Institute'. parent_org Fraunhofer-Gesellschaft (ROR)."
Freedom Photonics,company,Freedom Photonics,https://ror.org/03sf9zf71,US,"ROR record (Santa Barbara, US) + own site",https://freedomphotonics.com,https://freedomphotonics.com/,keep,"Own og:site_name 'Freedom Photonics'; footer legal 'Freedom Photonics LLC, a QCi company'. QCi parent not expanded on page."
Genuine Optics,company,Genuine Optics,,US,Not verified,,,no_match,"No ROR record or website found. Relation to Wuhan HGGenuine Optics Tech Co., Ltd not established; not merged."
GlobalFoundries,foundry,GlobalFoundries,https://ror.org/02h0ps145,US,Paper (Malta NY); own site lists Malta NY fab,https://gf.com,https://gf.com/about-gf/,keep,"Own site og 'GlobalFoundries'. Only one GlobalFoundries row exists in this slice, so no duplicate. ROR 'GlobalFoundries (United States)' is listed at Santa Clara (HQ-level record). Legal 'GlobalFoundries Inc.' not confirmed. Acquired Advanced Micro Foundry (announced)."
Graphenea Semiconductor SLU,company,Graphenea Semiconductor SLU,,ES,"Search: Paseo Mikeletegi 83, San Sebastian (ES)",https://www.graphenea.com,https://www.semi.org/en/resources/member-directory/graphenea-semiconductor-slu,keep,SEMI directory lists 'Graphenea Semiconductor SLU' (dedicated graphene foundry). Brand-level ROR record 'Graphenea (Spain)' 03rj6e862 exists; not accepted as same entity (legal SLU vs brand). Type could be foundry; kept company.
Hewlett Packard Enterprise,company,Hewlett Packard Enterprise,https://ror.org/020x0c621,US,ROR record (US),https://www.hpe.com,https://ror.org/020x0c621,keep,"Own site fetch failed; ROR name 'Hewlett Packard Enterprise (United States)', alias HPE. Paper address Milpitas CA (Hewlett Packard Labs)."
Huawei Technologies,company,"Huawei Technologies Co., Ltd.",https://ror.org/00cmhce21,CN,"ROR record (Shenzhen, CN)",https://www.huawei.com,https://www.huawei.com/en/about-huawei,rename,"Own site legal line 'Huawei Technologies Co., Ltd.' (brand 'Huawei'); row had the partial form."
Hubei Optical Fundamental Research Center,research_institute,Hubei Optical Fundamental Research Center,,CN,Paper (Wuhan),,,no_match,No ROR record or official page found.
HyperLight,company,HyperLight,,US,Paper address (Cambridge MA),https://hyperlightcorp.com,https://hyperlightcorp.com/home,keep,Own site title 'HYPERLIGHT' (styled caps); kept mixed-case as in paper. Legal form not verified. No ROR record.
IHP - Leibniz-Institut für innovative Mikroelektronik,research_institute,IHP - Leibniz Institute for High Performance Microelectronics,https://ror.org/0489gab80,DE,"ROR record (Frankfurt (Oder), DE) + own site address",https://www.ihp-microelectronics.com,https://www.ihp-microelectronics.com/,rename,"Own English site: 'IHP - Leibniz Institute for High Performance Microelectronics' (legal 'IHP GmbH', Im Technologiepark 25, 15236 Frankfurt (Oder)). Row has the German form as written in the paper. parent: Leibniz Association (ROR)."
Infinera Corporation,company,Infinera Corporation,https://ror.org/02ty5cy83,US,ROR record (US),https://www.infinera.com,https://www.nokia.com/newsroom/nokia-completes-acquisition-of-infinera-to-create-innovation-powerhouse-in-optical-networks-with-the-scale-to-power-the-data-center-revolution/,keep,"Nokia completed acquisition of Infinera on 2025-02-28 (Nokia newsroom); infinera.com now redirects to nokia.com/optical-networks. Name kept for the entity named in the paper; suggested parent_org=Nokia Corporation. Nokia release says San Jose-based, row note Sunnyvale: country US unaffected."
Institute for Electronics and Nanotechnology,facility,Institute for Matter and Systems,,US,"Own site: Georgia Institute of Technology, North Avenue, Atlanta GA (US)",https://matter-systems.gatech.edu,https://research.gatech.edu/vogel-lead-institute-matter-and-systems,rename,"Resolves GT IEN: Georgia Tech IEN merged with the Institute for Materials into the 'Institute for Matter and Systems' (IMS), effective 2024-07-01 (Georgia Tech research news, via search snippet; IMS site confirms current name and Atlanta address). Paper uses historical 'Georgia Tech IEN'; DECISION: rename to IMS or keep IEN for pre-2024-07 papers. Country US from own address, no longer 'outside the paper'. No ROR record. parent_org Georgia Institute of Technology."
Institute for Theoretical and Applied Electromagnetics of the Russian Academy of Sciences,research_institute,Institute for Theoretical and Applied Electromagnetics of the Russian Academy of Sciences,https://ror.org/051x4a456,RU,"ROR record (Moscow, RU), name differs",,https://ror.org/051x4a456,keep,"ROR label is 'Institute of Theoretical and Applied Electrodynamics' (Russian-derived wording), Moscow, same institute. Paper's English form kept; own-site English form not verified."
Institute of Microelectronics,research_institute,Institute of Microelectronics,https://ror.org/009rw8n36,SG,ROR record (Singapore) + a-star.edu.sg/ime,https://www.a-star.edu.sg/ime/,https://www.a-star.edu.sg/ime/,keep,"Same org as ROR 'Institute of Microelectronics' (SG); note a separate ROR record with the same name exists in Beijing (ror 02s6gs133), not this one. Suggested parent_org=Agency for Science, Technology and Research (own URL under a-star.edu.sg; ROR parent is the A*STAR Science and Engineering Research Council). Advanced Micro Foundry spun out of IME."
"Institute of Optics and Precision Mechanics, Chinese Academy of Sciences",research_institute,Xi'an Institute of Optics and Precision Mechanics,https://ror.org/0444j5556,CN,"ROR record (Xi'an, CN)",https://opt.cas.cn,https://ror.org/0444j5556,rename,Row name drops 'Xi'an' and is ambiguous; ROR label and Crossref form: 'Xi'an Institute of Optics and Precision Mechanics'. parent_org Chinese Academy of Sciences (ROR).
"Institute of Physics, Chinese Academy of Sciences",research_institute,"Institute of Physics, Chinese Academy of Sciences",https://ror.org/05cvf7v30,CN,"ROR record (Beijing, CN)",http://english.iop.cas.cn,http://english.iop.cas.cn/,keep,Own English site title 'Institute of Physics Chinese Academy of Sciences'; keeping the CAS qualifier avoids collision with other Institutes of Physics (ROR display name is only 'Institute of Physics'). parent_org CAS.
"Institute of Semiconductors, Chinese Academy of Sciences",research_institute,"Institute of Semiconductors, Chinese Academy of Sciences",https://ror.org/048dd0611,CN,"ROR record (Beijing, CN)",http://english.semi.cas.cn,http://english.semi.cas.cn/,keep,"Own site copyright 'Institute of Semiconductors, Chinese Academy of Sciences'. parent_org CAS."
Intel Corporation,company,Intel Corporation,https://ror.org/01ek73717,US,ROR record (US),https://www.intel.com,https://ror.org/01ek73717,keep,Own site returned Access Denied; brand-vs-legal form (Intel vs Intel Corporation) not verified so name kept. ROR alias 'Intel Corporation'.
International Business Machines Corporation Research Zurich,company,IBM Research - Zurich,https://ror.org/02js37d36,CH,"ROR record (Rueschlikon, CH)",https://www.zurich.ibm.com,https://ror.org/02js37d36,rename,"ROR name 'IBM Research - Zurich' (facility, Rueschlikon). Paper writes 'IBM Research - Europe, Zurich'; IBM site not reachable, so this form is not independently confirmed. ALSO suggest fix_type:research_institute (corporate research lab, ROR type facility, not a company). parent_org International Business Machines Corporation (no row in this slice)."
Irvine Materials Research Institute,facility,Irvine Materials Research Institute,,US,"Host institution (UC Irvine, US)",,,keep,Name as in the paper; official page not fetched. No ROR record (ROR hits are different organizations).
Istituto Italiano di Tecnologia,research_institute,Istituto Italiano di Tecnologia,https://ror.org/042t93s57,IT,"ROR record (Genoa, IT)",https://www.iit.it,https://ror.org/042t93s57,keep,"ROR English display name is 'Italian Institute of Technology' with the Italian name as label; own site unreachable, so Italian form (already used internationally) kept."
"Istituto Nanoscienze, Consiglio Nazionale delle Ricerche",research_institute,Istituto Nanoscienze,https://ror.org/0042e5975,IT,"ROR record (Pisa, IT)",http://www.nano.cnr.it,https://ror.org/0042e5975,rename,ROR display name 'Istituto Nanoscienze' (alias CNR NANO); ROR parent National Research Council (ror 04zaypm56). Drop the CNR suffix; set parent_org=National Research Council (CNR).
Jiaxing Key Laboratory of Photonic Sensing & Intelligent Imaging,research_institute,Jiaxing Key Laboratory of Photonic Sensing & Intelligent Imaging,,CN,Paper (Jiaxing),,,no_match,No ROR record or official page found.
John O'Brien Nanofabrication Laboratory,facility,John O'Brien Nanofabrication Laboratory,,US,"Host institution (USC, Los Angeles)",,,keep,Name as in paper; USC page not reachable. No ROR record.
KEEQuant GmbH,company,KEEQuant,,DE,Paper (Fuerth),https://www.keequant.com,https://www.keequant.com/,rename,Own site og/title 'KEEQuant'; copyright '(c) KEEQuant GmbH' (legal form in note). No ROR record.
Kavli Institute at Cornell for Nanoscale Science,research_institute,Kavli Institute at Cornell for Nanoscale Science,,US,"Host institution (Cornell, Ithaca)",,,keep,"Name as in paper; no ROR record (ROR hit is Caltech Kavli Nanoscience Institute, different)."
Keysight Technologies,company,Keysight Technologies,https://ror.org/02903cd17,US,ROR record (US),https://www.keysight.com,https://ror.org/02903cd17,keep,"Own site 403; name kept. ROR record Keysight Technologies (United States), alias Keysight."
Keysight Technologies Deutschland GmbH,company,Keysight Technologies Deutschland GmbH,,DE,"Paper (Boeblingen, DE)",https://www.keysight.com,,keep,"Separate legal subsidiary; not a duplicate of Keysight Technologies (US). No ROR record for DE (ROR has US, UK, Austria, Singapore). parent_org Keysight Technologies correct."
"La Luce Cristallina, Inc.",company,"La Luce Cristallina, Inc.",,US,Paper (Austin TX),,,no_match,No ROR record or website found.
Leibniz-Institut für Kristallzüchtung,research_institute,Leibniz Institute for Crystal Growth,https://ror.org/037p86664,DE,"ROR record (Berlin, DE)",https://www.ikz-berlin.de,https://ror.org/037p86664,rename,"IKZ's own English pages use the German name (site title 'Leibniz-Institut fuer Kristallzuechtung'); the English form comes from ROR. If own-site form is preferred, keep current. parent: Leibniz Association / Forschungsverbund Berlin e.V."
"Ligent Technologies, Inc.",company,"Ligent Technologies, Inc.",,US,Paper (San Jose CA); HQ not stated on fetched page,https://www.ligent.com,https://www.ligent.com/,keep,"Own site name 'Ligent Technologies, Inc.'. No ROR record."
Ligentec SA,foundry,LIGENTEC,,CH,"Paper (Ecublens, CH)",https://www.ligentec.com,https://www.ligentec.com/,rename,"Own site og/title 'LIGENTEC' (all caps). Legal form 'Ligentec SA' per row, unverified on site. Type foundry correct. No ROR record."
"Lightmatter, Inc.",company,Lightmatter,https://ror.org/018extf73,US,"ROR record (Boston, US)",https://lightmatter.co,https://lightmatter.co/,rename,"Own site/copyright 'Lightmatter' (brand 'Lightmatter(R)'); legal 'Lightmatter, Inc.' not shown on fetched page."
Lumiphase AG,company,Lumiphase,https://ror.org/04pdbq803,CH,"ROR record (Zurich, CH)",https://www.lumiphase.com,https://www.lumiphase.com/,rename,Own site og/title 'Lumiphase'; legal form AG per row unverified. ROR city Zurich vs row note Stafa.
Luxtelligence SA,company,Luxtelligence,,CH,"Paper (Saint-Sulpice, CH)",https://luxtelligence.ai,https://luxtelligence.ai/,rename,Own footer '2026 (c) Luxtelligence'; legal form SA per row unverified. No ROR record.
MACOM Technology Solutions,company,MACOM,https://ror.org/04wf6rg14,US,"ROR record: MACOM (United States), Lowell",https://www.macom.com,https://www.macom.com/,rename,Own site copyright 'MACOM'; legal 'MACOM Technology Solutions Inc.' unverified on page. ROR HQ-level record is Lowell MA; row note Santa Clara is a site.
Materials Synthesis and Characterization Facility,facility,Materials Synthesis and Characterization Facility,,US,"Host institution (Oregon State University, US)",https://engineering.oregonstate.edu/masc,https://engineering.oregonstate.edu/masc,keep,"Own page name 'Materials Synthesis and Characterization Facility' (MaSC), Oregon State University. No ROR record."
Micram Microelectronic GmbH,company,Micram Microelectronic GmbH,,DE,"Search results (Bochum, DE)",https://micram.net,https://micram.net/impressum/,keep,Impressum page and directories use 'Micram Microelectronic GmbH' (Bochum). No ROR record. Own site not fetched directly.
Mitsubishi Electric Corporation,company,Mitsubishi Electric Corporation,https://ror.org/033y26782,JP,"ROR record (Tokyo, JP)",https://www.mitsubishielectric.com,https://www.mitsubishielectric.com/en/,keep,Own footer '(c) Mitsubishi Electric Corporation'. ROR parent: Mitsubishi Group (Japan).
Monarch Quantum,company,Monarch Quantum,,US,Paper (San Diego CA),https://monarchquantum.com,https://monarchquantum.com/,keep,Own site title/copyright 'Monarch Quantum'. No ROR record.
NLM Photonics,company,NLM Photonics,,US,Paper (Seattle WA),https://www.nlmphotonics.com,https://www.nlmphotonics.com/,keep,"Own title/copyright 'NLM Photonics'; og:site_name reads 'Nonlinear Materials Corporation' (likely legal or former name, unverified). No ROR record."
NTT Innovative Devices Corporation,company,NTT Innovative Devices Corporation,https://ror.org/04ww4v994,JP,ROR record (JP),https://www.ntt-innovative-devices.com,https://www.ntt-innovative-devices.com/en/,keep,"Own copyright 'NTT Innovative Devices Corporation'; formerly NTT Electronics (ROR alias). Site menu lists NTT Group; direct parent relation to NTT, Inc. not verified, so parent_org left to lead (candidate NTT, Inc.). ROR city Yokohama vs paper Atsugi; country JP."
"NTT Research, Inc.",company,"NTT Research, Inc.",,US,Paper (Sunnyvale CA),https://ntt-research.com,https://ntt-research.com/,keep,"Own og/copyright 'NTT Research, Inc.'. ROR 'NTT (United States)' (004cn7092, East Palo Alto) not accepted as same entity. NTT Group member; parent not verified."
NUFAB facility of the NUANCE Center,facility,NUFAB facility of the NUANCE Center,,US,"Host institution (Northwestern, US)",,,keep,Name as in paper; official page not found at tried URL. No ROR record (ROR hit 'International Institute for Nanotechnology' is different).
NVIDIA Corporation,company,NVIDIA,https://ror.org/03jdj4y14,US,"ROR record (Santa Clara, US)",https://www.nvidia.com,https://www.nvidia.com/en-eu/about-nvidia/terms-of-service/,rename,"Own site og:site_name and prose use 'NVIDIA'; legal 'NVIDIA Corporation' (ROR alias). No second NVIDIA row exists anywhere in the table, so no merge needed; Yokneam is an NVIDIA site, not a separate org."
"Nanofabrication Platform Center of School of Engineering, the University of Tokyo",facility,"Nanofabrication Platform Center of School of Engineering, the University of Tokyo",,JP,Host institution (University of Tokyo),,,keep,"Name as in paper; search says the Platform Center is located in the Takeda cleanroom, so it may overlap with 'Takeda Sentanchi Super Cleanroom'; not merged, unproven. No ROR record."
Nanofabrication Platform of Nankai University,facility,Nanofabrication Platform of Nankai University,,CN,"Host institution (Nankai, Tianjin)",,,keep,Name as in paper; no official page found. No ROR record.
Nanosystem Fabrication Facility,facility,Nanosystem Fabrication Facility,,HK,"Host institution (HKUST, Hong Kong)",https://nff.hkust.edu.hk,https://nff.hkust.edu.hk/,keep,HKUST NFF site reachable (content not parseable). Country HK follows the table convention for Hong Kong; lead to confirm HK vs CN rule. parent_org HKUST (own form 'The Hong Kong University of Science and Technology'). No ROR record.
National Information Optoelectronics Innovation Center,research_institute,National Information Optoelectronics Innovation Center,,CN,"ePIXfab: Wuhan, China",,https://epixfab.eu/en/members-partners/national-information-optoelectronics-innovation-center-noeic,keep,"ePIXfab page names it 'National Information Optoelectronics Innovation Center (NOEIC)' in Wuhan; it does not state a CICT relation. Search associates NOEIC with CICT (same Wuhan group, shared leader) and lists a registered entity 'Wuhan Optical Valley Information Optoelectronics Innovation Center Co., Ltd.'; relation unproven, so no merge/parent set."
National Institute of Advanced Industrial Science and Technology,research_institute,National Institute of Advanced Industrial Science and Technology,https://ror.org/01703db54,JP,"ROR record (Tsukuba, JP) + own site",https://www.aist.go.jp/index_en.html,https://www.aist.go.jp/index_en.html,keep,Own English site title 'National Institute of Advanced Industrial Science and Technology (AIST)'.
National Institute of Information and Communications Technology,research_institute,National Institute of Information and Communications Technology,https://ror.org/016bgq349,JP,"ROR record (Tokyo, JP) + own site",https://www.nict.go.jp/en/,https://www.nict.go.jp/en/,keep,Own English site title 'NICT - National Institute of Information and Communications Technology'.
National Institutes of Applied Research,research_institute,National Institutes of Applied Research,https://ror.org/05wcstg80,TW,"ROR record (Taipei, TW) + own site",https://www.niar.org.tw/en,https://www.niar.org.tw/en,keep,"Own footer 'NATIONAL INSTITUTES OF APPLIED RESEARCH' (alias NARLabs). ROR types funder/government; umbrella of institutes, type could be other."
National Semiconductor Translation and Innovation Centre,research_institute,National Semiconductor Translation and Innovation Centre,,SG,"Singapore, A*STAR Fusionopolis (A*STAR factsheet)",https://nstic.sg,https://www.a-star.edu.sg/docs/librariesprovider1/default-document-library/cos2024/nstic-media-fact-sheet-for-cos-2024_final.pdf,keep,"A*STAR-led national initiative with NTU, NUS and SUTD; sub-centres (Advanced Photonics, R&D Fab, GaN). Spelling 'Centre' confirmed. Suggested parent_org Agency for Science, Technology and Research; type could be other. No ROR record."
Nexus Photonics,company,Nexus Photonics,,US,Paper (Goleta CA),https://www.nexusphotonics.com,https://www.nexusphotonics.com/,keep,Own og/title 'Nexus Photonics'. No ROR record.
Nippon Telegraph and Telephone Corporation,company,"NTT, Inc.",https://ror.org/00berct97,JP,"ROR record (Tokyo, JP) + own group site",https://group.ntt/en/,https://group.ntt/en/,rename,"Verified from group.ntt/en: corporate page labelled 'NTT, Inc.' and footer '(c) NTT, Inc.'. NTT announced 2025-05-09 the change of corporate name from Nippon Telegraph and Telephone Corporation to NTT, Inc., effective 2025-07-01 (NTT release 250509z; subject to AGM approval 2025-06-19, search snippet). No separate 'NTT, Inc.' row exists in the table, so this is a rename, not a merge; papers before 2025-07 write 'NTT Corporation'. ROR record 'NTT (Japan)' alias Nippon Telegraph and Telephone."
Nissan Chemical Corporation,company,Nissan Chemical Corporation,https://ror.org/01skwyh03,JP,"ROR record (Tokyo, JP) + own site",https://www.nissanchem.co.jp/eng/,https://www.nissanchem.co.jp/eng/,keep,Own English site title and copyright 'Nissan Chemical Corporation'. Row note Funabashi is a site.
Nokia Bell Labs,company,Nokia Bell Labs,,US,Nokia Bell Labs locations page: Murray Hill NJ is global HQ,https://www.nokia.com/bell-labs/,https://www.nokia.com/bell-labs/about/locations/,keep,"Resolves the 'Murray Hill' item: Nokia's own page states 'Murray Hill, New Jersey (HQ)' for Bell Labs (relocation to New Brunswick NJ planned by 2028), so US is correct and not off-paper. Bell Labs is the research arm of Nokia, not a duplicate of Nokia Corporation: keep both rows, set parent_org=Nokia Corporation. Legal-entity status of Bell Labs not verified. ALSO consider fix_type:research_institute. No ROR record."
Nokia Corporation,company,Nokia Corporation,https://ror.org/04pkc8m17,US,"Nokia 20-F / contact page: Karakaari 7, Espoo, Finland",https://www.nokia.com,https://www.nokia.com/,fix_country,"country_target=FI. Nokia Corporation is a Finnish public company, HQ Espoo (Nokia annual report, contact page). Row has US from a Sunnyvale site; that is Nokia (United States), ROR 038km2573, child of Nokia (Finland) 04pkc8m17. Own site title 'Nokia Corporation | Nokia' so name kept."
Optics Valley Laboratory,research_institute,Optics Valley Laboratory,https://ror.org/01mf47c71,CN,"ROR record (Wuhan, CN)",http://www.ovlab.cn,https://ror.org/01mf47c71,keep,ROR parent: Huazhong University of Science and Technology; consider parent_org.
Peking University Yangtze Delta Institute of Optoelectronics,research_institute,Peking University Yangtze Delta Institute of Optoelectronics,,CN,Paper (Nantong); parent PKU,,,keep,Name as in paper; no ROR record or official page found.
Peng Cheng Laboratory,research_institute,Peng Cheng Laboratory,https://ror.org/03qdqbt06,CN,"ROR record (Shenzhen, CN)",http://www.pcl.ac.cn,https://ror.org/03qdqbt06,keep,ROR label matches.
Phase Sensitive Innovations,company,Phase Sensitive Innovations,https://ror.org/03q1hhd84,US,"ROR record (Newark, US) + own site",http://www.phasesensitiveinc.com,https://www.phasesensitiveinc.com/,keep,Own title 'Phase Sensitive Innovations'; footer 'Phase Sensitive Innovations Inc.'.
"Platform for the Accelerated Realization, Analysis, and Discovery of Interface Materials (PARADIM)",facility,PARADIM,https://ror.org/04pw1zg89,US,"ROR record + own site (Ithaca/Baltimore, US)",https://www.paradim.org,https://www.paradim.org/,rename,"Own site and ROR display name 'PARADIM'; the expansion goes in the note. ROR parents: NSF, Cornell University, Johns Hopkins University; row parent Cornell University kept."
"Polaris Electro-Optics, Inc.",company,"Polaris Electro-Optics, Inc.",,US,"Search: 3400 Industrial Lane Suite 7C, Broomfield CO",https://polariseo.com,https://polariseo.com/,keep,Domain and address from search results; site not fetched. No ROR record.
Polariton Technologies AG,company,Polariton Technologies AG,,CH,"Search: Adliswil, Switzerland",https://www.polariton.ch,https://www.polariton.ch/products,keep,"Marvell acquisition completed 2026-04-22 (marketscreener summary of Marvell announcement); suggested parent_org Marvell Technology, Inc. Not independently confirmed on Marvell page. No ROR record."
RISE Research Institutes of Sweden,research_institute,RISE Research Institutes of Sweden,https://ror.org/03nnxqz81,SE,ROR record (SE),https://www.ri.se,https://ror.org/03nnxqz81,keep,ROR HQ-level record is Gothenburg; row Kista is a site; country SE. Own site 403.
Raytheon BBN Technologies,company,RTX BBN Technologies,,US,Cambridge MA (RTX / press),https://www.rtx.com/what-we-do/bbn-technologies,https://raytheon.mediaroom.com/2025-08-28-RTX-BBN-Technologies-to-empower-AI-to-understand-and-apply-regulatory-legalese,rename,"Renamed: RTX's own press release (2025-08-28) and RTX page use 'RTX BBN Technologies'; registry listings give legal 'RTX BBN Technologies, Inc.' (formerly Raytheon BBN Technologies Corp.). parent_org RTX Corporation (ROR 0354t7b78). No ROR record for BBN itself."
Rhinopix Technology Limited,company,Rhinopix Technology Limited,,HK,Paper (Hong Kong),,,no_match,No ROR record or website found.
San Diego Nanotechnology Infrastructure,facility,San Diego Nanotechnology Infrastructure,,US,"Host institution (UC San Diego, US)",,,keep,Name as in paper; no official page fetched. No ROR record.
Semiconductor Manufacturing International Corporation,foundry,Semiconductor Manufacturing International Corporation,https://ror.org/03tf9y485,CN,"Own site: 'Headquartered in Shanghai, China'",https://www.smics.com,https://www.smics.com/en/site/about_summary,keep,"Resolves the SMIC item: CN confirmed from SMIC's own About page ('Headquartered in Shanghai, China'), plus ROR location Shanghai. Own English name 'Semiconductor Manufacturing International Corporation' (SMIC Group). Type foundry correct."
"Shanghai Institute of Microsystem and Information Technology, Chinese Academy of Sciences",research_institute,Shanghai Institute of Microsystem and Information Technology,https://ror.org/04nytyj38,CN,"ROR record (Shanghai, CN)",http://english.sim.cas.cn,http://english.sim.cas.cn/,rename,Own English site name has no CAS suffix; parent_org Chinese Academy of Sciences (ROR).
"Shanghai Institute of Optics and Fine Mechanics, Chinese Academy of Sciences",research_institute,Shanghai Institute of Optics and Fine Mechanics,https://ror.org/03g897070,CN,"ROR record (Shanghai, CN)",http://english.siom.cas.cn,http://english.siom.cas.cn/,rename,Own English site name has no CAS suffix; parent_org Chinese Academy of Sciences (ROR).
Shanghai Research Center for Quantum Sciences,research_institute,Shanghai Research Center for Quantum Sciences,https://ror.org/05h75jy94,CN,"ROR record (Shanghai, CN)",,https://ror.org/05h75jy94,keep,ROR label matches; no website in ROR.
SilOriX GmbH,company,SilOriX,,DE,Paper (Karlsruhe),https://www.silorix.com,https://www.silorix.com/,rename,Own site og/title 'SilOriX'; footer '(c) SilOriX GmbH' (legal form in note). No ROR record.
Stanford Nano Shared Facilities,facility,nano@stanford,,US,"Host institution (Stanford, US)",https://nanolabs.stanford.edu,https://news.stanford.edu/stories/2026/01/stanford-merges-nanotechnology-facilities-to-accelerate-research,merge_into:nano@stanford,"DECISION: Stanford merged SNF and SNSF into 'nano@stanford' from 2025-09-01 (Stanford news, 2026-01). Both rows now describe one organization. If the table should keep names as cited at paper time, use keep for both instead."
Stanford Nanofabrication Facility,facility,nano@stanford,,US,"Host institution (Stanford, US)",https://nanolabs.stanford.edu,https://news.stanford.edu/stories/2026/01/stanford-merges-nanotechnology-facilities-to-accelerate-research,rename,"Surviving row for the merged facility 'nano@stanford' (SNF + SNSF, formal merger from 2025-09-01); see Stanford Nano Shared Facilities row. parent_org Stanford University. No ROR record."
"Sumitomo Electric Device Innovations, Inc.",company,"Sumitomo Electric Device Innovations, Inc.",https://ror.org/00598g184,JP,"ROR record (Yokohama, JP)",https://www.sedi.co.jp,https://ror.org/00598g184,keep,"ROR label matches; parent relation to Sumitomo Electric Industries not stated by ROR, left to lead."
"Sumitomo Electric Industries, Ltd.",company,"Sumitomo Electric Industries, Ltd.",https://ror.org/05rnkb382,JP,"ROR record (Osaka, JP) + own site",https://sumitomoelectric.com,https://sumitomoelectric.com/,keep,"Own title and copyright 'Sumitomo Electric Industries, Ltd.'. ROR HQ Osaka vs row note Yokohama (site); country JP."
"Sumitomo Osaka Cement Co., Ltd.",company,"Sumitomo Osaka Cement Co., Ltd.",https://ror.org/03k3w8z68,JP,ROR record (JP),http://www.soc.co.jp,https://ror.org/03k3w8z68,keep,"ROR label 'Sumitomo Osaka Cement (Japan)'; own site unreachable, legal-style name kept."
TOPTICA Photonics Inc.,company,TOPTICA Photonics Inc.,,US,Paper (Pittsford NY),https://www.toptica.com,https://www.toptica.com/,keep,"US subsidiary; the group is TOPTICA Photonics SE (Graefelfing, DE; ROR 00t9ms296, own og 'TOPTICA Photonics SE'). Distinct entity, not merged; suggested parent_org TOPTICA Photonics SE. Inc. form from paper, not verified on site."
Taiwan Semiconductor Research Institute,research_institute,Taiwan Semiconductor Research Institute,,TW,Hsinchu Science Park (NIAR site),https://www.niar.org.tw/en,https://www.niar.org.tw/en/xmdoc/cont?xsmsid=0I160457997407279810&sid=0J049400520435607039,keep,"NIAR page confirms the official English name 'Taiwan Semiconductor Research Institute (TSRI)', part of NIAR (launched 2019-01-30), formed from NNDL and CIC. parent_org correct. No ROR record."
Takeda Sentanchi Super Cleanroom,facility,Takeda Sentanchi Super Cleanroom,,JP,Host institution (University of Tokyo),,,keep,"Name as in paper (soma2025 writes 'Takeda Cleanroom'); no official page fetched. No ROR record. Possible duplicate of 'Nanofabrication Platform Center of School of Engineering, the University of Tokyo' (search: that Platform Center is located in the Takeda cleanroom); not merged, equivalence unproven."
Westlake Center for Micro/Nano Fabrication,facility,Westlake Center for Micro/Nano Fabrication,,CN,"Host institution (Westlake University, Hangzhou)",https://en.westlake.edu.cn/research/research_facilities/,https://en.westlake.edu.cn/research/research_facilities/,keep,Own English site uses 'Westlake Center for Micro/Nano Fabrication'. No ROR record.
Wuhan ANPI Optoelectronics Company Ltd,company,Wuhan ANPI Optoelectronics Company Ltd,,CN,Paper (Wuhan),,,no_match,No ROR record or website found.
"Wuhan HGGenuine Optics Tech Co., Ltd",company,"Wuhan HGGenuine Optics Tech Co., Ltd",,CN,"Paper (Wuhan, Hubei)",,,no_match,No ROR record or website found; relation to Genuine Optics not established.
ZJU Micro-Nano Fabrication Center,facility,ZJU Micro-Nano Fabrication Center,,CN,"Host institution (Zhejiang University, Hangzhou)",http://www.isee.zju.edu.cn/iseenglish/23072/list.htm,http://www.isee.zju.edu.cn/iseenglish/23072/list.htm,keep,"ZJU English page: 'Micro-Nano Fabrication Center' (Chinese platform name wei-na-jia-gong ping-tai). Probably the same facility as 'Zhejiang University Micro and Nano Processing Platform' (literal translation of the same Chinese name), but ZJU also has a separate 'Micro/Nano Fabrication Center' on the Haining international campus, so not merged. No ROR record."
Zhangjiang Laboratory,research_institute,Zhangjiang Laboratory,https://ror.org/04pmg2p90,CN,"ROR record (Shanghai, CN)",https://www.zjlab.ac.cn,https://ror.org/04pmg2p90,keep,ROR also has 'Shanghai Zhangjiang Laboratory' (0208qbg77) pointing to a different body (zjsfq.gov.cn); not this entity.
Zhejiang University Micro and Nano Processing Platform,facility,Zhejiang University Micro and Nano Processing Platform,,CN,"Host institution (Zhejiang University, Hangzhou)",,,keep,Candidate duplicate of 'ZJU Micro-Nano Fabrication Center' (see that row); not merged because the Haining campus has a separate center and equivalence is unproven. No ROR record.
Zurich Instruments AG,company,Zurich Instruments,,CH,Paper (Zurich),https://www.zhinst.com,https://www.zhinst.com/en/,rename,Own og/title 'Zurich Instruments'; JSON-LD legal name 'Zurich Instruments AG'. No ROR record.
d.lab,facility,d.lab,,JP,Host institution (University of Tokyo),,,keep,Name as in paper; no ROR record; official page not fetched.
imec,research_institute,imec,https://ror.org/02kcbn207,BE,"ROR record (Leuven, BE) + own site",https://www.imec-int.com,https://www.imec-int.com/en/about-us,keep,"Own og:site_name 'imec'; headquartered in Leuven, Belgium. ROR display 'IMEC'."
