paper_id,field,current,proposed,org_in_table,org_type,country,locator,quote,note
anderson2025,foundry_or_fab,,Stanford Nanofabrication Facility;Stanford Nano Shared Facilities,yes;yes,facility;facility,US;US,p.11 Acknowledgments,Part of this work was performed at the Stanford Nanofabrication Facility (SNF) and the Stanford Nano Shared Facilities (SNSF),"ADD. Hyphenation joined. Samples are commercial bulk STO chips (p.8); SNSF also used for nanoSIMS (p.9). companies column lists Stanford Nano Shared Facilities (affiliation 4), a facility in the companies column."
chen2023a,foundry_or_fab,,Zhejiang University Micro and Nano Processing Platform,no,facility (new),CN,p.9 Acknowledgments,The authors acknowledge Zhejiang University Micro and Nano Processing Platform for providing the facility support.,"ADD. New org row needed (host Zhejiang University, country from host). Wording is facility support, not explicitly fabrication. yu2024 names a ZJU Micro-Nano Fabrication Center; do not merge the two names without a source."
liu2023,foundry_or_fab,,Westlake Center for Micro/Nano Fabrication,no,facility (new),CN,p.8 Acknowledgements,The authors thank the Westlake Center for Micro/Nano Fabrication for the partial facility support.,"ADD. New org row needed; host institution is not named in the sentence (Westlake prefix only); country from host per convention (e), host to be confirmed."
yu2024,foundry_or_fab,,Zhejiang University Micro-Nano Fabrication Center,no,facility (new),CN,p.14 Acknowledgements,"We also appreciate the technical support from Mrs. Yanhua Liu and the ZJU Micro-Nano Fabrication Center, Zhejiang University.","ADD (medium). Paper writes ZJU Micro-Nano Fabrication Center; ZJU expanded per convention (e). Technical support, not explicitly fabrication. Suzhou Institute of Nano-Tech and Nano-Bionics thanked for sample handling only (not proposed)."
wang2022a,foundry_or_fab,,Center of Micro-Fabrication and Characterization,no,facility (new),CN,p.4 Acknowledgments,We thank the Center of Micro- Fabrication and Characterization (CMFC) of WNLO ... of HUST for the facility support.,"ADD. Elided middle names the Center for Nanoscale Characterization & Devices (CNCD), a characterization centre (not proposed). Possibly the same WNLO facility as the existing Center of Optoelectronic Micro and Nano Fabrication and Characterizing Facility (li2026aa); names differ, decision needed before merging."
prountzou2026,foundry_or_fab,,Binnig and Rohrer Nanotechnology Center;FIRST cleanroom of ETH Zurich,yes;yes,facility;facility,CH;CH,p.16 Acknowledgement,"The authors thank ... the Binning and Rohrer Nanotechnology Center (BRNC), and the FIRST cleanrooms of Eidgenössische Technische Hochschule (ETH) Zurich","ADD. Same wording as falcone2026, which already carries this value; paper misspells Binning. ScopeM (microscopy) not proposed."
wu2025,foundry_or_fab,,"Chongqing United Microelectronics Center Co., Ltd",yes,company (table),CN,p.11 Methods; p.1 affiliation 2,"The Si photonics circuits generally adopted the 8-inch 130-nm Si/SiN photonics PDK from CUMEC, China",ADD (medium). PDK statement plus affiliation 2 and cumec.cn email expand CUMEC; the paper does not say in words that CUMEC ran the wafers. TFLN dies bonded afterwards. Org table type company; consider foundry.
zhou2026,foundry_or_fab,,Liobate Technology,no,company (new),N/A,p.1 Section 2; p.3 Acknowledgement,The TFLN MZM is designed and fabricated by Liobate Technology.,ADD. New org row needed; the paper gives no address or country. Ack p.3: thank Liobate Technology for providing TFLN modulators.
johnson2025,foundry_or_fab,Advanced Micro Foundry,Advanced Micro Foundry;NLM Photonics,yes;yes,foundry;company,SG;US,p.2,"NLM Photonics performed SOH processing at the die level, including deposition of Selerion- HTX (HLD) OEO material","ADD second fab: AMF made the PICs (p.1), NLM Photonics did the die-level OEO post-processing and poling."
weigel2018,foundry_or_fab,Sandia National Laboratories,Sandia National Laboratories;San Diego Nanotechnology Infrastructure,yes;yes,national_lab;facility,US;US,p.16 Funding; p.2 and ref. [4],"This work was partially supported by the San Diego Nanotechnology Infrastructure (NSF ECCS- 1542148, UCSD Nano3 cleanroom)","ADD SDNI (medium: support statement naming the UCSD Nano3 cleanroom). Current Sandia value rests only on p.2 realized in a foundry Si photonics process [4], ref. [4] = Radio frequency silicon photonics at Sandia National Laboratories (citation-based; keep with note)."
valdez2023a,foundry_or_fab,San Diego Nanotechnology Infrastructure,San Diego Nanotechnology Infrastructure;Sandia National Laboratories,yes;yes,facility;national_lab,US;US,p.7 Acknowledgments,"(Sandia National Laboratories, Applied Microphotonic Systems) for discussions and fabrication assistance","CONSISTENCY. valdez2023 carries Sandia on the identical acknowledgment (p.16, for discussions and fabrication assistance). Either add Sandia here or remove it from valdez2023; one rule for both. SiN foundry itself is not named (p.3)."
valdez2023,foundry_or_fab,San Diego Nanotechnology Infrastructure; Sandia National Laboratories,(keep) San Diego Nanotechnology Infrastructure;Sandia National Laboratories,yes;yes,facility;national_lab,US;US,p.16 Acknowledgments,"A. Lentine, N. Boynton, ... and D. C. Trotter (Sandia National Laboratories) for discussions and fabrication assistance","WEAK for Sandia: staff fabrication assistance, no fab named; silicon waveguides only described as foundry-fabricated (p.1). Keep only if valdez2023a gets the same treatment. List separator should be ; without space."
nenezic2026,foundry_or_fab,,(none),,,,p.9 Acknowledgments,thank the imec-Leuven teams providing the silicon and silicon nitride photonic waveguide circuits for our pilot line,"NOT PROPOSED. Design-optimization study using pilot-line statistics; the sentence concerns the pilot line in general, not a reported device. zheng2026 (imec) uses the same sentence plus explicit pilot-line processing (p.6)."
hsu2024,foundry_or_fab,Intel Corporation;Oregon State University,Intel Corporation;Materials Synthesis and Characterization Facility,yes;no,company;facility (new),US;US,p.15 Acknowledgements; p.6,we would like to thank the Materials Synthesis and Characterization Facility (MaSC) and the Electron Microscopy Facility at Oregon State University for our device fabrication,"REPLACE. Oregon State University is a university (affiliation), not a facility; p.6 continued the fabrication using the cleanroom facility at Oregon State University. Intel supported by p.6 Intel photonics fab. Electron Microscopy Facility is characterization (not proposed). Host OSU, NNCI site."
kawahara2025,foundry_or_fab,National Institute of Advanced Industrial Science and Technology;IHP - Leibniz-Institut für innovative Mikroelektronik,National Institute of Advanced Industrial Science and Technology,yes,research_institute,JP,p.4,the driver was fabricated using the SG13G2 130-nm BiCMOS process of Leibniz Institute for High Performance Microelectronics (IHP),"REMOVE IHP. IHP made the driver EIC, not the modulator; the MZM was fabricated using the 300-mm Si-on-insulator process of AIST (same sentence, p.4). Keep IHP only if the co-packaged transmitter counts as the device."
didier2026,foundry_or_fab,Binnig and Rohrer Nanotechnology Center; FIRST cleanroom of ETH Zurich; International Business Machines Corporation Research Zurich,Binnig and Rohrer Nanotechnology Center;FIRST cleanroom of ETH Zurich,yes;yes,facility;facility,CH;CH,p.9 Acknowledgements,"support for the fabrication and characterization of our samples from ... the BRNC and FIRST cleanroom facilities at ETH Zurich, and IBM Rüschlikon",INCONSISTENT (decision). sabatti2024 has the parallel sentence (cleanroom facilities FIRST and BRNC of ETH Zurich and IBM Ruschlikon) without IBM in its value; BRNC is the ETH-IBM joint cleanroom per the org note. Remove IBM here or add it to sabatti2024. Separator should be ; without space.
rakowski2026,foundry_or_fab,,GlobalFoundries,yes,foundry,US,p.3 Conclusion,We have demonstrated GlobalFoundries' second-generation micro ring modulators for 200G/λ applications.,WEAK (decision). Device described as GlobalFoundries product; no fabricated-at sentence; all authors GlobalFoundries. Add only if an ownership statement counts.
gong2026,foundry_or_fab,,(none),yes,foundry,US,p.1 abstract,We report a push-pull Mach-Zehnder modulator in a 300-mm CMOS silicon photonics foundry with 60 GHz EO bandwidth.,NOT PROPOSED. Foundry not named except via the all-GlobalFoundries affiliation (affiliation-only inference).
kharel2021,foundry_or_fab,,(none),yes,company,US,p.3,We fabricated LN modulator device using a wafer (NanoLN) consisted of a 600 nm thick x-cut LN thin-film,NOT PROPOSED. In-house by sole-affiliation HyperLight authors; no fab or facility named.
tobing2026,foundry_or_fab,,(none),,,,p.2,PHI-LN devices including passive TFLN waveguides and modulators are then fabricated using our in-house 200 mm BEOL fabrication facilities.,"NOT PROPOSED. our in-house facility is not named; authors span NSTIC and A*STAR IME, so the owner cannot be assigned without guessing."
wu2023,foundry_or_fab,,(none),,,,p.1-2,we develop a wafer-scale integration process for realizing graphene-based photonics devices in a 300 mm CMOS pilot line.,NOT PROPOSED. Pilot line not named; imec only via affiliations and funding program (affiliation-only).
theurer2026,foundry_or_fab,,(none),,,,p.1,The entire device is fabricated using a ridge waveguide structure.,NOT PROPOSED. Fraunhofer HHI only as sole affiliation; contrast tran2026 p.1 fabricated on HHI InP platform.
taghavi2024,foundry_or_fab,,(none),,,,p.12 Methods; ref. [54],"Resist exposure was carried out using a 100 keV EBL system (JEOL JBX-8100FS, JEOL)","NOT PROPOSED. Process cites [54-55], ref. [54] is the SiEPICfab rapid-prototyping foundry paper; SiEPICfab consortium only in funding. Citation-based."
luan2026,foundry_or_fab,,DTU Nanolab,no,facility (new),DK,p.8 Acknowledgements,"Dr. Peixiong Shi, Dr Thomas Pedersen from DTU Nanolab for the equipment training.",WEAK (decision). Implies use of DTU Nanolab equipment for the fabrication the first author performed; no explicit fabricated-at sentence. Same for luan2026a.
luan2026a,foundry_or_fab,,DTU Nanolab,no,facility (new),DK,p.8 Acknowledgements,"Dr. Peixiong Shi, Dr Thomas Pedersen from DTU Nanolab for the equipment training.",WEAK (decision). Same wording as luan2026.
kim2025,foundry_or_fab,,Holonyak Micro & Nanotechnology Lab,no,facility (new),US,p.10 Acknowledgments,invaluable support from Dr. Edmond Chow and Dr. Soo Ho Choi at the Holonyak Micro & Nanotechnology Lab at the University of Illinois at Urbana-Champaign,WEAK (decision). Support of unspecified kind; host University of Illinois at Urbana-Champaign.
soma2025,foundry_or_fab,Takeda Sentanchi Super Cleanroom,"Takeda Sentanchi Super Cleanroom;Nanofabrication Platform Center of School of Engineering, the University of Tokyo",yes;no,facility;facility (new),JP;JP,p.12 Acknowledgements,"The device was fabricated in part at Takeda Cleanroom with help of Nanofabrication Platform Center of School of Engineering, the University of Tokyo",OPTIONAL. Current value supported; the platform centre helped run the cleanroom. Hyphenation joined.
wolf2018a,foundry_or_fab,Institute of Microelectronics,(keep) Institute of Microelectronics,yes,research_institute,SG,p.10 Acknowledgements,We acknowledge support ... by the Karlsruhe Nano-Micro Facility (KNMF),"NOT PROPOSED. KNMF listed among funding and support bodies, no fabrication statement; zwickel2020 p.25 lists KNMF the same way. IME supported by p.4."
deng2026,foundry_or_fab,,(none),,,,p.9 Acknowledgements,This work is also technically supported by Synergetic Extreme Condition User Facility (SECUF,NOT PROPOSED. User facility for extreme-condition measurements; no fabrication statement.
shen2024,foundry_or_fab,,(none),,,,p.5; p.10,"The RSFQ chip is designed by HYPRES, Inc and fabricated at MIT Lincoln Laboratory using SFQ5EE process","NOT PROPOSED. MIT Lincoln Laboratory fabricated the RSFQ driver chip, not the modulator; modulator fab site not stated."
bhasker2026,foundry_or_fab,Broadcom Inc.,(keep) Broadcom Inc.,yes,company,US,p.3 Acknowledgement,"The Authors would like to thank Broadcom's Breinigsville, PA operations team for fab support.","OK, in-house company fab named explicitly; listed for the record."
karakida2026,wafer_supplier,,NLM Photonics (JRD1 OEO material),yes,company,US,p.3,"In this work, we employed JRD1 (NLM Photonics) [13] as the OEO material","GAP if wafer_supplier carries EO-material suppliers (precedent hess2026 Lightwave Logic, lee2020 Grolltex)."
soma2025,wafer_supplier,,NLM Photonics (JRD1 OEO material),yes,company,US,p.11 Methods; p.4,"In this work, we used JRD1 (NLM Photonics) [58] as the OEO material.","GAP, same convention question as karakida2026."
witmer2020,wafer_supplier,Shin-Etsu,Shin-Etsu; Soluxra (SEO100C EO polymer),,,,p.5,We use SEO100C from Soluxra as our electro-optic polymer,GAP. SOI from Shin-Etsu already entered (p.14).
taghavi2024,wafer_supplier,,"Polaris Electro-Optics, Inc. (PM-158 FN-LC)",yes,company,US,p.13,"we used PM-158 (a proprietary FN-LC material optimized for enhanced χ(2) obtained from Polaris Electro-Optics, Inc.)",GAP.
taghavi2026,wafer_supplier,,"Polaris Electro-Optics, Inc. (pm-158 FN-LC)",yes,company,US,p.4,"The OEO material used was pm-158, a proprietary FN-LC developed by Polaris Electro-Optics","GAP (medium): developed by, not stated as supplied by."
zhang2026a,wafer_supplier,,"Polaris Electro-Optics, Inc. (FenGlass)",yes,company,US,p.1,Polaris Electro-Optics' proprietary ferroelectric nematic glass (FenGlass) is a new class of ferroelectric material,GAP (medium): proprietary material of a co-author company; supply not stated in words.
taghavi2022a,wafer_supplier,,Soluxra (SEO125B EO polymer),,,,p.9,As compared to the standard recipe for SEO125B (6.72% by weight according to Soluxra,WEAK: recipe attributed to Soluxra; supplier not stated in words.
