device_id,field,current,proposed,basis,locator,quote,note
akazawa2026-a,eo_effect,,plasma_dispersion,n/a,"p.2, Introduction",electrons accumulate at the InGaAsP/Al2O3 interface and efficiently induce a negative refractive index change through the strong plasma dispersion and band-filling effects,Forward-bias accumulation; reverse-bias depletion adds Franz-Keldysh. Plasma dispersion taken as primary.
akazawa2026-a,il_onchip_scope,,phase_section_only,n/a,"p.3, Fig. 2; Table 1 p.7",the total insertion loss of the phase-shifter section is 0.56 dB,Phase-shifter section incl. two Si-to-hybrid tapers (0.18 dB each) plus 0.20 dB/pi carrier loss; normalization baseline in unread supplement.
akazawa2026-a,drive,unspecified,not_applicable,n/a,"p.3, Fig. 2(d)",asymmetric MZIs (AMZIs) incorporating 500-µm- and 1000-µm-long InGaAsP/Si hybrid MOS phase shifters,Stand-alone phase shifter row (characterized in an AMZI); no arm drive topology for this row.
akazawa2026-a,GENERAL,,,n/a,"p.5, Fig. 4(d)",The experiment was performed without a thermoelectric cooler (TEC) and therefore without active temperature stabilization.,"No measurement temperature, statistic (the 21.8 fW median is a circuit-level value) or r_eff stated; nothing filled."
chiang2025-a,eo_effect,,pockels,n/a,"p.3, Eye diagram paragraph",The high-speed testing results confirm Pockels-based modulation using an FNLC-integrated silicon slot waveguide structure.,FNLC high-speed response used for the S21 and PAM-4 metrics is Pockels per the authors; 25 MHz Vpi also chosen to avoid slow reorientation.
chiang2025-a,bw_method,,eo_s21,n/a,"p.3, Fig. 4(a)",The modulator's S-parameters were characterized using a 67 GHz PNA Network Analyzer,"Small-signal EO S21 with photodetector; no roll-off observed, f6dB exceeds 67 GHz (instrument limit)."
chiang2025-a,bw3db_reference,,low_freq_unstated,n/a,"p.3, Fig. 4(a)","[fig] EO S21 plotted in dB, flat near 0 dB from low frequency; dashed -6 dB line; no reference frequency stated",Normalization frequency not stated; curve sits near 0 dB at the low-frequency end.
chiang2025-a,bias_for_vpi_v,3.5,3.5,measured,"p.2, Experimental Results",A Vbias of 3.5 V was maintained during both AC & RF characterization,"Orientation bias for FNLC (not a reverse bias); magnitude 3.5 V, sign not stated; two traces use opposite Vbias in push-pull."
chiang2025-a,r_eff_pm_per_v,,29.5,derived,"p.2, Experimental Results",an r33(in-device) of 29.5 pm/V was extracted,"Component r33, extracted from Vpi(AC), TEM waveguide dimensions and Lumerical MODE simulation."
feng2022-a,il_onchip_scope,,device_total,n/a,"p.5, Results",a 2.5-dB on-chip loss (2.2 dB from MMIs and 0.3 dB from propagation loss),Whole RAMZI incl. MMIs and waveguides; excludes 8 dB fiber-to-chip coupling.
feng2022-a,GENERAL,,,n/a,,,"No statistic, temperature, r_eff or shared physical device stated; nothing filled."
feng2022-b,GENERAL,,,n/a,,,"Reference MZI: no statistic, temperature or r_eff stated; nothing filled."
fukui2025-a,bw_method,,eo_s21,n/a,"p.3, Fig. 5","Fig. 5a shows the frequency response of the device, measured using the setup shown in Fig. 5b.","VNA + RF probe, reflected light to biased photodiode; 3 dB crossing at 17.5 GHz observed."
fukui2025-a,bw3db_reference,,low_freq_unstated,n/a,"p.13, Fig. 5(a)","[fig] EO S21 axis in dB starting at 10 MHz, flat at 0 dB at low frequency, -3 dB marked at 17.5 GHz; no reference frequency stated",Normalized to the low-frequency plateau (0 dB); no numeric reference frequency given.
fukui2025-a,tuning_nm_per_v,0.018,0.018,derived,"p.21, Fig. S8(c)",[fig] fitted resonance wavelength rises from about 1509.3 nm at -30 V to about 1510.7 nm at +30 V,"Positive voltage gives red shift (+18 pm/V), per fit slope in Fig. S8(c); text quotes 18 pm/V without sign."
fukui2025-a,r_eff_pm_per_v,,20,author_estimate,"p.3, Discussion",of our fabricated device is estimated to be ∼20 pm/V,"Author estimate from measured 18 pm/V shift assuming r33 = 3 r13; component r33; tensor-ratio assumption, borderline for entry."
fukui2025-b,bw_method,,indirect,n/a,"p.3-4, Fig. 2(g); Methods p.4",The electrical characteristics of the device was simulated using the three-dimensional finite element method (FEM),"Bandwidth is a simulated RC-limited 3 dB value (design row), not a measurement."
fukui2025-b,bw3db_reference,,unspecified,n/a,"p.3, Fig. 2(g)",the 3-dB bandwidth of IM-HCG active metasurface can exceed 40 GHz,Simulated 3 dB bandwidth; reference frequency of the simulated response not stated.
fukui2025-b,tuning_nm_per_v,0.18,0.18,simulated,Table S1 p.22,[fig] Table S1 lists 180 pm/V for the numerical design; shift direction not stated,Sign not stated; 180 pm/V corresponds to assumed r33 = 200 pm/V.
fukui2025-b,GENERAL,,,n/a,,,"Design row: no statistic, temperature or r_eff (r33 200 pm/V is assumed); nothing filled."
guo2026-a,bw_method,,eo_s21,n/a,"p.7, Fig. 5(d); Methods p.13",the measured small-signal EO response remains flat up to approximately 50 GHz,VNA with visible PD; PD response deduced from measured EO responses (p.13). No 3 dB crossing observed.
guo2026-a,bw3db_reference,unspecified,low_freq_unstated,n/a,"p.8, Fig. 5(d)","[fig] EO response in dB vs frequency (about 8-57 GHz), ripple around 0 to +3 dB, dashed -3 dB line; no reference frequency stated",Trace plotted against a 0 dB baseline with -3 dB line; normalization frequency not stated. Previous value unspecified.
guo2026-a,optical_power_handling_dbm,11.5,11.5,n/a,"p.7, Fig. 6(b)",This corresponds to a stable on-chip optical-power handling capability up to 11.5dBm,Convention (w): stable up to X = X with qualifier gt (replace approx). Output >5 dBm for one hour at 18 dBm fiber input.
guo2026-a,optical_power_handling_qualifier,approx,gt,n/a,"p.7, Fig. 6(b)",stable on-chip optical-power handling capability up to 11.5dBm,"Top of tested range, not a measured limit; abstract/p.3 say ~11.5 dBm with no degradation."
guo2026-a,GENERAL,,,n/a,"p.14, Methods",All measurements were done with the chip mounted on a temperature-controlled stage at room temperature.,Room temperature stated but no value; temperature_k left empty. No statistic or r_eff stated.
guo2026-b,GENERAL,,,n/a,,,"No statistic, temperature or r_eff stated for the DD-MZM; nothing filled."
he2019-a,bw_method,,eo_s21,n/a,"p.5, Fig. 3(a)-(b); Methods p.9",the frequency response of the PD (XPDV4120R) is deducted from the measured S21 response,"VNA small-signal EO S21, PD response de-embedded; 3 dB point beyond 70 GHz VNA limit."
he2019-a,bw3db_reference,unspecified,low_freq_unstated,n/a,"p.5, Fig. 3(b)","[fig] EO S21 in dB, trace starts near 10 GHz at about 0 dB, dashed -3 dB line, 3 mm panel; no reference frequency stated",Plotted against a 0 dB baseline with -3 dB line; normalization frequency not stated (previous value unspecified).
he2019-a,il_onchip_scope,,undefined,n/a,p.1 abstract; Table 1 p.8,The presented device exhibits an insertion loss of 2.5 dB,Paper calls it on-chip IL but does not define what is included; Table 1 lists it beside the 5 mm device.
he2019-a,GENERAL,,,n/a,,,"No statistic, temperature or r_eff stated; nothing filled."
he2019-b,bw_method,,eo_s21,n/a,"p.5, Fig. 3(a)-(b); Methods p.9",the frequency response of the PD (XPDV4120R) is deducted from the measured S21 response,"VNA small-signal EO S21, PD response de-embedded; 3 dB point beyond 70 GHz VNA limit."
he2019-b,bw3db_reference,unspecified,low_freq_unstated,n/a,"p.5, Fig. 3(b)","[fig] EO S21 in dB, trace near 0 dB from about 5 GHz with slow droop, dashed -3 dB line, 5 mm panel; no reference frequency stated",Plotted against a 0 dB baseline with -3 dB line; normalization frequency not stated (previous value unspecified).
he2019-b,GENERAL,,,n/a,,,"No statistic, temperature or r_eff stated; nothing filled."
hou2024-a,drive,push_pull,not_applicable,n/a,"p.4, Fig. 1(b)-(c)",[fig] one signal-ground electrode pair applies inverse electric fields to the two rings; no differential electrical drive stated,"Ring-pair resonator, no MZM arms; single-ended signal-ground feed; no differential electrical drive stated."
hou2024-a,GENERAL,,,n/a,,,"No statistic, temperature or r_eff stated; nothing filled."
hou2024-b,tuning_nm_per_v,0.0048,0.0048,n/a,"p.10, Fig. 4(a)-(b)","[fig] resonance dips move to longer wavelength with increasing voltage (10 V steps, arrow right); shift 0 to 240 pm for 0 to 50 V",Positive voltage gives red shift; 4.8 pm/V linear; text quotes the magnitude only.
hou2024-b,GENERAL,,,n/a,,,"No statistic, temperature or r_eff stated; nothing filled."
hsu2024-a,bw_method,,eo_s21,n/a,"p.8-9, Fig. 5(b); Methods p.13","By varying the frequency of the input sine wave driving signal, the corresponding output RF power was measured by a microwave spectrum analyzer (MSA).",Swept-tone small-signal EO response via 42 GHz photodetector and MSA (not a VNA); PD response not de-embedded.
hsu2024-a,il_onchip_scope,,excess_over_reference,n/a,"p.8, Fig. 4(a),(c)",Transmission at λMOD (1317.54 nm) with respect to the gate voltage.,[fig] Fig. 4 transmission normalized to 0 dB off resonance; 3 dB IL is ring loss at the -1.5 V modulation point relative to that baseline.
hsu2024-a,integration,other,monolithic,n/a,"p.12, Methods",a 10 nm HfO2 insulator layer was deposited on the entire SOI substrate by atomic layer deposition (ALD),Inorganic HfO2 and RF-sputtered ITiO deposited on a finished Intel ring chip: monolithic per (ee); suggested tag post_process_tco_gate.
hsu2024-a,tuning_nm_per_v,0.117,0.117,n/a,"p.4, p.7-8, Fig. 4(a)-(b)","Upon a negative bias, the optical mode interacts with the accumulation charges in both ITiO and Si, enabling E-O modulation and blue-shifting","Negative gate bias gives blue shift, so slope per signed volt is +0.117 nm/V (accumulation mode; 87 pm/V depletion). Text quotes magnitude only."
hsu2024-a,GENERAL,,,n/a,,,"No statistic, temperature or r_eff stated; nothing filled."
hsu2024-b,bw_method,,eo_s21,n/a,"p.11, Fig. 7(c)",Simulated E-O response (S21) of the MRM with 52 GHz bandwidth.,"Simulated S21 of the projected design (design row), not measured."
hsu2024-b,bw3db_reference,unspecified,low_freq_unstated,n/a,"p.11, Fig. 7(c)","[fig] |S21| in dB vs log frequency, flat at 0 dB at low frequency, peaking to about +2.5 dB, -3 dB line crossing at 52 GHz",Simulated response normalized at low frequency; no reference frequency stated (previous value unspecified).
hsu2024-b,il_onchip_scope,,excess_over_reference,n/a,"p.11, Fig. 7(b)",[fig] simulated transmission normalized to 0 dB off resonance; 3 dB IL and 6 dB ER marked at -1.5 V and -2.0 V,Simulated ring loss at the modulation point relative to the off-resonance baseline.
hsu2024-b,integration,other,monolithic,n/a,"p.10-11, Device Optimization",Assuming the active E-O modulation region occupies 70% of the microring,Design row: same post-processed inorganic TCO/HfO2 gate on a finished Si ring as hsu2024-a; monolithic per (ee); suggested tag post_process_tco_gate.
hsu2024-b,tuning_nm_per_v,0.148,0.148,n/a,"p.11, Fig. 7(b)",[fig] spectrum at -2.0 V lies at shorter wavelength than at -1.5 V (blue shift for more negative bias); 148 pm/V at -1.5 V,"Negative bias blue-shifts, so slope per signed volt is +0.148 nm/V; sign read from Fig. 7(b), text quotes magnitude only."
hsu2024-b,GENERAL,,,n/a,,,"Design row: no statistic, temperature or r_eff stated; nothing filled."
hu2023-a,bw_method,,link_eoe,n/a,"p.8, Fig. 5(b)",System frequency response of our experimental optical link based on the Si-MRM.,"Whole-link response (AWG, amplifier, probe, device, PD) not de-embedded; text calls it the -3-dB E-O bandwidth."
hu2023-a,bw3db_reference,unspecified,low_freq_unstated,n/a,"p.8, Fig. 5(b)","[fig] S21 in dB, log frequency axis from 1 GHz, trace near 0 dB at low frequency, dashed -3 dB line, label -3-dB EO bandwidth 42.5 GHz",Normalized to the low-frequency level; no reference frequency stated (previous value unspecified).
hu2023-a,physical_device_id,,hu2023-racetrack-mrm,n/a,"p.3, Device section",We first fabricate an ultrahigh-bandwidth Si-MRM with a -3-dB optical bandwidth beyond 67 GHz,"Paper describes one Si-MRM giving both the 302 Gb/s data point (-0.9 V, 1312 nm) and the over 67 GHz optical bandwidth."
hu2023-b,bw_method,,unspecified,n/a,"p.3, Device section",the resistance and capacitance of the Si-MRM are well optimized to extend the optical bandwidth beyond 67 GHz with a detuning frequency of 32 GHz,Optical (peaking-enhanced) bandwidth stated without a shown measurement or method; deferred to Ref. [34].
hu2023-b,bw3db_reference,unspecified,unspecified,n/a,p.1-3,Optical peaking appears at the frequency point of approximately 50 GHz.,No reference frequency stated and no response curve shown for this point.
hu2023-b,physical_device_id,,hu2023-racetrack-mrm,n/a,"p.3, Device section",We first fabricate an ultrahigh-bandwidth Si-MRM with a -3-dB optical bandwidth beyond 67 GHz,"Same Si-MRM as hu2023-a per the paper; wavelength, bias and detuning differ between operating points."
kawahara2025-a,bw_method,,link_eoe,n/a,"p.8, Appendix C; Fig. 4(c)","The EO frequency response of the entire transmitter, including the driver, modulator, and bonding wires, was measured",Sweep 1-40 GHz with optical sampling oscilloscope; driver and wires not de-embedded; 50 GHz crossing read on co-simulated curve.
kawahara2025-a,il_onchip_scope,,device_total,n/a,"p.4, Fig. 3(e)","The on-chip insertion loss was approximately 11 dB, including the p-n doped PCW phase shifter loss of ~8 dB.",Whole PCW MZM including phase shifter (about 8 dB) and the rest of the MZM; edge couplers not included.
kawahara2025-a,integration,other,foundry_native,n/a,"p.4, Device Fabrication",The MZM was fabricated using the 300-mm Si-on-insulator process of Advanced Industrial Science and Technology,Modulator from a 300 mm Si photonics process (PN-doped Si PCW); SiGe driver is a separate die wire-bonded on a PCB.
kawahara2025-a,extinction_ratio_db,1.4,1.4,measured,"p.5, Fig. 5(b)",ER increasing from 1.5 dB at 50 mW to 4.6 dB at 260 mW,"Dynamic only (eye diagrams); no static ER stated, so keep 1.4 dB dynamic (64 Gb/s unprocessed, 50 mW); er_type dynamic."
kawahara2025-a,er_type,dynamic,dynamic,n/a,"p.5, Fig. 5(b)",ER increasing from 1.5 dB at 50 mW to 4.6 dB at 260 mW,Eye-diagram ER; bias slightly detuned from quadrature (Appendix D); no static ER reported.
kawahara2025-a,physical_device_id,,kawahara2025-pcw-mzm,n/a,"p.4, Device Fabrication","Although several devices were integrated into the Si photonics chip, only one of them was used.",One PCW MZM transmitter used for all results; rows a and b are ng (wavelength) operating points of it.
kawahara2025-b,bw_method,,link_eoe,n/a,"p.8, Appendix C; Fig. 4(c)","The EO frequency response of the entire transmitter, including the driver, modulator, and bonding wires, was measured",Same whole-transmitter sweep; 55 GHz crossing at ng = 30 with peaking on the co-simulated curve beyond 40 GHz.
kawahara2025-b,integration,other,foundry_native,n/a,"p.4, Device Fabrication",The MZM was fabricated using the 300-mm Si-on-insulator process of Advanced Industrial Science and Technology,Same transmitter as row a; separate SiGe driver die on PCB.
kawahara2025-b,row_kind,,device,n/a,"p.5, Fig. 4(c)","Under the condition of ng = 30 with the peaking, the widest bandwidth of f3dB = 55 GHz was recorded","Fabricated and measured transmitter (sweep to 40 GHz); only the 3 dB crossing is a co-simulation extension, so row stays device."
kawahara2025-b,physical_device_id,,kawahara2025-pcw-mzm,n/a,"p.4, Device Fabrication","Although several devices were integrated into the Si photonics chip, only one of them was used.","Same single transmitter as row a, different ng (wavelength) point."
kotz2026-a,GENERAL,,,n/a,,,"No statistic, temperature (poling temperature not a measurement temperature) or r_eff stated; nothing filled."
lee2020a-a,bw_method,,eo_s21,n/a,"p.5, Fig. 3(c) inset",Inset: example frequency response curve along with the fit to a single-pole transfer function 1/(1 + j2πfτ),Measured EO response (instrument not named) fitted with a single pole per device; 3 dB value is from the fit.
lee2020a-a,bw3db_reference,unspecified,low_freq_unstated,n/a,"p.5, Fig. 3(c) inset","[fig] EO response in dB, log frequency axis from about 3 MHz, flat at 0 dB at low frequency, single-pole fit; no reference frequency stated",Normalized to the low-frequency plateau; no numeric reference frequency (previous value unspecified).
lee2020a-a,statistic,,mean,n/a,"p.5, Fig. 3(c)",standard deviation is 0.53 GHz ( < 14% of the mean 3.92 GHz),"Mean 3 dB bandwidth over 32 modulators, std 0.53 GHz; dV3dB mean 4.50 V (std 0.57 V); eye-diagram yield 30 of 32."
lee2020a-b,GENERAL,,,n/a,,,"Design row (simulation): no statistic, temperature or r_eff stated; nothing filled."
li2022b-a,bw_method,,eo_s21,n/a,"p.5, Fig. 6(b)","we can see that the measured 3-dB EO bandwidth (S21) is beyond 30 GHz, limited by the bandwidth of the photodetector","Small-signal EO S21 with 25 GHz PD; cables, probes, PD and amplifier responses subtracted; no 3 dB crossing observed."
li2022b-a,bw3db_reference,unspecified,low_freq_unstated,n/a,"p.5, Fig. 6(b)","[fig] S21 in dB from 0 to 30 GHz, trace starts near 0 dB, dashed -3 dB line; no reference frequency stated",Normalized to low-frequency level; no numeric reference frequency (previous value unspecified).
li2022b-a,GENERAL,,,n/a,,,"No statistic, temperature or r_eff stated; nothing filled."
li2025b-a,bw_method,,eo_s21,n/a,"p.6, Fig. 5; Appendix E p.15",to perform a standard EO S21 measurement,"VNA S21 with amplified photodiode (APD gain de-embedded), 0.1-9 GHz; response normalized to 100 MHz."
li2025b-a,GENERAL,,,n/a,,,"Vpi/eta quoted with fit uncertainty only; no statistic, temperature or r_eff (r41 -1.5 pm/V is literature); nothing filled."
li2025b-b,bw_method,,eo_s21,n/a,"p.6, Fig. 5; Appendix E p.15",to perform a standard EO S21 measurement,"VNA S21 with amplified photodiode (APD gain de-embedded), 0.1-9 GHz; response normalized to 100 MHz."
li2025b-b,drive,single_ended,not_applicable,n/a,"p.4, Sec. III",is applied to the ground-signal-ground electrode configuration using a microwave probe,Racetrack ring; single GSG probe feed; no differential electrical drive stated.
li2025b-b,tuning_nm_per_v,0.000351,0.000351,n/a,"p.4, Sec. III; Appendix D Eq. D16",we extract an η =(0.351 ± 0.008) pm V−1,Sign not stated: eta defined as a magnitude (Delta lambda / Vp); value kept positive.
li2025b-b,GENERAL,,,n/a,,,"Values quoted with fit uncertainty only; no statistic, temperature or r_eff (r41 literature value) stated; nothing filled."
li2025b-c,GENERAL,,,n/a,,,"Control device: no statistic, temperature or r_eff stated; nothing filled."
li2025b-d,GENERAL,,,n/a,,,"Control device: no statistic, temperature or r_eff stated; nothing filled."
li2026aa-a,bw_method,,eo_s21,n/a,"p.5, Fig. 3(b)","The EO responses of the fabricated TFLN modulator were characterized using an 110-GHz lightwave component analyzer (LCA, Ceyear 6433 P)",110 GHz LCA with high-speed probe; EO S21; crossing near 100 GHz read at the instrument limit.
li2026aa-a,bw3db_reference,unspecified,low_freq_unstated,n/a,"p.5, Fig. 3(b)","[fig] EO S21 in dB vs frequency, starts at 0 dB with a small low-frequency peak (ZL < Z0), dashed -3 dB line; no reference frequency stated",Normalized to the low-frequency level (0 dB); no numeric reference frequency; Z_L below Z0 gives a low-frequency peak (previous value unspecified).
li2026aa-a,physical_device_id,,li2026aa-9mm-mzm,n/a,"p.5, Optical packaging",the device was optically packaged to UHNA4 fibers and characterized across all operational wavelength regions,Paper presents one 9 mm TFLN modulator characterized at 8 wavelengths; rows are wavelength operating points.
li2026aa-a,il_onchip_scope,,device_total,n/a,"p.4, Loss analysis","the on-chip insertion losses (ILs) were deduced as 1.2 dB, 2.8 dB, and 5.8 dB at wavelengths of 1310 nm, 1550 nm, and 1970 nm","Deduced from total loss minus SSC coupling loss: 3 dB splitters, propagation, electrode absorption; SSC coupling excluded."
li2026aa-b,bw_method,,eo_s21,n/a,"p.5, Fig. 3(b)",The EO response was captured by feeding electrical signals from the PDs into the VNA.,67 GHz VNA with commercial PD; EO S21; no 3 dB crossing within the 67 GHz VNA range.
li2026aa-b,bw3db_reference,unspecified,low_freq_unstated,n/a,"p.5, Fig. 3(b)","[fig] EO S21 in dB vs frequency, starts at 0 dB with a small low-frequency peak (ZL < Z0), dashed -3 dB line; no reference frequency stated",Normalized to the low-frequency level (0 dB); no numeric reference frequency; Z_L below Z0 gives a low-frequency peak (previous value unspecified).
li2026aa-b,physical_device_id,,li2026aa-9mm-mzm,n/a,"p.5, Optical packaging",the device was optically packaged to UHNA4 fibers and characterized across all operational wavelength regions,Paper presents one 9 mm TFLN modulator characterized at 8 wavelengths; rows are wavelength operating points.
li2026aa-c,bw_method,,eo_s21,n/a,"p.5, Fig. 3(b)","The EO responses of the fabricated TFLN modulator were characterized using an 110-GHz lightwave component analyzer (LCA, Ceyear 6433 P)",110 GHz LCA with high-speed probe; EO S21; crossing near 100 GHz read at the instrument limit.
li2026aa-c,bw3db_reference,unspecified,low_freq_unstated,n/a,"p.5, Fig. 3(b)","[fig] EO S21 in dB vs frequency, starts at 0 dB with a small low-frequency peak (ZL < Z0), dashed -3 dB line; no reference frequency stated",Normalized to the low-frequency level (0 dB); no numeric reference frequency; Z_L below Z0 gives a low-frequency peak (previous value unspecified).
li2026aa-c,physical_device_id,,li2026aa-9mm-mzm,n/a,"p.5, Optical packaging",the device was optically packaged to UHNA4 fibers and characterized across all operational wavelength regions,Paper presents one 9 mm TFLN modulator characterized at 8 wavelengths; rows are wavelength operating points.
li2026aa-d,bw_method,,eo_s21,n/a,"p.5, Fig. 3(b)","The EO responses of the fabricated TFLN modulator were characterized using an 110-GHz lightwave component analyzer (LCA, Ceyear 6433 P)",110 GHz LCA with high-speed probe; EO S21; crossing near 100 GHz read at the instrument limit.
li2026aa-d,bw3db_reference,unspecified,low_freq_unstated,n/a,"p.5, Fig. 3(b)","[fig] EO S21 in dB vs frequency, starts at 0 dB with a small low-frequency peak (ZL < Z0), dashed -3 dB line; no reference frequency stated",Normalized to the low-frequency level (0 dB); no numeric reference frequency; Z_L below Z0 gives a low-frequency peak (previous value unspecified).
li2026aa-d,physical_device_id,,li2026aa-9mm-mzm,n/a,"p.5, Optical packaging",the device was optically packaged to UHNA4 fibers and characterized across all operational wavelength regions,Paper presents one 9 mm TFLN modulator characterized at 8 wavelengths; rows are wavelength operating points.
li2026aa-d,il_onchip_scope,,device_total,n/a,"p.4, Loss analysis","the on-chip insertion losses (ILs) were deduced as 1.2 dB, 2.8 dB, and 5.8 dB at wavelengths of 1310 nm, 1550 nm, and 1970 nm","Deduced from total loss minus SSC coupling loss: 3 dB splitters, propagation, electrode absorption; SSC coupling excluded."
li2026aa-e,bw_method,,eo_s21,n/a,"p.5, Fig. 3(b)","The EO responses of the fabricated TFLN modulator were characterized using an 110-GHz lightwave component analyzer (LCA, Ceyear 6433 P)",110 GHz LCA with high-speed probe; EO S21; crossing near 100 GHz read at the instrument limit.
li2026aa-e,bw3db_reference,unspecified,low_freq_unstated,n/a,"p.5, Fig. 3(b)","[fig] EO S21 in dB vs frequency, starts at 0 dB with a small low-frequency peak (ZL < Z0), dashed -3 dB line; no reference frequency stated",Normalized to the low-frequency level (0 dB); no numeric reference frequency; Z_L below Z0 gives a low-frequency peak (previous value unspecified).
li2026aa-e,physical_device_id,,li2026aa-9mm-mzm,n/a,"p.5, Optical packaging",the device was optically packaged to UHNA4 fibers and characterized across all operational wavelength regions,Paper presents one 9 mm TFLN modulator characterized at 8 wavelengths; rows are wavelength operating points.
li2026aa-f,bw_method,,eo_s21,n/a,"p.5, Fig. 3(b)",The EO response was captured by feeding electrical signals from the PDs into the VNA.,67 GHz VNA with commercial PD; EO S21; no 3 dB crossing within the 67 GHz VNA range.
li2026aa-f,bw3db_reference,unspecified,low_freq_unstated,n/a,"p.5, Fig. 3(b)","[fig] EO S21 in dB vs frequency, starts at 0 dB with a small low-frequency peak (ZL < Z0), dashed -3 dB line; no reference frequency stated",Normalized to the low-frequency level (0 dB); no numeric reference frequency; Z_L below Z0 gives a low-frequency peak (previous value unspecified).
li2026aa-f,physical_device_id,,li2026aa-9mm-mzm,n/a,"p.5, Optical packaging",the device was optically packaged to UHNA4 fibers and characterized across all operational wavelength regions,Paper presents one 9 mm TFLN modulator characterized at 8 wavelengths; rows are wavelength operating points.
li2026aa-g,bw_method,,eo_s21,n/a,"p.5, Fig. 3(b); Supp. Note 8","we employed a recently demonstrated high-speed GeSn PD (bandwidth >40 GHz, ref. 16) to measure the bandwidth","VNA with GeSn PD (over 40 GHz), PD response de-embedded; no 3 dB crossing observed up to the PD-limited range."
li2026aa-g,bw3db_reference,unspecified,low_freq_unstated,n/a,"p.5, Fig. 3(b)","[fig] EO S21 in dB vs frequency, starts at 0 dB with a small low-frequency peak (ZL < Z0), dashed -3 dB line; no reference frequency stated",Normalized to the low-frequency level (0 dB); no numeric reference frequency; Z_L below Z0 gives a low-frequency peak (previous value unspecified).
li2026aa-g,physical_device_id,,li2026aa-9mm-mzm,n/a,"p.5, Optical packaging",the device was optically packaged to UHNA4 fibers and characterized across all operational wavelength regions,Paper presents one 9 mm TFLN modulator characterized at 8 wavelengths; rows are wavelength operating points.
li2026aa-g,il_onchip_scope,,device_total,n/a,"p.4, Loss analysis","the on-chip insertion losses (ILs) were deduced as 1.2 dB, 2.8 dB, and 5.8 dB at wavelengths of 1310 nm, 1550 nm, and 1970 nm","Deduced from total loss minus SSC coupling loss: 3 dB splitters, propagation, electrode absorption; SSC coupling excluded."
li2026aa-h,bw_method,,eo_s21,n/a,"p.5, Fig. 3(b); Supp. Note 8","we employed a recently demonstrated high-speed GeSn PD (bandwidth >40 GHz, ref. 16) to measure the bandwidth","VNA with GeSn PD (over 40 GHz), PD response de-embedded; no 3 dB crossing observed up to the PD-limited range."
li2026aa-h,bw3db_reference,unspecified,low_freq_unstated,n/a,"p.5, Fig. 3(b)","[fig] EO S21 in dB vs frequency, starts at 0 dB with a small low-frequency peak (ZL < Z0), dashed -3 dB line; no reference frequency stated",Normalized to the low-frequency level (0 dB); no numeric reference frequency; Z_L below Z0 gives a low-frequency peak (previous value unspecified).
li2026aa-h,physical_device_id,,li2026aa-9mm-mzm,n/a,"p.5, Optical packaging",the device was optically packaged to UHNA4 fibers and characterized across all operational wavelength regions,Paper presents one 9 mm TFLN modulator characterized at 8 wavelengths; rows are wavelength operating points.
lin2025a-mzi,tuning_nm_per_v,0.0413,-0.0413,n/a,"p.4, Fig. 2(c)-(e)",[fig] transmission fringes shift to shorter wavelength from 0 V to 20 V (0 V curve rightmost); simulated 5 V curve left of 0 V,"Blue shift for positive voltage, so signed value -41.3 pm/V; Fig. 2(d) plots shift magnitude and the text quotes 41.3 pm/V unsigned."
lin2025a-mzi,r_eff_pm_per_v,,1268,derived,"p.4, Device characterization; p.12",value of 1268 pm/V is found.,"Component r42, extracted by matching simulated to measured MZI resonance shift at 5 V (mode simulation, BTO tensor)."
liu2026b-a,bw_method,,eo_s21,n/a,"p.2, Sec. 3; Fig. 2(b)",the small-signal EO response was measured using a 67 GHz photonic network analyzer (PNA) and a 100 GHz photodetector,"Small-signal EO S21, RF applied to one segment; 1 dB point above 67 GHz at 0 V, no 3 dB crossing measured."
liu2026b-a,integration,,foundry_native,n/a,"p.2, Sec. 2",The device is fabricated on a silicon-on-insulator (SOI) platform with a 220 nm-thick top silicon layer and a 2 μm-thick buried oxide (BOX).,"Native Si lateral-PN modulator on standard SOI; foundry not named, no added EO material. Same choice as other Si PN rows."
liu2026b-a,extinction_ratio_db,1.17,1.17,measured,"p.3, Sec. 3; Fig. 3","The corresponding extinction ratios are 3.67 dB, 2.87 dB, 2.51 dB, 2.23 dB, 1.68 dB and 1.17 dB, respectively.",Dynamic (eye) ER at 192 GBd OOK; no static ER stated; er_type dynamic.
liu2026b-a,er_type,dynamic,dynamic,n/a,"p.3, Sec. 3; Fig. 3","The corresponding extinction ratios are 3.67 dB, 2.87 dB, 2.51 dB, 2.23 dB, 1.68 dB and 1.17 dB, respectively.",Eye-diagram ER values only.
liu2026b-a,statistic,,mean,n/a,"p.2, Sec. 3",The average of the two measurements yields a Vπ of 4 V under a -2 V bias,Vpi is the average of two single-junction bypass measurements (N=2); other headline values are single measurements. Borderline.
liu2026c-a,bw_method,,eo_s21,n/a,"p.2, Sec. 3; Fig. 2(c)",Small-signal S₂₁ measurements were conducted using a photonic network analyzer (Keysight N5227A) and a 100 GHz photodetector.,EO S21 at -3 V bias; 1 dB point 66 GHz measured; 3 dB (above 80 GHz) is a curve-fit estimate.
liu2026c-a,integration,,foundry_native,n/a,"p.2, Sec. 3",the MZM is fabricated on a silicon-on-insulator (SOI) platform with a buried oxide layer thickness of 2 μm,"Native Si lateral-PN modulator on standard SOI; foundry not named, no added EO material. Same choice as other Si PN rows."
liu2026c-a,extinction_ratio_db,2.21,2.21,measured,"p.3, Sec. 3; Fig. 3(c)","with extinction ratio (ER) of 5.08 dB and 2.21 dB, respectively",Dynamic (eye) ER of 128 GBd NRZ; no static ER stated; er_type dynamic.
liu2026c-a,er_type,dynamic,dynamic,n/a,"p.3, Sec. 3; Fig. 3","with extinction ratio (ER) of 5.08 dB and 2.21 dB, respectively",Eye-diagram ER values only.
liu2026c-a,GENERAL,,,n/a,,,"No statistic, temperature or r_eff stated; nothing filled."
liu2026c-b,bw_method,,eo_s21,n/a,"p.2, Sec. 3; Fig. 2(c)",Small-signal S₂₁ measurements were conducted using a photonic network analyzer (Keysight N5227A) and a 100 GHz photodetector.,"Same EO S21 setup as the tabbed device; 3 dB point read from figure by the evidence entry, not stated by authors."
liu2026c-b,integration,,foundry_native,n/a,"p.2, Sec. 3",the micrographs of the conventional and tabbed-electrode MZMs reveal identical optical and doping designs,Same Si PN process on SOI as the tabbed device; foundry not named.
liu2026c-b,GENERAL,,,n/a,,,"Reference device on the same chip; no statistic, temperature or r_eff stated; nothing filled."
lotkov2024-a,bw_method,,eo_s21,n/a,"p.3-4, Fig. 4(a),(d)",Electric microwave was induced by vector network analyzer (R&S ZNB 20) to measure s-parameters.,VNA with high-speed PD; 3 dB and 6 dB values are fit-defined on a noisy normalized S21 trace.
lotkov2024-a,bw3db_reference,unspecified,low_freq_unstated,n/a,"p.4, Fig. 4(d)","[fig] normalized S21 in dB vs 0-3 GHz starting near 0 dB, -3 dB and -6 dB levels dashed; no reference frequency stated",Normalized to the low-frequency level; no numeric reference frequency (previous value unspecified).
lotkov2024-a,GENERAL,,,n/a,,,"No statistic, temperature or r_eff stated; nothing filled."
luan2026-a,bw_method,,eo_s21,n/a,"p.5, Fig. 4(a)",A RF signal from the VNA was combined with a bias voltage and applied between the two graphene layers.,VNA with 70 GHz photodetector at 1549.023 nm (45 pm detuning); no 3 dB crossing observed to 70 GHz.
luan2026-a,bw3db_reference,unspecified,low_freq_unstated,n/a,"p.6, Fig. 4(a)","[fig] normalized EO S21 in dB, flat near 0 dB from low frequency to 70 GHz; no reference frequency stated",Normalized to the low-frequency level; no numeric reference frequency (previous value unspecified).
luan2026-a,GENERAL,,,n/a,,,"Single operating point; no statistic, temperature or r_eff stated; nothing filled."
luan2026-b,bw_method,,eo_s21,n/a,"p.5, Fig. 4(b)","At 2 µm waveband, a CW laser with center wavelength of 2000 nm was employed and the measured bandwidth is over 20 GHz",VNA with 15 GHz photodetector; bandwidth is a bound set by the photodetector.
luan2026-b,bw3db_reference,unspecified,low_freq_unstated,n/a,"p.6, Fig. 4(b)","[fig] normalized EO S21 in dB, near 0 dB at low frequency with ripple of about +/-1 dB to 20 GHz; no reference frequency stated",Normalized to the low-frequency level; no numeric reference frequency (previous value unspecified).
luan2026-b,GENERAL,,,n/a,,,"Same chip design as luan2026-a at 2 um; no statistic, temperature or r_eff stated; nothing filled."
luan2026-c,bw_method,,unspecified,n/a,"p.6, Statistics",the bandwidths are all above 40 GHz at resonance wavelengths,"Per-device bandwidth method, frequency range and reference not described for the 10-device statistics."
luan2026-c,bw3db_reference,unspecified,unspecified,n/a,"p.6, Statistics",the bandwidths are all above 40 GHz at resonance wavelengths,No S21 trace or normalization shown for these devices.
luan2026-c,statistic,,mean,n/a,"p.6, Fig. 5","These modulators feature an average extinction ratio of 26.4 dB, an average insertion loss of 5.2 dB","Means over 10 devices stated (Fig. 5 shows 9 bars); ER range about 17-33 dB, IL about 2-7 dB read from Fig. 5."
luan2026a-a,bw3db_reference,unspecified,low_freq_unstated,n/a,"p.4, Fig. 3(d)","[fig] normalized S21 in dB vs frequency from 1 GHz, starts at 0 dB, peaks about +1.5 dB near 2 GHz, ends near -1.3 dB at 40 GHz; no reference frequency stated",Normalized to the low-frequency level; no numeric reference frequency (previous value unspecified). Method stays sideband per p.5 (PD below 20 GHz).
luan2026a-a,GENERAL,,,n/a,,,"Device A and B are separate same-chip devices; no statistic, temperature or r_eff stated; nothing filled."
luan2026a-b,bw_method,,eo_s21,n/a,"p.5, Fig. 4(d)","demonstrated a measured bandwidth beyond 70 GHz, as shown in Fig. 4 (d), with the measurement limited by the bandwidth of the VNA",VNA with 70 GHz photodetector (Finisar XPDV3120R); no 3 dB crossing observed to 70 GHz.
luan2026a-b,bw3db_reference,unspecified,low_freq_unstated,n/a,"p.5, Fig. 4(d)","[fig] normalized S21 in dB from 0.1 GHz, flat at 0 dB with growing noise to 70 GHz; no reference frequency stated",Normalized to the low-frequency level; no numeric reference frequency (previous value unspecified).
luan2026a-b,GENERAL,,,n/a,,,"Separate same-chip device from Device A; no statistic, temperature or r_eff stated; nothing filled."
nenezic2026-case1,bw_method,,link_eoe,n/a,"p.5, Sec. IV; Table I p.8",the bandwidth corresponds to the electro-optic-electric (EOE) 3dB bandwidth,Simulated EOE 3 dB bandwidth of a design (RF/optical simulation database); not a measurement.
nenezic2026-case1,bw3db_reference,unspecified,unspecified,n/a,"p.5, Sec. IV; Table I p.8",the bandwidth corresponds to the electro-optic-electric (EOE) 3dB bandwidth,Reference frequency of the simulated response not stated.
nenezic2026-case1,il_onchip_scope,,phase_section_only,n/a,"p.5, Sec. IV",the total insertion loss is given by the propagation loss times L plus twice the tapering loss,Modulating-section propagation plus two SiN-to-LN tapers; no splitters or couplers in the formula. Simulated.
nenezic2026-case1,GENERAL,,,n/a,"p.8, Table I",[fig] Table I lists value +- spread per case (case 2 bandwidth printed 150+); spread not defined as std in the table,Statistic left empty: Table I does not label values as mean; text defines expected value (mean) for the Monte Carlo method only.
nenezic2026-case2,bw_method,,link_eoe,n/a,"p.5, Sec. IV; Table I p.8",the bandwidth corresponds to the electro-optic-electric (EOE) 3dB bandwidth,Simulated EOE 3 dB bandwidth of a design (RF/optical simulation database); not a measurement.
nenezic2026-case2,bw3db_reference,unspecified,unspecified,n/a,"p.5, Sec. IV; Table I p.8",the bandwidth corresponds to the electro-optic-electric (EOE) 3dB bandwidth,Reference frequency of the simulated response not stated.
nenezic2026-case2,il_onchip_scope,,phase_section_only,n/a,"p.5, Sec. IV",the total insertion loss is given by the propagation loss times L plus twice the tapering loss,Modulating-section propagation plus two SiN-to-LN tapers; no splitters or couplers in the formula. Simulated.
nenezic2026-case2,GENERAL,,,n/a,"p.8, Table I",[fig] Table I lists value +- spread per case (case 2 bandwidth printed 150+); spread not defined as std in the table,Statistic left empty: Table I does not label values as mean; text defines expected value (mean) for the Monte Carlo method only.
nenezic2026-case3,bw_method,,link_eoe,n/a,"p.5, Sec. IV; Table I p.8",the bandwidth corresponds to the electro-optic-electric (EOE) 3dB bandwidth,Simulated EOE 3 dB bandwidth of a design (RF/optical simulation database); not a measurement.
nenezic2026-case3,bw3db_reference,unspecified,unspecified,n/a,"p.5, Sec. IV; Table I p.8",the bandwidth corresponds to the electro-optic-electric (EOE) 3dB bandwidth,Reference frequency of the simulated response not stated.
nenezic2026-case3,il_onchip_scope,,phase_section_only,n/a,"p.5, Sec. IV",the total insertion loss is given by the propagation loss times L plus twice the tapering loss,Modulating-section propagation plus two SiN-to-LN tapers; no splitters or couplers in the formula. Simulated.
nenezic2026-case3,GENERAL,,,n/a,"p.8, Table I",[fig] Table I lists value +- spread per case (case 2 bandwidth printed 150+); spread not defined as std in the table,Statistic left empty: Table I does not label values as mean; text defines expected value (mean) for the Monte Carlo method only.
qiu2026-a,bw_method,,NO_SOURCE,n/a,,,"references/qiu2026 holds only crossref.json; no text.md, source.pdf or figures."
qiu2026-a,il_onchip_scope,,NO_SOURCE,n/a,,,No local source; evidence note says the 3 dB on-chip IL excludes splitter and couplers but scope is not itemised.
qiu2026-a,integration,other,NO_SOURCE,n/a,,,No local source; row notes say BTO is MBE-grown on Si then transferred onto processed SiPh wafers (candidate bonded_heterogeneous).
qiu2026-a,GENERAL,,NO_SOURCE,n/a,,,"No local source; statistic, temperature (stable to 85 degC per notes), r_eff, physical_device_id not decided."
rakowski2026-a,bw_method,,eo_s21,n/a,"p.2, Sec. 3; Fig. 2(c), Fig. 3",S21 measurements were performed using a 67 GHz Lightwave Component Analyzer (LCA) at 1V reverse bias across seven laser wavelengths,"67 GHz LCA S21 at several detunings; headline 3 dB value is read from the regression of S21 bandwidths at ER 3.5 dB, not one trace."
rakowski2026-a,il_onchip_scope,,excess_over_reference,n/a,"p.2, Fig. 2(b)",[fig] ER/IL/rOMA vs detuning: IL rises toward the resonance and falls to about 0 dB at 1000 pm detuning,IL of the ring at the operating detuning relative to the off-resonance transmission; grating couplers and routing excluded.
rakowski2026-a,integration,,foundry_native,n/a,"p.1-2, Sec. 2; refs [4,5]",300-mm monolithic CMOS silicon photonics foundry technology,Native Si PN ring in the GlobalFoundries 300 mm monolithic platform (ref. title); no added EO material.
rakowski2026-a,tuning_nm_per_v,,0.04,derived,"p.2, Table 1; Fig. 2(a)",Wavelength resonance shift 80pm/2V,"fill_csv: 80 pm / 2 V / 1000 pm per nm = 0.04; swing average; reverse bias blue-shifts (Fig. 2(a)), so positive per signed volt."
rakowski2026-a,physical_device_id,,rakowski2026-gen2-mrm,n/a,"p.3, Sec. 3",Figure 3(b) presents the performance of the same device when driven at 3 Vpp,Rows a and b are 2 Vpp and 3 Vpp operating points of one MRM.
rakowski2026-b,bw_method,,eo_s21,n/a,"p.2, Sec. 3; Fig. 2(c), Fig. 3",S21 measurements were performed using a 67 GHz Lightwave Component Analyzer (LCA) at 1V reverse bias across seven laser wavelengths,"67 GHz LCA S21 at several detunings; headline 3 dB value is read from the regression of S21 bandwidths at ER 3.5 dB, not one trace."
rakowski2026-b,il_onchip_scope,,excess_over_reference,n/a,"p.2, Fig. 2(b)",[fig] ER/IL/rOMA vs detuning: IL rises toward the resonance and falls to about 0 dB at 1000 pm detuning,IL of the ring at the operating detuning relative to the off-resonance transmission; grating couplers and routing excluded.
rakowski2026-b,integration,,foundry_native,n/a,"p.1-2, Sec. 2; refs [4,5]",300-mm monolithic CMOS silicon photonics foundry technology,Native Si PN ring in the GlobalFoundries 300 mm monolithic platform (ref. title); no added EO material.
rakowski2026-b,tuning_nm_per_v,,0.04167,derived,"p.2, Table 1; Fig. 2(a)",induces a resonance wavelength shift averaging 125 pm/3V,"fill_csv: 125 pm / 3 V / 1000 pm per nm = 0.04167; swing average; reverse bias blue-shifts (Fig. 2(a)), so positive per signed volt."
rakowski2026-b,physical_device_id,,rakowski2026-gen2-mrm,n/a,"p.3, Sec. 3",Figure 3(b) presents the performance of the same device when driven at 3 Vpp,Rows a and b are 2 Vpp and 3 Vpp operating points of one MRM.
shamsansari2021-a,bw_method,,eo_s21,n/a,"p.3, Fig. 4(d)","we measure the high-frequency electro-optic response of our transmitter (S21) using a 50 GHz Vector Network Analyzer (VNA, Agilent), 45 GHz fast photo-diode","VNA with 45 GHz photodiode; cable, probe and detector responses subtracted; trace sags below -3 dB beyond about 43 GHz."
shamsansari2021-a,bw3db_reference,unspecified,low_freq_unstated,n/a,"p.3, Fig. 4(d)","[fig] electro-optic S21 in dB from 0 to 50 GHz starting near 0 dB, dashed -3 dB line; no reference frequency stated",Normalized to the low-frequency level; no numeric reference frequency (previous value unspecified).
shamsansari2021-a,GENERAL,,,n/a,,,"Room-temperature (no cooling) statement is for the laser, not a modulator measurement temperature; no statistic or r_eff stated."
shen2026-a,bw3db_reference,unspecified,low_freq_unstated,n/a,"p.3, Fig. 3(c)","[fig] EO S21 in dB vs 0-110 GHz, fitted curve starts at 0 dB, VNA and OSA points, dashed -3 dB line; no reference frequency stated",Normalized to the low-frequency level; no numeric reference frequency (previous value unspecified).
shen2026-a,GENERAL,,,n/a,,,"No statistic, temperature or r_eff stated for the modulator; nothing filled."
sia2022-a,bw_method,,eo_s21,n/a,"p.4-5, Fig. 5-6",where the electro-optic response of the modulator is measured,LCA with 17.5 GHz photodetector; shown trace at this bias.
sia2022-a,bw3db_reference,unspecified,low_freq_unstated,n/a,"p.5, Fig. 6","[fig] electro-optic response in dB from about 1 GHz, starts at 0 dB, -3 dB line crossing at 16.2 GHz (1 V); no reference frequency stated",Normalized at the lowest plotted frequency (about 1 GHz) but not stated by the authors (previous value unspecified).
sia2022-a,integration,,foundry_native,n/a,"p.2, Sec. II","The modulator is fabricated on the 220 nm silicon-on-insulator platform, based on our developed platform; the platform is available commercially to all",Native Si PN racetrack and MZI in a commercially available SOI process (foundry not named); no added EO material.
sia2022-a,physical_device_id,,sia2022-ramzm,n/a,"p.4, Sec. III","Vbias = 0, 1, 3, 5, 7, 8 v are applied to a bias tee, sent to the RAMZM via the RF probe",One RAMZM measured at several reverse biases; rows are bias operating points.
sia2022-b,bw_method,,eo_s21,n/a,"p.4-5, Fig. 5-6",where the electro-optic response of the modulator is measured,LCA with 17.5 GHz photodetector; shown trace at this bias.
sia2022-b,bw3db_reference,unspecified,low_freq_unstated,n/a,"p.5, Fig. 6","[fig] electro-optic response in dB from about 1 GHz, starts at 0 dB, -3 dB line crossing at 16.2 GHz (1 V); no reference frequency stated",Normalized at the lowest plotted frequency (about 1 GHz) but not stated by the authors (previous value unspecified).
sia2022-b,integration,,foundry_native,n/a,"p.2, Sec. II","The modulator is fabricated on the 220 nm silicon-on-insulator platform, based on our developed platform; the platform is available commercially to all",Native Si PN racetrack and MZI in a commercially available SOI process (foundry not named); no added EO material.
sia2022-b,physical_device_id,,sia2022-ramzm,n/a,"p.4, Sec. III","Vbias = 0, 1, 3, 5, 7, 8 v are applied to a bias tee, sent to the RAMZM via the RF probe",One RAMZM measured at several reverse biases; rows are bias operating points.
sia2022-c,bw_method,,indirect,n/a,"p.4-5, Fig. 6",It can be concluded with certainty that the bandwidth of the RAMZI exceeds 17.5 GHz when Vbias is larger than 3 v,No response shown at this bias (Fig. 6 shows 1 and 3 V only); bound inferred by the authors from the trend with bias.
sia2022-c,bw3db_reference,unspecified,unspecified,n/a,"p.5, Fig. 6",It can be concluded with certainty that the bandwidth of the RAMZI exceeds 17.5 GHz when Vbias is larger than 3 v,No trace or normalization shown for this bias.
sia2022-c,integration,,foundry_native,n/a,"p.2, Sec. II","The modulator is fabricated on the 220 nm silicon-on-insulator platform, based on our developed platform; the platform is available commercially to all",Native Si PN racetrack and MZI in a commercially available SOI process (foundry not named); no added EO material.
sia2022-c,physical_device_id,,sia2022-ramzm,n/a,"p.4, Sec. III","Vbias = 0, 1, 3, 5, 7, 8 v are applied to a bias tee, sent to the RAMZM via the RF probe",One RAMZM measured at several reverse biases; rows are bias operating points.
sia2022-d,bw_method,,indirect,n/a,"p.4-5, Fig. 6",It can be concluded with certainty that the bandwidth of the RAMZI exceeds 17.5 GHz when Vbias is larger than 3 v,No response shown at this bias (Fig. 6 shows 1 and 3 V only); bound inferred by the authors from the trend with bias.
sia2022-d,bw3db_reference,unspecified,unspecified,n/a,"p.5, Fig. 6",It can be concluded with certainty that the bandwidth of the RAMZI exceeds 17.5 GHz when Vbias is larger than 3 v,No trace or normalization shown for this bias.
sia2022-d,integration,,foundry_native,n/a,"p.2, Sec. II","The modulator is fabricated on the 220 nm silicon-on-insulator platform, based on our developed platform; the platform is available commercially to all",Native Si PN racetrack and MZI in a commercially available SOI process (foundry not named); no added EO material.
sia2022-d,physical_device_id,,sia2022-ramzm,n/a,"p.4, Sec. III","Vbias = 0, 1, 3, 5, 7, 8 v are applied to a bias tee, sent to the RAMZM via the RF probe",One RAMZM measured at several reverse biases; rows are bias operating points.
su2026-a,bw_method,,eo_s21,n/a,"p.3, Fig. 3(d)",Microwave transmission S21 and reflection S11 were gauged using a light wave component analyzer (LCA).,LCA EO S21 at 1550 nm; no 3 dB crossing up to the 110 GHz instrument limit.
su2026-a,bw3db_reference,unspecified,low_freq_unstated,n/a,"p.3, Fig. 3(d)","[fig] EO response S21 in dB from about 0 GHz, near 0 dB to 110 GHz with +/-1 dB ripple, dashed -3 dB line; no reference frequency stated",Normalized to the low-frequency level; no numeric reference frequency (previous value unspecified).
su2026-a,il_onchip_scope,,device_total,n/a,"p.2, Sec. 3","The measured total insertion loss of the modulator is 11.81 dB, while the on-chip propagation loss is 0.86 dB at 1550 nm, with each grating coupler contributing 5.45 dB","Total minus two grating couplers (arithmetic gives 0.91 dB): MMIs, waveguides, electrodes; couplers excluded. Text calls it propagation loss."
su2026-a,vpi_dc_v,,move_to_context,n/a,"p.3, Fig. 3(c)","As shown in Fig.3(c), the hybrid CaTiO3/LN modulator exhibited a half-wave voltage length product as low as 1.3",Paper states only VpiL 1.3 V cm; Vpi in volts is VpiL / 0.1 cm = 13 V (derived); Fig. 3(c) markers span about 14 V.
su2026-a,GENERAL,,,n/a,,,"No statistic, temperature or r_eff stated; nothing filled."
sun2026-a,tuning_nm_per_v,0.0474,0.0474,n/a,"p.3, Fig. 3(e)",Phase modulation efficiency was measured for 31 of the 40 designs on a single die,"Sign not stated: efficiency plotted in pm/V as a magnitude, bias polarity and direction not given; value kept."
sun2026-a,GENERAL,,,n/a,,,Group mean read from Fig. 3(e) but paper does not label it mean; statistic left empty. No temperature or r_eff.
sun2026-b,tuning_nm_per_v,0.0426,0.0426,n/a,"p.3, Fig. 3(e)",Phase modulation efficiency was measured for 31 of the 40 designs on a single die,"Sign not stated: efficiency plotted in pm/V as a magnitude, bias polarity and direction not given; value kept."
sun2026-b,GENERAL,,,n/a,,,"Reference rings, group value read from Fig. 3(e); statistic left empty. No temperature or r_eff."
sun2026a-a,integration,other,epitaxial_on_silicon,n/a,"p.14, Methods 4.4",The BTO film was subsequently deposited by off-axis RF magnetron sputtering at a substrate temperature of 700 ◦C,BTO sputtered epitaxially on an MBE SrTiO3 buffer on a Si/SOI wafer (not transferred); TiO2 and Au processed on top afterwards.
sun2026a-a,tuning_nm_per_v,0.057,-0.057,n/a,"p.7, Sec. 2.2","With increasing voltage, the resonance blueshifts continuously.","Blue shift for increasing positive voltage (0 to 100 V), so signed value is negative; text quotes magnitude 0.057 nm/V."
sun2026a-a,r_eff_pm_per_v,,122,derived,"p.7, Sec. 2.2; Methods 4.9","yielding reff,exp ≈118 pm/V and 126 pm/V, respectively","Two author estimates (simulation scaling 118, perturbation theory 126); 122 is their mean (ours). Component not specified (effective, a-oriented BTO). Borderline."
sun2026a-a,GENERAL,,,n/a,,,No statistic or temperature stated; physical_device_id not applicable (separate 2 mm device).
sun2026a-b,bw_method,,eo_s21,n/a,"p.10, Fig. 4(d); Methods 4.10","The measured S21,dB responses therefore characterize the electro-optic bandwidths of the devices.","VNA port 1 drive, EDFA and 12 GHz photodetector to port 2; cable and bias-tee losses de-embedded; 3 dB crossing observed."
sun2026a-b,bw3db_reference,unspecified,low_freq_unstated,n/a,"p.9, Fig. 4(d)","[fig] EO |S21| in dB vs log frequency from 10 MHz, starts at 0 dB, dashed -3 dB line, f_EO -3 dB about 0.8 GHz; no reference frequency stated",Normalized to the low-frequency plateau; no numeric reference frequency (previous value unspecified).
sun2026a-b,integration,other,epitaxial_on_silicon,n/a,"p.14, Methods 4.4",The BTO film was subsequently deposited by off-axis RF magnetron sputtering at a substrate temperature of 700 ◦C,"Same BTO-on-Si growth as sun2026a-a (different wafer); BTO sputtered epitaxially on an MBE SrTiO3 buffer, not transferred."
sun2026a-b,tuning_nm_per_v,0.071,-0.071,n/a,"p.10, Sec. 2.3","Consistent with the 2 mm × 2 mm device in Fig. 3, the resonance exhibits a blueshift.","Blue shift with increasing voltage, so signed value is negative; text quotes magnitude 0.071 nm/V (at 100 V)."
sun2026a-b,r_eff_pm_per_v,,151,derived,"p.10, Sec. 2.3; Methods 4.9",This larger shift rate then corresponds to a larger effective Pockels coefficient of reff ≈151 pm/V.,"Average of two author estimates (147 and 156 pm/V); effective coefficient, component not specified."
taghavi2026-a,eo_effect,,pockels,n/a,"p.6, Fig. 4(e),(g)",the latter confirms the Pockels phase shift mechanism observed in FN-LC,"Fast 7.8 GHz response (basis of bw6db) is Pockels; DC Vpi, tuning and ER are birefringence-dominated (slow 119 kHz). Mixed row: (q) says separate rows. Unsure."
taghavi2026-a,bw_method,,eo_s21,n/a,"p.6, Fig. 4(a),(e)",the device was tested using the configuration depicted in Fig. 4(a),"Network analyzer swept 30 kHz-11 GHz with PD receiver; two responses seen (119 kHz slow, 7.8 GHz fast); f-6dB refers to the fast one."
taghavi2026-a,bw3db_reference,,low_freq_unstated,n/a,"p.15, Fig. 4(e)","[fig] |S21| in dB vs log frequency: slow response peaks near 0 dB at about 100 kHz, then a fast-response plateau near -30 dB falls to -6 dB at 7.8 GHz","7.8 GHz is 6 dB below the fast-response plateau (about -30 dB), not below DC or the slow peak; no numeric reference frequency."
taghavi2026-a,il_onchip_scope,,undefined,n/a,"p.14, Fig. 3(c)",and an insertion loss of ≈0.78 dB are reported,Normalized through-port spectrum; Fig. 3(c) also marks about 0.65 dB; paper never defines what the 0.78 dB includes or its normalization.
taghavi2026-a,tuning_nm_per_v,0.15,0.15,n/a,"p.5, Sec. Device characterization; Fig. 3(c)-(e)","the observed blue and red spectral shifts in response to negative and positive voltages, respectively","Text and Fig. 3(c),(d): positive voltage red-shifts, so +0.15. Fig. 3(e) axis shows resonance wavelength falling with voltage (contradiction). DC birefringence value."
taghavi2026-a,GENERAL,,,n/a,"p.6, aging test",The ambient temperature was varied from 5◦C to 55◦C in 5◦C increments,"Aging-test range, not the measurement temperature of the reported metrics; temperature_k left empty. No statistic or r_eff stated."
thiele2022-a,drive,,not_applicable,n/a,"p.2-4, Fig. 1",Each device functions by coupling,Stand-alone phase modulator (single waveguide or coupler); no MZM-like arm topology; drive not applicable.
thiele2022-a,integration,,monolithic,n/a,"p.5-6, Sec. 3 fabrication",the waveguides are realised by titanium in-diffusion,Ti in-diffused waveguides and electrodes directly on bulk z-cut LN; no bonding or transfer; no enum value fits better. Unsure.
thiele2022-a,temperature_k,,296,measured,"p.7, Table 2",temperature [K],Table 2 ambient 296 K; no unit conversion.
thiele2022-a,physical_device_id,,thiele2022-phase-modulator,n/a,"p.6, Sec. 4",the sample is mounted in the cryostat for the characterisation at both ambient and cryogenic temperatures,Same sample measured at ambient and cryogenic temperature; rows are temperature operating points.
thiele2022-b,drive,,not_applicable,n/a,"p.2-4, Fig. 1",Each device functions by coupling,Stand-alone phase modulator (single waveguide or coupler); no MZM-like arm topology; drive not applicable.
thiele2022-b,integration,,monolithic,n/a,"p.5-6, Sec. 3 fabrication",the waveguides are realised by titanium in-diffusion,Ti in-diffused waveguides and electrodes directly on bulk z-cut LN; no bonding or transfer; no enum value fits better. Unsure.
thiele2022-b,temperature_k,,8.5,measured,"p.7, Table 2",temperature [K],Table 2 minimum 8.5 K; abstract says below 8.5 K.
thiele2022-b,physical_device_id,,thiele2022-phase-modulator,n/a,"p.6, Sec. 4",the sample is mounted in the cryostat for the characterisation at both ambient and cryogenic temperatures,Same sample measured at ambient and cryogenic temperature; rows are temperature operating points.
thiele2022-c,drive,,not_applicable,n/a,"p.2-4, Fig. 1",Each device functions by coupling,Stand-alone directional coupler (single waveguide or coupler); no MZM-like arm topology; drive not applicable.
thiele2022-c,integration,,monolithic,n/a,"p.5-6, Sec. 3 fabrication",the waveguides are realised by titanium in-diffusion,Ti in-diffused waveguides and electrodes directly on bulk z-cut LN; no bonding or transfer; no enum value fits better. Unsure.
thiele2022-c,temperature_k,,296,measured,"p.7, Table 2",temperature [K],Table 2 ambient 296 K.
thiele2022-c,physical_device_id,,thiele2022-directional-coupler,n/a,"p.6, Sec. 4",the sample is mounted in the cryostat for the characterisation at both ambient and cryogenic temperatures,Same sample measured at ambient and cryogenic temperature; rows are temperature operating points.
thiele2022-d,drive,,not_applicable,n/a,"p.2-4, Fig. 1",Each device functions by coupling,Stand-alone directional coupler (single waveguide or coupler); no MZM-like arm topology; drive not applicable.
thiele2022-d,integration,,monolithic,n/a,"p.5-6, Sec. 3 fabrication",the waveguides are realised by titanium in-diffusion,Ti in-diffused waveguides and electrodes directly on bulk z-cut LN; no bonding or transfer; no enum value fits better. Unsure.
thiele2022-d,temperature_k,,5,measured,"p.7, Table 2",temperature [K],Table 2 cryogenic 5 K.
thiele2022-d,physical_device_id,,thiele2022-directional-coupler,n/a,"p.6, Sec. 4",the sample is mounted in the cryostat for the characterisation at both ambient and cryogenic temperatures,Same sample measured at ambient and cryogenic temperature; rows are temperature operating points.
thiele2022-e,drive,,not_applicable,n/a,"p.2-4, Fig. 1",Each device functions by coupling,Stand-alone polarisation converter (single waveguide or coupler); no MZM-like arm topology; drive not applicable.
thiele2022-e,integration,,monolithic,n/a,"p.5-6, Sec. 3 fabrication",the waveguides are realised by titanium in-diffusion,Ti in-diffused waveguides and electrodes directly on bulk z-cut LN; no bonding or transfer; no enum value fits better. Unsure.
thiele2022-e,temperature_k,,296,measured,"p.7, Table 2",temperature [K],Table 2 ambient 296 K; p.13 text writes 295 K once.
thiele2022-e,physical_device_id,,thiele2022-pol-converter,n/a,"p.6, Sec. 4",the sample is mounted in the cryostat for the characterisation at both ambient and cryogenic temperatures,Same sample measured at ambient and cryogenic temperature; rows are temperature operating points.
thiele2022-f,drive,,not_applicable,n/a,"p.2-4, Fig. 1",Each device functions by coupling,Stand-alone polarisation converter (single waveguide or coupler); no MZM-like arm topology; drive not applicable.
thiele2022-f,integration,,monolithic,n/a,"p.5-6, Sec. 3 fabrication",the waveguides are realised by titanium in-diffusion,Ti in-diffused waveguides and electrodes directly on bulk z-cut LN; no bonding or transfer; no enum value fits better. Unsure.
thiele2022-f,temperature_k,,5,measured,"p.7, Table 2",temperature [K],Table 2 cryogenic 5 K.
thiele2022-f,physical_device_id,,thiele2022-pol-converter,n/a,"p.6, Sec. 4",the sample is mounted in the cryostat for the characterisation at both ambient and cryogenic temperatures,Same sample measured at ambient and cryogenic temperature; rows are temperature operating points.
tiberi2025-a,bw_method,,eo_s21,n/a,"p.14, Fig. 9(a)-(b)","port 1 of the VNA is connected to the DSLG modulator, while port 2 to the photodiode. The measured S21 shows the modulator EO-BW.",VNA S21 with photodiode; PD and probe response calibrated out; f3dB extrapolated from an upper-envelope fit.
tiberi2025-a,bw3db_reference,unspecified,low_freq_unstated,n/a,"p.15, Fig. 9(b)","f3dB is extrapolated from -55.5 to -58.5dB, as indicated by the dashed grey lines in Fig.9b.","Reference is the low-frequency plateau at about -55.5 dB (absolute S21), not DC; no numeric reference frequency."
tiberi2025-a,il_onchip_scope,,excess_over_reference,n/a,"p.13, Fig. 8 caption; p.2",Optical transmission normalized to device optical loss before fabrication,IL = alpha x L of the active region relative to the waveguide loss before graphene fabrication; grating couplers excluded.
tiberi2025-a,GENERAL,,,n/a,,,"No statistic, temperature or r_eff stated; nothing filled."
tiberi2025-b,bw_method,,unspecified,n/a,"p.3, Table I",[fig] Table I lists f3dB 17 GHz for the 20 um device; no S21 trace or method is shown for it,Paper simulates 24-28 GHz for this design; 17 GHz provenance not stated.
tiberi2025-b,bw3db_reference,unspecified,unspecified,n/a,"p.3, Table I",[fig] Table I lists f3dB 17 GHz for the 20 um device; no S21 trace or method is shown for it,No response curve or normalization shown.
tiberi2025-b,il_onchip_scope,,excess_over_reference,n/a,"p.13, Fig. 8 caption; p.2",Optical transmission normalized to device optical loss before fabrication,IL relative to the waveguide loss before graphene fabrication (Fig. 8(a)); grating couplers excluded.
tiberi2025-b,GENERAL,,,n/a,,,"No statistic, temperature or r_eff stated; nothing filled."
tiberi2025-c,GENERAL,,,n/a,,,"No statistic, temperature or r_eff stated; nothing filled."
tran2026-a,eo_effect,,qcse,n/a,"p.1, Sec. 2",The p-i-n heterostructure MZM chip was fabricated on HHI’s InP platform.,Default rule for InP rows: qcse. Paper names no mechanism and no MQW (only p-i-n heterostructure); unsure.
tran2026-a,bw_method,,eo_s21,n/a,"p.2, Sec. 3; Fig. 1 left",the modulator was characterized by electro-optical (EO) chip measurements performed with a 110 GHz lightwave component analyzer,LCA chip-level EO response; 76 GHz is an estimate after normalizing at about 10 GHz beyond the 85/50 ohm mismatch dip.
tran2026-a,bias_for_vpi_v,5,5,n/a,"p.2, Sec. 3",yields an estimated 3 dB-bandwidth of 76 GHz and a Vπ = 3.1 V at 5 V bias voltage,"Polarity not stated (no reverse/forward wording); value kept unsigned, convention (v) not applicable without source sign."
tran2026-a,temperature_k,,313.15,derived,"p.2, Sec. 3",Measurements were performed at 40 °C under temperature control using a thermoelectric cooler (TEC).,System-level measurements; chip EO test temperature not stated. K = 40 + 273.15. Borderline for the Vpi and BW fields.
valdez2022-a,bw3db_reference,unspecified,low_freq_unstated,n/a,"p.8, Fig. 5(a)","[fig] EOR in dBe vs frequency, OSA points and LCA trace start at 0 dB near the lowest frequency, dashed -3 dB line; no reference frequency stated",Normalized at the lowest plotted frequency; no numeric reference frequency (previous value unspecified). LCA trace covers 100 MHz-110 GHz.
valdez2022-a,il_onchip_scope,,device_total,n/a,"p.10, Methods; Fig. 6","the individual component losses of the MZM were subtracted from the total transmission, resulting in an edge coupling loss of 5.2 dB/facet and an on-chip loss of 1.8 dB","Total minus edge couplers: MMIs, transitions, hybrid section and phase-shifter section (0.4 dB) included; fiber facets excluded."
valdez2022-a,GENERAL,,,n/a,,,"VpiL is an average over 0.1-10 MHz drive frequencies, not a replicate statistic; no temperature or r_eff stated; nothing filled."
wang2018-mzi,bw_method,,eo_s21,n/a,"p.3-4, Fig. 4(a),(c)",characterize using a network analyzer and a high-speed photodiode,"VNA with high-speed photodiode (dashed path in Fig. 4(a)); 3 dB point about 15 GHz, RC limited."
wang2018-mzi,bw3db_reference,unspecified,low_freq_unstated,n/a,"p.4, Fig. 4(c)","[fig] EO S21 in dB vs log frequency from about 0.03 GHz, flat near 0 dB at low frequency, no reference frequency stated",Normalized to the low-frequency level; no numeric reference frequency (previous value unspecified).
wang2018-mzi,il_onchip_scope,,device_total,n/a,p.3,The resulting MZI and racetrack structures have low on-chip insertion loss of ∼2 dB and ∼1 dB respectively (with additional ∼5 dB/facet coupling loss).,"Stated for the MZI structure as a whole (Y-splitters, waveguides), fiber coupling excluded; method not given and device not specifically identified."
wang2018-mzi,GENERAL,,,n/a,,,"No statistic, temperature (only a delta T = 20 degC heating test) or r_eff stated; nothing filled."
wang2018-rt-eye,extinction_ratio_db,3,3,measured,"p.4-5, Fig. 4(d)",The measured extinction ratios of our modulators are 3 dB and 8 dB,Dynamic (eye-diagram) ER; no static ER value stated for this racetrack; er_type dynamic kept.
wang2018-rt-eye,er_type,dynamic,dynamic,n/a,"p.4, Fig. 4 caption",The extinction ratios in d and e are 3 dB and 8 dB for racetrack resonator and MZI respectively.,Eye-diagram ER only.
wang2018-rt-eye,GENERAL,,,n/a,,,"No statistic, temperature or r_eff stated; nothing filled."
wang2018-rt-q18k,bw3db_reference,unspecified,unspecified,n/a,p.4,The resulting 3 dB bandwidths are 40 GHz and 11 GHz respectively.,"Text-only value (photon-lifetime check), no curve shown; reference not stated."
wang2018-rt-q18k,GENERAL,,,n/a,,,"No statistic, temperature or r_eff stated; nothing filled."
wang2018-rt-q50k,tuning_nm_per_v,0.007,0.007,n/a,"p.3, Fig. 3(a)-(b)",[fig] Fig. 3(a) dips move to longer wavelength in +3 V steps; Fig. 3(b) resonance shift rises from 0 to about 108 pm for 0 to 15 V,"Red shift for positive DC voltage, so +7.0 pm/V; text quotes the magnitude."
wang2018-rt-q50k,GENERAL,,,n/a,,,"No statistic, temperature or r_eff stated; nothing filled."
wang2018-rt-q5p7k,bw3db_reference,unspecified,unspecified,n/a,p.4,"We confirm the lifetime limited bandwidth by testing additional resonators with Qs of 5,700 and 18,000.","Text-only value (photon-lifetime check), no curve shown; reference not stated."
wang2018-rt-q5p7k,GENERAL,,,n/a,,,"No statistic, temperature or r_eff stated; nothing filled."
wang2018-rt-q8k,bw3db_reference,unspecified,low_freq_unstated,n/a,"p.4, Fig. 4(b)","[fig] EO S21 in dB vs log frequency from about 0.03 GHz, flat near 0 dB at low frequency, no reference frequency stated",Normalized to the low-frequency level; no numeric reference frequency (previous value unspecified).
wang2018-rt-q8k,GENERAL,,,n/a,,,"No statistic, temperature or r_eff stated; nothing filled."
wang2024b-a,bw_method,,eo_s21,n/a,"p.4, Fig. 3(f); Methods","The S21 response (ratio of powers) was measured by a 67 GHz vector network analyser (VNA, R&S ZNA67).","VNA with 50 GHz photodiode; S21 as power ratio, plotted to 50 GHz; trace near -3 dB at 35-43 GHz."
wang2024b-a,bw3db_reference,unspecified,low_freq_unstated,n/a,"p.4, Fig. 3(f)","[fig] electro-optic S21 in dB vs 0-50 GHz, trace starts near 0 dB at low frequency, dashed -3 dB and -6 dB lines; no reference frequency stated",Normalized to the low-frequency level; no numeric reference frequency (previous value unspecified).
wang2024b-a,physical_device_id,,wang2024b-mzm-2p5mm,n/a,"p.4, Fig. 3(g) caption","Normalized optical transmission as a function of applied voltage on travelling-wave electrodes at wavelengths of 1,310 nm and 1,550 nm",One 2.5 mm MZM measured at 1310 and 1550 nm; rows a and b are wavelength operating points.
wang2024b-b,physical_device_id,,wang2024b-mzm-2p5mm,n/a,"p.4, Fig. 3(g) caption","Normalized optical transmission as a function of applied voltage on travelling-wave electrodes at wavelengths of 1,310 nm and 1,550 nm",One 2.5 mm MZM measured at 1310 and 1550 nm; rows a and b are wavelength operating points.
wang2024b-c,GENERAL,,,n/a,,,"No statistic, temperature or r_eff stated; nothing filled."
weckenmann2026-a,integration,,foundry_native,n/a,"p.1, Sec. 2",Each of the eight MRMs (four per I/Q modulator) is monitored at the drop port using on-chip Ge photodetectors (PDs),"Si plasma-dispersion rings with on-chip Ge PDs and heaters imply a native SiPh process, but fab and process are not stated. Unsure."
weckenmann2026-a,GENERAL,,,n/a,,,"No statistic, temperature or r_eff stated; nothing filled."
wu2025-a,bw_method,,eo_s21,n/a,"p.6, Sec. Modulator; Fig. 3(e)","The small-signal electro-optic (EO) response of the modulator was measured using a vector network analyzer (VNA, Keysight N5227B) and a 110 GHz optical component analyzer",VNA and 110 GHz optical component analyzer; EO S21; crossing near 90-100 GHz within the 110 GHz range.
wu2025-a,bw3db_reference,unspecified,low_freq_unstated,n/a,"p.7, Fig. 3(e)","[fig] EO S21 in dB, 0 dB at the lowest plotted frequency, rises to about +3 dB below 5 GHz (termination mismatch), dashed -3 dB line; no reference frequency stated","Referenced to the 0 dB level at the lowest plotted frequency, not to the +3 dB low-frequency peak; no numeric reference frequency."
wu2025-a,GENERAL,,,n/a,,,"No statistic, temperature or r_eff stated; nothing filled."
xu2026b-a,bw_method,,eo_s21,n/a,"p.2, Fig. 3(c)",We then measured the high-frequency EO frequency response of the same device.,"Measured EO S21 (instrument not named; 110 GHz photodetector in setup); trace touches about -3 dB near 103-104 GHz, ends near -2.5 dB."
xu2026b-a,bw3db_reference,unspecified,low_freq_unstated,n/a,"p.2, Fig. 3(c)","[fig] EO response in dB vs 0-110 GHz, trace starts near 0 dB, axis -6 to 0, -3 dB line; no reference frequency stated",Normalized to the low-frequency level; no numeric reference frequency (previous value unspecified).
xu2026b-a,il_onchip_scope,,device_total,n/a,"p.2, Sec. 2","a fiber-to-fiber insertion loss of ∼12 dB, including 2.4 dB on-chip loss","Remainder is fiber-to-chip coupling; on-chip loss covers the whole MZM (splitters, 18 mm waveguide, electrodes). Not itemised."
xu2026b-a,GENERAL,,,n/a,,,"Vpi is an average over 1 Hz-10 kHz drive frequencies, not a replicate statistic; no temperature or r_eff stated; nothing filled."
zhong2026-a,bw_method,,eo_s21,n/a,"p.5, Fig. 3(b)","The output signal from the PD was analyzed using a 110 GHz bandwidth lightwave component analyzer (LCA, Keysight N5227B).","LCA EO S21 at -3 V bias at three detunings (-1, -2, -3 dB from transmission max); headline 110 GHz is the -3 dB detuning trace."
zhong2026-a,tuning_nm_per_v,0.08,-0.08,n/a,"p.4, Fig. 2(c)",This results in a redshift of the resonance wavelength of the PCNC,Reverse bias red-shifts (160 pm from -2 V to -4 V); with reverse bias as negative voltage the slope is -80 pm/V. Text quotes magnitude only.
zhong2026-a,extinction_ratio_db,0.6,0.6,measured,"p.5, Fig. 4(e)","The measured ERs of the open eyes were 1, 0.9, 0.7, and 0.6 dB, respectively.",Dynamic eye ER at 110 Gb/s; no static or resonance-dip ER stated for this cavity; er_type dynamic kept.
zhong2026-a,er_type,dynamic,dynamic,n/a,"p.5, Fig. 4(e)","The measured ERs of the open eyes were 1, 0.9, 0.7, and 0.6 dB, respectively.",Eye-diagram ER only (theory about 2 dB at 2 Vpp).
zhong2026-a,GENERAL,,,n/a,,,"Uniformity on other devices only qualitative (Supp. Note 4, not cached); no statistic, temperature or r_eff stated; nothing filled."
zhou2026-a,bw_method,,eo_s21,n/a,"p.1-2, Sec. 2; Fig. 1",Fig.1 shows the measured EO S21 response and Vπ of TFLN MZM,"Measured EO S21 to about 67 GHz (1 dB roll-off); instrument not named; extrapolated >140 GHz follows a simulation curve, not entered."
zhou2026-a,bw3db_reference,unspecified,low_freq_unstated,n/a,"p.2, Fig. 1","[fig] S21 in dB vs 0-150 GHz: measured trace near 0 dB from low frequency to about 67 GHz, dotted simulation curve beyond, dashed -3 dB line; no reference frequency stated",Normalized to the low-frequency level; no numeric reference frequency (previous value unspecified).
zhou2026-a,integration,,monolithic,n/a,"p.1, Sec. 2",The TFLN MZM is designed and fabricated by Liobate Technology.,Thin-film LN MZM with no integration process described; monolithic by analogy with other TFLN rows. Unsure.
zhou2026-a,extinction_ratio_db,2.4,2.4,extracted_from_figure,"p.2, Fig. 2 (right)",Transmitter characteristics are quantified via transmitter dispersion eye closure quaternary (TDECQ) and extinction ratio (ER) measurements by the DCA.,Dynamic DCA ER at 182.5 GBd read from the ER curve; no static ER stated; er_type dynamic kept.
zhou2026-a,er_type,dynamic,dynamic,n/a,"p.2, Fig. 2",Transmitter characteristics are quantified via transmitter dispersion eye closure quaternary (TDECQ) and extinction ratio (ER) measurements by the DCA.,DCA eye ER only.
zhou2026-a,max_line_rate_gbps,,move_to_context,n/a,p.1-2,The symbol rate scalability is currently constrained by arbitrary waveform generator (AWG) with 25dB RF loss at 100GHz.,"Paper states baud rates and 400G/lane framing only; 365 Gb/s (182.5 GBd x 2) is our arithmetic, not stated for the measured point."
zhou2026-a,GENERAL,,,n/a,,,"No statistic, temperature or r_eff stated; nothing filled."
