paper_id,device_id,tasks
aihara2026,aihara2026-a,EO_EFFECT;BW_METHOD;INTEGRATION;GENERAL
aimone2026,aimone2026-a,BW_METHOD;BW_REF;INTEGRATION;ORPHAN_DERIVED:max_line_rate_gbps;GENERAL
akazawa2026,akazawa2026-a,EO_EFFECT;IL_SCOPE;DRIVE_OTHER;GENERAL
arabjuneghani2022,arabjuneghani2022-a,BW_REF;GENERAL
arabjuneghani2022,arabjuneghani2022-b,BW_METHOD;BW_REF;GENERAL
bao2026a,bao2026a-a,BW_METHOD;DRIVE_CHECK;INTEGRATION;TUNING_SIGN;GENERAL
bao2026a,bao2026a-b,BW_METHOD;INTEGRATION;GENERAL
bao2026b,bao2026b-a,BW_METHOD;DRIVE_CHECK;INTEGRATION;TUNING_SIGN;GENERAL
berman2026,berman2026-a,TUNING_SIGN;GENERAL
berman2026,berman2026-b,TUNING_SIGN;GENERAL
berman2026,berman2026-c,BW_REF;DRIVE_OTHER;GENERAL
bhasker2026,bhasker2026-a,EO_EFFECT;BW_METHOD;DRIVE_CHECK;ER_DYNAMIC;GENERAL
cai2025,cai2025-a,BW_METHOD;GENERAL
cai2025,cai2025-b,GENERAL
cai2026,cai2026-a,BW_METHOD;GENERAL
cai2026,cai2026-b,GENERAL
celik2022,celik2022-a,BW_METHOD;GENERAL
chen2022,chen2022-a,BW_METHOD;BW_REF;IL_SCOPE;GENERAL
chen2022,chen2022-b,BW_METHOD;BW_REF;IL_SCOPE;GENERAL
chen2022,chen2022-c,BW_METHOD;BW_REF;IL_SCOPE;GENERAL
chen2023a,chen2023a-air,GENERAL
chen2023a,chen2023a-glycerol,BW_METHOD;BW_REF;IL_SCOPE;GENERAL
chiang2025,chiang2025-a,EO_EFFECT;BW_METHOD;BW_REF;BIAS_SIGN;GENERAL
churaev2023,churaev2023-a,GENERAL
churaev2023,churaev2023-b,GENERAL
churaev2023,churaev2023-c,GENERAL
deng2026,deng2026-a,BW_METHOD;BW_REF;GENERAL
deng2026a,deng2026a-a,BW_METHOD;INTEGRATION;ER_DYNAMIC;GENERAL
deng2026a,deng2026a-b,BW_METHOD;INTEGRATION;GENERAL
derose2012,derose2012-a,BW_METHOD;BW_REF;GENERAL
derose2012,derose2012-b,BW_METHOD;BW_REF;GENERAL
derose2012,derose2012-c,GENERAL
didier2026,didier2026-a,BW_METHOD;BW_REF;IL_SCOPE;GENERAL
didier2026,didier2026-b,BW_METHOD;BW_REF;GENERAL
didier2026,didier2026-c,BW_METHOD;BW_REF;GENERAL
didier2026,didier2026-d,BW_METHOD;BW_REF;GENERAL
didier2026,didier2026-e,IL_SCOPE;GENERAL
didier2026,didier2026-f,GENERAL
didier2026,didier2026-g,GENERAL
didier2026,didier2026-h,GENERAL
dong2026,dong2026-a,BW_METHOD;INTEGRATION;ELECTRODE;ER_DYNAMIC;GENERAL
falcone2026,falcone2026-a,BIAS_SIGN;GENERAL
falcone2026,falcone2026-b,GENERAL
feng2022,feng2022-a,IL_SCOPE;GENERAL
feng2022,feng2022-b,GENERAL
fukui2025,fukui2025-a,BW_METHOD;BW_REF;TUNING_SIGN;GENERAL
fukui2025,fukui2025-b,BW_METHOD;BW_REF;TUNING_SIGN;GENERAL
gao2024,gao2024-a,DRIVE_OTHER;SIDEWALL;GENERAL
geravand2025,geravand2025-a,TUNING_SIGN;GENERAL
geravand2025,geravand2025-b,BW_METHOD;IL_SCOPE;GENERAL
giambra2021,giambra2021-a,BW_METHOD;BW_REF;GENERAL
giambra2021,giambra2021-b,BW_METHOD;BW_REF;GENERAL
giambra2021,giambra2021-c,BW_METHOD;BW_REF;GENERAL
giambra2021,giambra2021-d,BW_METHOD;BW_REF;GENERAL
gong2026,gong2026-a,BW_METHOD;ER_DYNAMIC;GENERAL
gong2026,gong2026-b,BW_METHOD;GENERAL
gui2022,gui2022-a,BW_METHOD;IL_SCOPE;GENERAL
gui2022,gui2022-b,BW_METHOD;IL_SCOPE;GENERAL
guo2026,guo2026-a,BW_METHOD;BW_REF;POWER_HANDLING;GENERAL
guo2026,guo2026-b,GENERAL
gupta2023,gupta2023-a,BW_METHOD;BW_REF;GENERAL
gupta2023,gupta2023-b,BW_METHOD;BW_REF;GENERAL
gupta2023,gupta2023-c,BW_METHOD;BW_REF;GENERAL
gupta2023,gupta2023-d,GENERAL
gupta2023,gupta2023-e,GENERAL
han2023,han2023-a,BW_METHOD;ER_DYNAMIC;GENERAL
he2019,he2019-a,BW_METHOD;BW_REF;IL_SCOPE;GENERAL
he2019,he2019-b,BW_METHOD;BW_REF;GENERAL
heidari2022,heidari2022-a,BW_METHOD;BW_REF;IL_SCOPE;GENERAL
hess2026,hess2026-a,BW_METHOD;BW_REF;IL_SCOPE;INTEGRATION;GENERAL
hou2024,hou2024-a,DRIVE_CHECK;GENERAL
hou2024,hou2024-b,TUNING_SIGN;GENERAL
hsu2024,hsu2024-a,BW_METHOD;IL_SCOPE;INTEGRATION;TUNING_SIGN;GENERAL
hsu2024,hsu2024-b,BW_METHOD;BW_REF;IL_SCOPE;INTEGRATION;TUNING_SIGN;GENERAL
hu2023,hu2023-a,BW_METHOD;BW_REF;GENERAL
hu2023,hu2023-b,BW_METHOD;BW_REF;GENERAL
hu2026,hu2026-a,BW_METHOD;BW_REF;IL_SCOPE;TUNING_SIGN;GENERAL
hu2026,hu2026-b,BW_METHOD;BW_REF;GENERAL
hu2026a,hu2026a-ch1,BW_METHOD;BW_REF;ARRAY_ER;GENERAL
hu2026a,hu2026a-ch2,BW_METHOD;BW_REF;ARRAY_ER;GENERAL
hu2026a,hu2026a-ch3,BW_METHOD;BW_REF;ARRAY_ER;GENERAL
hu2026a,hu2026a-ch4,BW_METHOD;BW_REF;ARRAY_ER;GENERAL
hu2026a,hu2026a-ch5,BW_METHOD;BW_REF;ARRAY_ER;GENERAL
hu2026a,hu2026a-ch6,BW_METHOD;BW_REF;ARRAY_ER;GENERAL
hu2026a,hu2026a-ch7,BW_METHOD;BW_REF;ARRAY_ER;GENERAL
hu2026a,hu2026a-ch8,BW_METHOD;BW_REF;ARRAY_ER;GENERAL
huang2026,huang2026-a,BW_METHOD;BW_REF;INTEGRATION;GENERAL
huang2026,huang2026-b,BW_METHOD;BW_REF;INTEGRATION;GENERAL
hulyal2026,hulyal2026-a,ORPHAN_DERIVED:vpil_dc_vcm;ORPHAN_DERIVED:max_line_rate_gbps;GENERAL
johnson2025,johnson2025-200g-a,GENERAL
johnson2025,johnson2025-200g-b,BW_METHOD;GENERAL
johnson2025,johnson2025-200g-best,GENERAL
johnson2025,johnson2025-200g-c,BW_METHOD;GENERAL
johnson2025,johnson2025-200g-design,BW_METHOD;BW_REF;GENERAL
johnson2025,johnson2025-400g-a,BW_METHOD;GENERAL
johnson2025,johnson2025-400g-b,BW_METHOD;GENERAL
johnson2025,johnson2025-400g-design,GENERAL
karakida2026,karakida2026-a,BW_METHOD;INTEGRATION;TUNING_SIGN;GENERAL
kari2025,kari2025-a,BW_REF;IL_SCOPE;GENERAL
kari2025,kari2025-b,BW_REF;IL_SCOPE;GENERAL
kari2025,kari2025-c,GENERAL
kari2025,kari2025-d,GENERAL
kari2025,kari2025-e,ER_DYNAMIC;GENERAL
kawahara2025,kawahara2025-a,BW_METHOD;IL_SCOPE;INTEGRATION;ER_DYNAMIC;GENERAL
kawahara2025,kawahara2025-b,BW_METHOD;INTEGRATION;ROW_KIND;GENERAL
kawahara2026,kawahara2026-a,BW_METHOD;INTEGRATION;GENERAL
kawahara2026,kawahara2026-b,BW_METHOD;INTEGRATION;GENERAL
kawahara2026,kawahara2026-c,INTEGRATION;GENERAL
kharel2021,kharel2021-a,BW_METHOD;GENERAL
kharel2021,kharel2021-b,BW_METHOD;IL_SCOPE;GENERAL
kholeif2026,kholeif2026-a,GENERAL
kieninger2020,kieninger2020-best-dc,GENERAL
kieninger2020,kieninger2020-die1-mzm1,GENERAL
kieninger2020,kieninger2020-die1-mzm2,GENERAL
kieninger2020,kieninger2020-die1-mzm3,GENERAL
kieninger2020,kieninger2020-die1-mzm4,GENERAL
kieninger2020,kieninger2020-die2-mzm1,GENERAL
kieninger2020,kieninger2020-die2-mzm2,GENERAL
kieninger2020,kieninger2020-die2-mzm3,GENERAL
kieninger2020,kieninger2020-die2-mzm4,GENERAL
kieninger2020,kieninger2020-die3-mzm1,GENERAL
kieninger2020,kieninger2020-die3-mzm2,GENERAL
kieninger2020,kieninger2020-die3-mzm3,GENERAL
kieninger2020,kieninger2020-die3-mzm4,GENERAL
kieninger2020,kieninger2020-die4-mzm1,GENERAL
kieninger2020,kieninger2020-die4-mzm2,GENERAL
kieninger2020,kieninger2020-die4-mzm3,GENERAL
kieninger2020,kieninger2020-die4-mzm4,GENERAL
kieninger2020,kieninger2020-open-ended,GENERAL
kieninger2020,kieninger2020-system-dc,GENERAL
kieninger2020,kieninger2020-system-loss-ungated,GENERAL
kieninger2020,kieninger2020-terminated,BW_METHOD;BW_REF;GENERAL
kim2025,kim2025-mzm,GENERAL
kohli2025,kohli2025-iq,BW_METHOD;INTEGRATION;GENERAL
kohli2025,kohli2025-mzm,BW_METHOD;INTEGRATION;GENERAL
kohli2025,kohli2025-rt,IL_SCOPE;INTEGRATION;TUNING_SIGN;GENERAL
kotz2026,kotz2026-a,GENERAL
larocque2024,larocque2024-a,BW_METHOD;SIDEWALL;TUNING_SIGN;GENERAL
lee2020,lee2020-a,BW_METHOD;GENERAL
lee2020,lee2020-b,BW_METHOD;GENERAL
lee2020a,lee2020a-a,BW_METHOD;BW_REF;GENERAL
lee2020a,lee2020a-b,GENERAL
lee2026,lee2026-a,BW_METHOD;GENERAL
lee2026,lee2026-b,GENERAL
lee2026,lee2026-c,GENERAL
lee2026,lee2026-d,GENERAL
lee2026,lee2026-e,DRIVE_OTHER;GENERAL
li2020,li2020-a,IL_SCOPE;TUNING_SIGN;GENERAL
li2020,li2020-b,BW_METHOD;BW_REF;GENERAL
li2020,li2020-c,BW_METHOD;BW_REF;GENERAL
li2022b,li2022b-a,BW_METHOD;BW_REF;GENERAL
li2025a,li2025a-a,BW_METHOD;BW_REF;ER_DYNAMIC;GENERAL
li2025b,li2025b-a,BW_METHOD;GENERAL
li2025b,li2025b-b,BW_METHOD;DRIVE_CHECK;TUNING_SIGN;GENERAL
li2025b,li2025b-c,GENERAL
li2025b,li2025b-d,GENERAL
li2026,li2026-a,BW_METHOD;GENERAL
li2026a,li2026a-a,BW_METHOD;BW_REF;INTEGRATION;GENERAL
li2026a,li2026a-b,INTEGRATION;GENERAL
li2026aa,li2026aa-a,BW_METHOD;BW_REF;IL_SCOPE;GENERAL
li2026aa,li2026aa-b,BW_METHOD;BW_REF;GENERAL
li2026aa,li2026aa-c,BW_METHOD;BW_REF;GENERAL
li2026aa,li2026aa-d,BW_METHOD;BW_REF;IL_SCOPE;GENERAL
li2026aa,li2026aa-e,BW_METHOD;BW_REF;GENERAL
li2026aa,li2026aa-f,BW_METHOD;BW_REF;GENERAL
li2026aa,li2026aa-g,BW_METHOD;BW_REF;IL_SCOPE;GENERAL
li2026aa,li2026aa-h,BW_METHOD;BW_REF;GENERAL
li2026b,li2026b-a,BW_METHOD;IL_SCOPE;GENERAL
li2026ba,li2026ba-a,BW_METHOD;INTEGRATION;GENERAL
li2026ba,li2026ba-b,INTEGRATION;GENERAL
lin2025,lin2025-a,BW_METHOD;BW_REF;GENERAL
lin2025,lin2025-b,BW_METHOD;BW_REF;GENERAL
lin2025,lin2025-c,GENERAL
lin2025a,lin2025a-mzi,TUNING_SIGN;GENERAL
lin2026,lin2026-a,BW_METHOD;BW_REF;GENERAL
lin2026a,lin2026a-a,BW_METHOD;BW_REF;IL_SCOPE;GENERAL
liu2021,liu2021-a,BW_METHOD;BW_REF;GENERAL
liu2023,liu2023-a,BW_METHOD;BW_REF;TUNING_SIGN;GENERAL
liu2023,liu2023-b,BW_METHOD;BW_REF;TUNING_SIGN;GENERAL
liu2023,liu2023-c,BW_METHOD;BW_REF;TUNING_SIGN;GENERAL
liu2023,liu2023-d,BW_METHOD;BW_REF;TUNING_SIGN;GENERAL
liu2025,liu2025-a,BW_METHOD;BW_REF;GENERAL
liu2025,liu2025-b,BW_METHOD;BW_REF;GENERAL
liu2025b,liu2025b-a,BW_METHOD;BW_REF;GENERAL
liu2025b,liu2025b-b,BW_METHOD;BW_REF;ER_DYNAMIC;GENERAL
liu2025c,liu2025c-a,BW_METHOD;BW_REF;INTEGRATION;GENERAL
liu2026a,liu2026a-a,BW_METHOD;BW_REF;INTEGRATION;TUNING_SIGN;GENERAL
liu2026a,liu2026a-b,BW_METHOD;BW_REF;INTEGRATION;ER_DYNAMIC;GENERAL
liu2026b,liu2026b-a,BW_METHOD;INTEGRATION;ER_DYNAMIC;GENERAL
liu2026c,liu2026c-a,BW_METHOD;INTEGRATION;ER_DYNAMIC;GENERAL
liu2026c,liu2026c-b,BW_METHOD;INTEGRATION;GENERAL
lotkov2024,lotkov2024-a,BW_METHOD;BW_REF;GENERAL
lu2020,lu2020-a,BW_METHOD;GENERAL
luan2026,luan2026-a,BW_METHOD;BW_REF;GENERAL
luan2026,luan2026-b,BW_METHOD;BW_REF;GENERAL
luan2026,luan2026-c,BW_METHOD;BW_REF;GENERAL
luan2026a,luan2026a-a,BW_REF;GENERAL
luan2026a,luan2026a-b,BW_METHOD;BW_REF;GENERAL
mao2024,mao2024-1310,GENERAL
mao2024,mao2024-1550,BW_METHOD;BW_REF;GENERAL
meng2023,meng2023-a,BW_METHOD;BW_REF;ER_DYNAMIC;GENERAL
meng2023,meng2023-b,ER_DYNAMIC;GENERAL
meng2023,meng2023-c,ER_DYNAMIC;GENERAL
montifiore2026,montifiore2026-a,BW_METHOD;GENERAL
montifiore2026,montifiore2026-b,BW_METHOD;BW_REF;GENERAL
montifiore2026,montifiore2026-c,BW_METHOD;DRIVE_CHECK;TUNING_SIGN;GENERAL
montifiore2026,montifiore2026-d,BW_METHOD;DRIVE_CHECK;TUNING_SIGN;GENERAL
navarro2026,navarro2026-a,BW_METHOD;IL_SCOPE;INTEGRATION;GENERAL
navarro2026,navarro2026-b,BW_METHOD;IL_SCOPE;INTEGRATION;GENERAL
navarro2026,navarro2026-c,BW_METHOD;IL_SCOPE;INTEGRATION;GENERAL
navarro2026,navarro2026-d,BW_METHOD;IL_SCOPE;INTEGRATION;GENERAL
navarro2026,navarro2026-e,BW_METHOD;IL_SCOPE;INTEGRATION;GENERAL
navarro2026,navarro2026-f,BW_METHOD;IL_SCOPE;INTEGRATION;GENERAL
nelan2022,nelan2022-a,BW_REF;GENERAL
nelan2022a,nelan2022a-a,GENERAL
nenezic2026,nenezic2026-case1,BW_METHOD;BW_REF;IL_SCOPE;GENERAL
nenezic2026,nenezic2026-case2,BW_METHOD;BW_REF;IL_SCOPE;GENERAL
nenezic2026,nenezic2026-case3,BW_METHOD;BW_REF;IL_SCOPE;GENERAL
niels2025a,niels2025a-a,GENERAL
niels2026,niels2026-a,BW_METHOD;BW_REF;IL_SCOPE;GENERAL
oe2026,oe2026-a,EO_EFFECT;BW_METHOD;DRIVE_CHECK;ER_DYNAMIC;GENERAL
ogiso2016,ogiso2016-a,EO_EFFECT;BW_METHOD;GENERAL
ogiso2024,ogiso2024-a,EO_EFFECT;BW_METHOD;BW_REF;IL_SCOPE;GENERAL
ogiso2024,ogiso2024-b,EO_EFFECT;BW_METHOD;BW_REF;IL_SCOPE;GENERAL
ogiso2024,ogiso2024-c,EO_EFFECT;BW_METHOD;BW_REF;GENERAL
ogiso2024,ogiso2024-d,EO_EFFECT;BW_METHOD;BW_REF;IL_SCOPE;GENERAL
okuda2026,okuda2026-a,EO_EFFECT;BW_METHOD;DRIVE_CHECK;ER_DYNAMIC;GENERAL
porto2026,porto2026-a,EO_EFFECT;ROW_KIND;GENERAL
powell2024,powell2024-a,BW_METHOD;BW_REF;IL_SCOPE;GENERAL
powell2024a,powell2024a-a,BW_METHOD;IL_SCOPE;GENERAL
prountzou2026,prountzou2026-a,BW_METHOD;BW_REF;INTEGRATION;GENERAL
prountzou2026,prountzou2026-b,BW_METHOD;BW_REF;INTEGRATION;GENERAL
qi2024,qi2024-a,BW_METHOD;GENERAL
qi2024,qi2024-b,BW_METHOD;GENERAL
qi2024,qi2024-c,BW_METHOD;GENERAL
qi2024,qi2024-d,GENERAL
qiu2026,qiu2026-a,BW_METHOD;IL_SCOPE;INTEGRATION;GENERAL
qiu2026a,qiu2026a-a,BW_METHOD;BW_REF;INTEGRATION;ELECTRODE;GENERAL
rahman2025,rahman2025-1,BW_METHOD;IL_SCOPE;GENERAL
rahman2025,rahman2025-2,BW_METHOD;IL_SCOPE;GENERAL
rahman2025,rahman2025-3,BW_METHOD;IL_SCOPE;GENERAL
rakowski2026,rakowski2026-a,BW_METHOD;IL_SCOPE;INTEGRATION;ORPHAN_DERIVED:tuning_nm_per_v;GENERAL
rakowski2026,rakowski2026-b,BW_METHOD;IL_SCOPE;INTEGRATION;ORPHAN_DERIVED:tuning_nm_per_v;GENERAL
renaud2023,renaud2023-2p5um-738,GENERAL
renaud2023,renaud2023-3um-532,GENERAL
renaud2023,renaud2023-3um-638,GENERAL
renaud2023,renaud2023-3um-738,GENERAL
renaud2023,renaud2023-3um-838,GENERAL
renaud2023,renaud2023-3um-938,GENERAL
renaud2023,renaud2023-4um-738,GENERAL
renaud2023,renaud2023-5um-738,GENERAL
renaud2023,renaud2023-pm,GENERAL
sabatti2024,sabatti2024-fh,BW_METHOD;GENERAL
sabatti2024,sabatti2024-sh,BW_METHOD;GENERAL
sayem2026a,sayem2026a-c125,TUNING_SIGN;GENERAL
sayem2026a,sayem2026a-c25,TUNING_SIGN;GENERAL
sayem2026a,sayem2026a-c95,TUNING_SIGN;GENERAL
sayem2026a,sayem2026a-m120,BW_METHOD;BW_REF;GENERAL
sayem2026a,sayem2026a-m25,BW_METHOD;BW_REF;GENERAL
sayem2026a,sayem2026a-m91,BW_METHOD;BW_REF;GENERAL
sayem2026b,sayem2026b-cm,GENERAL
sayem2026c,sayem2026c-a,BW_METHOD;BW_REF;GENERAL
sayem2026c,sayem2026c-b,GENERAL
sayem2026c,sayem2026c-c,GENERAL
sayem2026c,sayem2026c-d,GENERAL
schwarzenberger2026,schwarzenberger2026-a,BW_METHOD;IL_SCOPE;SIDEWALL;GENERAL
shamsansari2021,shamsansari2021-a,BW_METHOD;BW_REF;GENERAL
shen2021,shen2021-a,BW_METHOD;IL_SCOPE;TUNING_SIGN;GENERAL
shen2024,shen2024-a,GENERAL
shen2024,shen2024-b,GENERAL
shen2024,shen2024-c,GENERAL
shen2024,shen2024-d,BW_METHOD;BW_REF;GENERAL
shen2024,shen2024-e,IL_SCOPE;GENERAL
shen2026,shen2026-a,BW_REF;GENERAL
sia2022,sia2022-a,BW_METHOD;BW_REF;INTEGRATION;GENERAL
sia2022,sia2022-b,BW_METHOD;BW_REF;INTEGRATION;GENERAL
sia2022,sia2022-c,BW_METHOD;BW_REF;INTEGRATION;GENERAL
sia2022,sia2022-d,BW_METHOD;BW_REF;INTEGRATION;GENERAL
soma2025,soma2025-a,BW_METHOD;BW_REF;INTEGRATION;TUNING_SIGN;GENERAL
soma2025,soma2025-b,BW_METHOD;BW_REF;INTEGRATION;TUNING_SIGN;GENERAL
starnault2026,starnault2026-a,BW_METHOD;BW_REF;INTEGRATION;ER_DYNAMIC;GENERAL
starnault2026,starnault2026-b,BW_METHOD;BW_REF;INTEGRATION;GENERAL
steckler2025,steckler2025-a,BW_METHOD;BW_REF;DRIVE_CHECK;GENERAL
steckler2025,steckler2025-b,BW_METHOD;BW_REF;DRIVE_CHECK;GENERAL
steckler2025,steckler2025-c,DRIVE_CHECK;GENERAL
steckler2025,steckler2025-d,DRIVE_CHECK;GENERAL
su2026,su2026-a,BW_METHOD;BW_REF;IL_SCOPE;ORPHAN_DERIVED:vpi_dc_v;GENERAL
sun2026,sun2026-a,TUNING_SIGN;GENERAL
sun2026,sun2026-b,TUNING_SIGN;GENERAL
sun2026a,sun2026a-a,INTEGRATION;TUNING_SIGN;GENERAL
sun2026a,sun2026a-b,BW_METHOD;BW_REF;INTEGRATION;TUNING_SIGN;GENERAL
taghavi2022a,taghavi2022a-a,ORPHAN_DERIVED:vpi_dc_v;GENERAL
taghavi2022a,taghavi2022a-sim,BW_METHOD;BW_REF;GENERAL
taghavi2024,taghavi2024-a,EO_EFFECT;BW_METHOD;BW_REF;IL_SCOPE;GENERAL
taghavi2026,taghavi2026-a,EO_EFFECT;BW_METHOD;BW_REF;IL_SCOPE;TUNING_SIGN;GENERAL
tan2024,tan2024-a,BW_REF;IL_SCOPE;TUNING_SIGN;GENERAL
tanaka2026,tanaka2026-a,GENERAL
tanaka2026,tanaka2026-b,BW_METHOD;BW_REF;GENERAL
tatarczak2026,tatarczak2026-a,EO_EFFECT;BW_METHOD;GENERAL
theurer2026,theurer2026-a,EO_EFFECT;BW_METHOD;DRIVE_CHECK;GENERAL
thiele2022,thiele2022-a,DRIVE_OTHER;INTEGRATION;GENERAL
thiele2022,thiele2022-b,DRIVE_OTHER;INTEGRATION;GENERAL
thiele2022,thiele2022-c,DRIVE_OTHER;INTEGRATION;GENERAL
thiele2022,thiele2022-d,DRIVE_OTHER;INTEGRATION;GENERAL
thiele2022,thiele2022-e,DRIVE_OTHER;INTEGRATION;GENERAL
thiele2022,thiele2022-f,DRIVE_OTHER;INTEGRATION;GENERAL
tiberi2025,tiberi2025-a,BW_METHOD;BW_REF;IL_SCOPE;GENERAL
tiberi2025,tiberi2025-b,BW_METHOD;BW_REF;IL_SCOPE;GENERAL
tiberi2025,tiberi2025-c,GENERAL
tiberi2026,tiberi2026-c,GENERAL
tiberi2026,tiberi2026-d,GENERAL
tobing2026,tobing2026-a,BW_METHOD;BW_REF;GENERAL
tran2026,tran2026-a,EO_EFFECT;BW_METHOD;BIAS_SIGN;GENERAL
ulrich2025,ulrich2025-mzi,BW_REF;INTEGRATION;GENERAL
ummethala2021,ummethala2021-a,BW_METHOD;GENERAL
valdez2022,valdez2022-a,BW_REF;IL_SCOPE;GENERAL
valdez2023,valdez2023-cn1,BW_METHOD;IL_SCOPE;GENERAL
valdez2023,valdez2023-cn2,BW_METHOD;IL_SCOPE;GENERAL
valdez2023,valdez2023-cw1,BW_METHOD;GENERAL
valdez2023,valdez2023-cw2,BW_METHOD;GENERAL
valdez2023,valdez2023-on1,BW_METHOD;GENERAL
valdez2023,valdez2023-on2,BW_METHOD;GENERAL
valdez2023,valdez2023-ow1,BW_METHOD;GENERAL
valdez2023,valdez2023-ow2,BW_METHOD;GENERAL
valdez2023a,valdez2023a-a,BW_METHOD;GENERAL
valdez2023a,valdez2023a-b,BW_METHOD;IL_SCOPE;GENERAL
valdez2026,valdez2026-a,BW_METHOD;BW_REF;GENERAL
valdez2026,valdez2026-b,GENERAL
vanackere2023,vanackere2023-a,BW_METHOD;BW_REF;IL_SCOPE;GENERAL
wang2018,wang2018-mzi,BW_METHOD;BW_REF;IL_SCOPE;GENERAL
wang2018,wang2018-rt-eye,ER_DYNAMIC;GENERAL
wang2018,wang2018-rt-q18k,BW_REF;GENERAL
wang2018,wang2018-rt-q50k,TUNING_SIGN;GENERAL
wang2018,wang2018-rt-q5p7k,BW_REF;GENERAL
wang2018,wang2018-rt-q8k,BW_REF;GENERAL
wang2022a,wang2022a-a,BW_METHOD;BW_REF;GENERAL
wang2024a,wang2024a-a,BW_METHOD;GENERAL
wang2024b,wang2024b-a,BW_METHOD;BW_REF;GENERAL
wang2024b,wang2024b-b,GENERAL
wang2024b,wang2024b-c,GENERAL
wang2025,wang2025-a,BW_METHOD;BW_REF;GENERAL
wang2026a,wang2026a-a,BW_METHOD;ELECTRODE;GENERAL
wang2026a,wang2026a-b,BW_METHOD;ELECTRODE;ER_DYNAMIC;GENERAL
wang2026b,wang2026b-am,BW_METHOD;BW_REF;GENERAL
wang2026b,wang2026b-am2,GENERAL
wang2026b,wang2026b-pm,DRIVE_OTHER;GENERAL
wang2026b,wang2026b-switch,IL_SCOPE;DRIVE_OTHER;GENERAL
weckenmann2026,weckenmann2026-a,INTEGRATION;GENERAL
weigel2018,weigel2018-a,BW_REF;IL_SCOPE;GENERAL
witmer2020,witmer2020-converter,TUNING_SIGN;GENERAL
witmer2020,witmer2020-slot,BW_METHOD;BW_REF;TUNING_SIGN;GENERAL
witmer2020,witmer2020-unslotted,TUNING_SIGN;GENERAL
wolf2018a,wolf2018a-gated,BW_METHOD;BW_REF;GENERAL
wolf2018a,wolf2018a-static,BIAS_SIGN;GENERAL
wolf2018a,wolf2018a-ungated,GENERAL
wu2023,wu2023-a,BW_METHOD;BW_REF;IL_SCOPE;GENERAL
wu2023,wu2023-b,BW_METHOD;BW_REF;IL_SCOPE;GENERAL
wu2023,wu2023-c,BW_METHOD;BW_REF;IL_SCOPE;GENERAL
wu2023,wu2023-d,BW_METHOD;BW_REF;IL_SCOPE;GENERAL
wu2025,wu2025-a,BW_METHOD;BW_REF;GENERAL
xu2020,xu2020-a,BW_METHOD;IL_SCOPE;GENERAL
xu2020,xu2020-b,BW_METHOD;IL_SCOPE;GENERAL
xu2026a,xu2026a-a,BW_METHOD;IL_SCOPE;ORPHAN_DERIVED:slab_thickness_nm;GENERAL
xu2026b,xu2026b-a,BW_METHOD;BW_REF;IL_SCOPE;GENERAL
yamaguchi2026,yamaguchi2026-a,BW_METHOD;INTEGRATION;GENERAL
yamaguchi2026,yamaguchi2026-b,BW_METHOD;INTEGRATION;GENERAL
yamaguchi2026,yamaguchi2026-c,BW_METHOD;INTEGRATION;GENERAL
yang2026,yang2026-a,BW_METHOD;BW_REF;IL_SCOPE;ER_DYNAMIC;GENERAL
yin2026,yin2026-a,BW_METHOD;BW_REF;IL_SCOPE;ER_DYNAMIC;GENERAL
yin2026,yin2026-b,BW_METHOD;BW_REF;IL_SCOPE;ER_DYNAMIC;GENERAL
yin2026,yin2026-c,BW_METHOD;BW_REF;IL_SCOPE;GENERAL
yin2026,yin2026-d,BW_METHOD;BW_REF;IL_SCOPE;GENERAL
yu2024,yu2024-s0,GENERAL
yu2024,yu2024-s1,GENERAL
yu2024,yu2024-s2,GENERAL
yu2024,yu2024-s3,GENERAL
yu2026,yu2026-a,BW_REF;INTEGRATION;GENERAL
yue2023,yue2023-a,IL_SCOPE;ER_DYNAMIC;GENERAL
yue2023,yue2023-b,IL_SCOPE;ER_DYNAMIC;GENERAL
yue2025,yue2025-a,BW_METHOD;IL_SCOPE;GENERAL
yue2025,yue2025-b,BW_METHOD;IL_SCOPE;GENERAL
yue2025,yue2025-c,BW_METHOD;GENERAL
yue2025,yue2025-d,BW_METHOD;GENERAL
zhang2022,zhang2022-a,GENERAL
zhang2022,zhang2022-b,GENERAL
zhang2023,zhang2023-a,TUNING_SIGN;GENERAL
zhang2023,zhang2023-b,GENERAL
zhang2023,zhang2023-c,GENERAL
zhang2026a,zhang2026a-a,EO_EFFECT;GENERAL
zhang2026a,zhang2026a-b,EO_EFFECT;GENERAL
zhang2026b,zhang2026b-a,GENERAL
zhang2026b,zhang2026b-b,GENERAL
zhang2026b,zhang2026b-c,BW_METHOD;BW_REF;GENERAL
zheng2026,zheng2026-al1000,BW_METHOD;BW_REF;GENERAL
zheng2026,zheng2026-al500,BW_METHOD;BW_REF;GENERAL
zheng2026,zheng2026-g4,GENERAL
zheng2026,zheng2026-g5,GENERAL
zheng2026,zheng2026-g6,GENERAL
zheng2026,zheng2026-pre,IL_SCOPE;ELECTRODE;GENERAL
zhong2026,zhong2026-a,BW_METHOD;TUNING_SIGN;ER_DYNAMIC;GENERAL
zhou2026,zhou2026-a,BW_METHOD;BW_REF;INTEGRATION;ER_DYNAMIC;ORPHAN_DERIVED:max_line_rate_gbps;GENERAL
zwickel2020,zwickel2020-design-0p5mm,BW_METHOD;BW_REF;GENERAL
zwickel2020,zwickel2020-design-1mm,BW_METHOD;BW_REF;GENERAL
zwickel2020,zwickel2020-gate0,BW_METHOD;GENERAL
zwickel2020,zwickel2020-gate300,BW_METHOD;GENERAL
